학습자료명,페이지 번호,키워드명,파일명,목차명,확장자명,출처명,홈페이지주소,작성일자,데이터기준일자,제공기관코드,제공기관명
교통의 발달이 지역에 미치는 영향,,교통;열차;KTX;고속철도;초등 5학년 1학기 사회; 사회 5학년 1학기;초5 사회;초등 6학년 1학기 사회; 사회 6학년 1학기;초6 사회;환경과 조화를 이루는 국토;우리 경제의,,,,,https://www.edunet.net/contsMvGllry/view/152/2048831,,2025-04-21,B550629,한국교육학술정보원
저출산·고령화 사회,,저출산;고령화;고령화 사회;산아 제한 정책;자녀를 갖지 않으려는 이유;저출산 문제; 고령화 문제;저출산 대책;고령화 대책;초등학교 6학년 사회 우리 국토의 모습과 생활;초6 사회 ,,,,,https://www.edunet.net/contsMvGllry/view/152/9076,,2025-04-21,B550629,한국교육학술정보원
우리나라의 인구 성장,,인구 성장;인구;인구 규모;인구 성장에 미치는 요인;가족계획사업;베이비 붐;합계 출산율;출산 장려;초등학교 6학년 사회 우리 국토의 모습과 생활;초6 사회 우리 국토의 모습과 생활,,,,,https://www.edunet.net/contsMvGllry/view/152/27980,,2025-04-21,B550629,한국교육학술정보원
인구의 고령화,,촌락;고령화;저출산;초등 4학년 1학기 사회; 사회 4학년 1학기;초4 사회;촌락의 형성과 주민 생활;촌락;고령화;저출산;고령화의 원인;고령화의 문제점,,,,,https://www.edunet.net/contsMvGllry/view/152/2048824,,2025-04-21,B550629,한국교육학술정보원
전통적인 지역 구분,,전통적인 지역 구분;산과 강을 경계로 나누어지는 지역;지역 명칭 붙여진 이유;초등학교 3학년 사회 우리가 살아가는 곳;초3 사회 우리가 살아가는 곳;초등학교 3학년 사회 우리 지역,,,,,https://www.edunet.net/contsMvGllry/view/152/32684,,2025-04-21,B550629,한국교육학술정보원
행정적인 지역 구분,,행정적인 지역 구분;조선시대의 행정 구역;우리 나라의 행정구역;지역의 행정구역도;제주특별자치도;세종특별자치시;초등학교 3학년 사회 우리가 살아가는 곳;초3 사회 우리가 살아가는 곳,,,,,https://www.edunet.net/contsMvGllry/view/152/36052,,2025-04-21,B550629,한국교육학술정보원
지명 이야기,,무주;안성;함흥;지명;지역;유리;초등 3학년 1학기 사회; 사회 3학년 1학기;사람들이 모이는 곳;무주;안성;함흥;지명;지역;유리,,,,,https://www.edunet.net/contsMvGllry/view/152/2048823,,2025-04-21,B550629,한국교육학술정보원
임진왜란과 조선통신사,,임진왜란;조선통신사;임진왜란 당시 시대적 상황;부산진순절도;행주대첩도;비격진천뢰;임진왜란 이후 일본과의 교류;초등학교 5학년 사회 유교 전통이 자리 잡은 조선;초5 사회 유교 전통,,,,,https://www.edunet.net/contsMvGllry/view/152/1120,,2025-04-21,B550629,한국교육학술정보원
병자호란과 북벌운동,,병자호란;북벌운동;광해군의 실리적 외교;북벌운동;초등학교 5학년 사회 유교 전통이 자리 잡은 조선;초5 사회 유교 전통이 자리 잡은 조선;임진왜란과 병자호란,,,,,https://www.edunet.net/contsMvGllry/view/152/98819,,2025-04-21,B550629,한국교육학술정보원
환경친화적인 삶,,환경친화적인 삶;환경친화적인 삶의 필요성;환경오염;환경친화적인 삶 실천 모습;슬로푸드;환경을 생각하는 집짓기;슬로시티;초등학교 6학년 사회 우리 국토의 모습과 생활;초6 사회 우리,,,,,https://www.edunet.net/contsMvGllry/view/152/70585,,2025-04-21,B550629,한국교육학술정보원
지구 온난화와 환경 변화,,지구 온난화;환경 변화;지구 온실;이산화탄소 농도 변화와 지구 온난화;지구 온난화로 인한 환경 변화;지구 온난화 방지 방법;초등학교 6학년 사회 사회 환경을 생각하는 국토 가꾸기;,,,,,https://www.edunet.net/contsMvGllry/view/152/1964116,,2025-04-21,B550629,한국교육학술정보원
다양한 정치 참여자,,다양한 정치 참여자;정당과 언론;시민 단체;중학교 사회 정치 과정과 시민 참여;정치 주체;중학교 사회 민주 정치와 시민 참여;정치 과정의 참여 주체;이익 집단과 시민 단체;고등학교,,,,,https://www.edunet.net/contsMvGllry/view/152/36961,,2025-04-21,B550629,한국교육학술정보원
공정한 선거를 위한 제도,,공정한 선거를 위한 제도;게리맨더링;선거법정주의;선거공영제;중학교 사회 정치 과정과 시민 참여;중학교 사회 민주 정치와 시민 참여;고등학교 정치 정치 과정과 참여;선거의 의의와 공,,,,,https://www.edunet.net/contsMvGllry/view/152/51958,,2025-04-21,B550629,한국교육학술정보원
지방자치의 의미,,지방자치의 의미;지방자치;지방자치의 필요성;지방선거;조선시대 지방자치;공직자의 바람직한 자세;중학교 사회 정치 과정과 시민 참여;지방 자치 제도와 시민 참여;고등학교 정치 시민 생,,,,,https://www.edunet.net/contsMvGllry/view/152/2003513,,2025-04-21,B550629,한국교육학술정보원
우리나라 지방자치의 형태,,우리나라 지방자치의 형태;기초 자치 단체와 광역 자치 단체의 구분;제주특별자치도의 자치경찰;중학교 사회 정치 과정과 시민 참여;지방 자치 제도와 시민 참여;고등학교 정치 시민 생활,,,,,https://www.edunet.net/contsMvGllry/view/152/2013993,,2025-04-21,B550629,한국교육학술정보원
환영받지 못한 사람들,,서얼;홍길동전;기생;백정;조선시대 천민;초등학교 5학년 사회 유교 전통이 자리 잡은 조선;초5 사회 유교 전통이 자리 잡은 조선;유교 전통과 신분 질서;조선 시대 사람들의 생활,,,,,https://www.edunet.net/contsMvGllry/view/152/18345,,2025-04-21,B550629,한국교육학술정보원
상민들의 의식주,,조선시대 상민들의 의식주;조선 시대 평민;조선시대 상민의 삶;상민의 복장;상민의 상차림;상민의 밥상;상민이 사는 집;조선시대 민가;초등학교 5학년 사회 유교 전통이 자리 잡은 조선,,,,,https://www.edunet.net/contsMvGllry/view/152/89195,,2025-04-21,B550629,한국교육학술정보원
양반들의 의식주,,양반들의 의식주;조선시대 신분;양반의 복장;양반의 상차림;양반의 밥상;양반들의 집;한옥;초등학교 5학년 사회 유교 전통이 자리 잡은 조선;초5 사회 유교 전통이 자리 잡은 조선;유,,,,,https://www.edunet.net/contsMvGllry/view/152/93437,,2025-04-21,B550629,한국교육학술정보원
조선을 개혁하려한 실학,,실학;사농공상;수원 화성;실학과 관련된 서적들;예술에 나타난 실학;초등학교 5학년 사회 조선 사회의 새로운 움직임;초5 사회 조선 사회의 새로운 움직임;실학의 등장과 사회 개혁 노,,,,,https://www.edunet.net/contsMvGllry/view/152/60374,,2025-04-21,B550629,한국교육학술정보원
조선 후기의 서민문화,,조선 후기의 서민문화;조선 후기 사회의 변화;조선 후기 신분제 붕괴;탈춤;양반 풍자;초등학교 5학년 사회 조선 사회의 새로운 움직임;초5 사회 조선 사회의 새로운 움직임;서민 문화,,,,,https://www.edunet.net/contsMvGllry/view/152/86920,,2025-04-21,B550629,한국교육학술정보원
풍속화로 살펴본 조선 사람들의 생활,,풍속화;김홍도;신윤복;풍속화 속 조선 사람들의 생활;초등학교 5학년 사회 조선 사회의 새로운 움직임;초5 사회 조선 사회의 새로운 움직임;서민 문화의 발달,,,,,https://www.edunet.net/contsMvGllry/view/152/1966676,,2025-04-21,B550629,한국교육학술정보원
조선의 도시 발달,,"조선, 한양, 도시 발달",,,,,https://www.edunet.net/contsMvGllry/view/152/3928,,2025-04-21,B550629,한국교육학술정보원
한양을 건설한 정도전,,고려의 멸망;조선의 건국;정도전;조선시대 4대문;한양도성;초등학교 5학년 사회 유교 전통이 자리 잡은 조선;초5 사회 유교 전통이 자리 잡은 조선;조선의 건국과 한양,,,,,https://www.edunet.net/contsMvGllry/view/152/46946,,2025-04-21,B550629,한국교육학술정보원
임금의 밥상으로 본 백성의 생활,,임금의 밥상;공납;진상;조선시대 세금;수라;초등학교 5학년 사회 유교 전통이 자리 잡은 조선;초5 사회 유교 전통이 자리 잡은 조선;조선의 건국과 한양,,,,,https://www.edunet.net/contsMvGllry/view/152/78000,,2025-04-21,B550629,한국교육학술정보원
조선시대 육조 거리와 청계천,,조선시대 육조;청계천;육조판서;육조가 하는 일;육조거리;조선시대 육조거리;초등학교 5학년 사회 유교 전통이 자리 잡은 조선;초5 사회 유교 전통이 자리 잡은 조선;조선의 건국과 한,,,,,https://www.edunet.net/contsMvGllry/view/152/1997811,,2025-04-21,B550629,한국교육학술정보원
세계의 지형,,세계의 지형;지구의 표면;지형;지구의 지붕;산과 산맥;평원;평원이 만들어지는 방법;하천;사막;오아시스;대양;초등학교 6학년 사회 세계 여러 지역의 자연과 문화;초6 사회 세계 여러,,,,,https://www.edunet.net/contsMvGllry/view/152/46803,,2025-04-21,B550629,한국교육학술정보원
세계의 기후,,세계의 기후;쾨펜의 기후 구분 기준;다양한 세계의 기후;열대기후;건조기후;온대기후;냉대기후;한대기후;초등학교 6학년 사회 세계 여러 지역의 자연과 문화;초6 사회 세계 여러 지역의,,,,,https://www.edunet.net/contsMvGllry/view/152/49592,,2025-04-21,B550629,한국교육학술정보원
세계의 축제,,세계의 축제;카니발;페스티발;축제의 기원;특산물 축제;예술 축제;에딘버러 국제 페스티발;초등학교 6학년 사회 세계 여러 지역의 자연과 문화;초6 사회 세계 여러 지역의 자연과 문화,,,,,https://www.edunet.net/contsMvGllry/view/152/79026,,2025-04-21,B550629,한국교육학술정보원
세계의 음식,,세계의 음식;자연 환경과 문화에 따른 음식;다른 나라 아침 식사;초등학교 6학년 사회 세계 여러 지역의 자연과 문화;초6 사회 세계 여러 지역의 자연과 문화,,,,,https://www.edunet.net/contsMvGllry/view/152/1995549,,2025-04-21,B550629,한국교육학술정보원
세계화의 문제점,,"세계화의 문제점;질병;유해 물질;공장 노동자들의 일자리 상실;개발도상국 문화 무시;환경 문제;초등학교 6학년 사회 정보화,세계화 그리고 우리;초6 사회 정보화,세계화 그리고 우리",,,,,https://www.edunet.net/contsMvGllry/view/152/5220,,2025-04-21,B550629,한국교육학술정보원
한류,,"한류;한국 문화;한국 드라마;k-pop;초등학교 6학년 사회 정보화,세계화 그리고 우리;초6 사회 정보화,세계화 그리고 우리",,,,,https://www.edunet.net/contsMvGllry/view/152/95126,,2025-04-21,B550629,한국교육학술정보원
세계화의 좋은 점,,"세계화의 좋은 점;다른 나라 제품;일자리 제공;다양한 문화;지구의 문제 해결;판매 시장 확대;초등학교 6학년 사회 정보화,세계화 그리고 우리;초6 사회 정보화,세계화 그리고 우리",,,,,https://www.edunet.net/contsMvGllry/view/152/97969,,2025-04-21,B550629,한국교육학술정보원
세계화의 의미,,"세계화의 의미;SNS;소셜네트워크서비스;세계화로 인한 변화;전통 문화;전통 문화 세계화하는 방법;초등학교 6학년 사회 정보화,세계화 그리고 우리;초6 사회 정보화,세계화 그리고 우",,,,,https://www.edunet.net/contsMvGllry/view/152/1970167,,2025-04-21,B550629,한국교육학술정보원
생활 속 환경 이슈,,세계화;로컬;지구촌;중학교 2학년 사회;사회2;세계화 시대의 지역과 전략;세계화;로컬;지구촌,,,,,https://www.edunet.net/contsMvGllry/view/152/2048839,,2025-04-21,B550629,한국교육학술정보원
시장의 원리,,시장의 원리;다양한 형태의 시장;희소성;가격;자원 배분의 역할;자원 배분 효과;중학교 사회 시장 경제의 이해;가격의 결정과 변동;시장 가격의 결정과 기능;고등학교 경제 시장과 경제,,,,,https://www.edunet.net/contsMvGllry/view/152/1972187,,2025-04-21,B550629,한국교육학술정보원
시장 가격의 결정,,시장 가격;수요량;수요 곡선;수요의 변동 요인;공급의 법칙;공급 곡선의 변화 요인;시장 가격 결정;초과 수요;초과 공급;중학교 사회 시장 경제의 이해;수요와 공급의 법칙;시장의 수,,,,,https://www.edunet.net/contsMvGllry/view/152/1992004,,2025-04-21,B550629,한국교육학술정보원
"정보의 홍수, 빅데이터(BIG DATA)란",,"정보의 홍수;빅데이터;BIG DATA;정보화 사회;심야버스;범죄 예보 시스템;도시 관리 시스템;긴급 대응 시스템;빅데이터 활용;초등학교 6학년 사회 정보화,세계화 그리고 우리;초6",,,,,https://www.edunet.net/contsMvGllry/view/152/14732,,2025-04-21,B550629,한국교육학술정보원
빅데이터와 관련된 미래 신 직업,,"빅데이터, 미래의 유망 직종",,,,,https://www.edunet.net/contsMvGllry/view/152/43525,,2025-04-21,B550629,한국교육학술정보원
지리 정보 기술의 활용,,지도;맵티즌;초등 3학년 1학기 사회; 사회 3학년 1학기;초3 사회;우리가 살아가는 곳;초등 5학년 1학기 사회; 사회 5학년 1학기;초5 사회;초등 6학년 1학기 사회; 사회 ,,,,,https://www.edunet.net/contsMvGllry/view/152/2048835,,2025-04-21,B550629,한국교육학술정보원
4·19혁명,,4·19혁명;미국 독립선언문;3·15 부정선거;김주열;이승만 하야;초등학교 5학년 사회 대한민국의 발전과 오늘의 우리;초5 사회 대한민국의 발전과 오늘의 우리;경제화와 민주 발전;,,,,,https://www.edunet.net/contsMvGllry/view/152/28030,,2025-04-21,B550629,한국교육학술정보원
6월 민주항쟁,,6월 민주항쟁;대한민국 대통령 선거;직선제;간선제;민주주의의 발전;6.29 민주화 선언의 내용;대선 투표율;초등학교 5학년 사회 대한민국의 발전과 오늘의 우리;초5 사회 대한민국의,,,,,https://www.edunet.net/contsMvGllry/view/152/2022348,,2025-04-21,B550629,한국교육학술정보원
5·18 민주화 운동,,5·18 민주화 운동;민주화;박정희;군사 정변;박정희 집권;장발과 미니스커트 단속;광주;전두환;청문회;6월 민주 항쟁;초등학교 5학년 사회 대한민국의 발전과 오늘의 우리;초5 사회,,,,,https://www.edunet.net/contsMvGllry/view/152/2023906,,2025-04-21,B550629,한국교육학술정보원
구석기와 신석기의 생활 모습,,구석기;신석기;구석기 생활모습;흥수아이;구석기 시대 유물;신석기 생활모습;신석기 시대 유적과 분포;초등학교 5학년 사회 하나 된 겨레;초5 사회 하나 된 겨레;선사 시대 사람들,,,,,https://www.edunet.net/contsMvGllry/view/152/8692,,2025-04-21,B550629,한국교육학술정보원
우리가 지켜야 할 소중한 세계유산,,"유네스코, 고인돌, 정림사지, 미륵사지, 고분군",,,,,https://www.edunet.net/contsMvGllry/view/152/48226,,2025-04-21,B550629,한국교육학술정보원
청동기의 생활 모습,,청동기;청동기 생활모습;청동기 만드는 과정;단군신화;초등학교 5학년 사회 하나 된 겨레;초5 사회 하나 된 겨레;선사 시대 사람들,,,,,https://www.edunet.net/contsMvGllry/view/152/1997554,,2025-04-21,B550629,한국교육학술정보원
"유물, 유적의 발굴",,유물;유적;발굴;다양한 문화재;유물의 발굴 과정;초등학교 5학년 사회 하나 된 겨레;초5 사회 하나 된 겨레;선사 시대 사람들,,,,,https://www.edunet.net/contsMvGllry/view/152/2000161,,2025-04-21,B550629,한국교육학술정보원
우리 경제의 성장 과정,,경제 성장을 위한 노력;우리나라 경제 위기;오일 쇼크;IMF;금 모으기 운동;금융위기;서브프라임 모기지론;초등학교 6학년 사회 우리나라의 경제 성장;초6 사회 우리나라의 경제 성장,,,,,https://www.edunet.net/contsMvGllry/view/152/562,,2025-04-21,B550629,한국교육학술정보원
우리나라 무역의 특징,,우리나라 무역 특징;무역이 이루어지는 이유;우리나라 무역 성장;우리나라 무역 상대국;우리나라의 무역의존도;초등학교 6학년 사회 우리 경제의 성장과 과제;초6 사회 우리 경제의 성장,,,,,https://www.edunet.net/contsMvGllry/view/152/27389,,2025-04-21,B550629,한국교육학술정보원
우리 경제의 특징,,우리 경제의 특징;대형마트;노동력 착취;기업의 사회적 책임;내일의 신발;초등학교 6학년 사회 우리 경제의 성장과 과제;초6 사회 우리 경제의 성장과 과제,,,,,https://www.edunet.net/contsMvGllry/view/152/44871,,2025-04-21,B550629,한국교육학술정보원
우리나라의 공업발달 및 특색,,우리나라의 공업발달;우리나라의 공업 특색;공업;공업이 시작된 시기;근대 공업;공업의 발달;우리나라 공업의 특징;초등학교 6학년 사회 우리 국토의 모습과 생활;초6 사회 우리 국토의,,,,,https://www.edunet.net/contsMvGllry/view/152/1998778,,2025-04-21,B550629,한국교육학술정보원
도시 지역 분화,,도시 지역 분화;서울의 지가 분포;지역들이 분화되는 이유;도시 내부 구조;도심;부도심;중간지역;외곽지역;위성도시;개발 제한 구역;중학교 사회 도시 발달과 도시 문제;고등학교 한국지,,,,,https://www.edunet.net/contsMvGllry/view/152/2011567,,2025-04-21,B550629,한국교육학술정보원
도시화,,도시화;질적 도시화;양적 도시화;역도시화;가도시화 현상;중학교 사회 도시 발달과 도시 문제;고등학교 한국지리 거주 공간의 변화,,,,,https://www.edunet.net/contsMvGllry/view/152/2013662,,2025-04-21,B550629,한국교육학술정보원
국토 개발과 지속 가능한 발전,,국토 개발;지속가능한 발전;우리나라 국토 개발 과정;새만금;지속가능개발위원회;UNCSD;청계천;초등학교 6학년 사회 우리 국토의 모습과 생활;초6 사회 우리 국토의 모습과 생활,,,,,https://www.edunet.net/contsMvGllry/view/152/2001136,,2025-04-21,B550629,한국교육학술정보원
대통령제와 의원 내각제,,대통령제;의원 내각제;의원 내각제 구성 과정;대통령제 구성 과정;중학교 사회 정치 생활과 민주주의;민주주의 구현을 위한 정부 형태;고등학교 정치 시민 생활과 정치;민주적 정부 형태,,,,,https://www.edunet.net/contsMvGllry/view/152/65152,,2025-04-21,B550629,한국교육학술정보원
민주정치 발달 과정,,민주정치 발달 과정;아테네;폴리스;도편;도편추방제;아고라 광장;영국 시민혁명;시민혁명;영국 명예혁명;프랑스 시민 혁명;입헌주의;차티스트 운동;중학교 사회 정치 생활과 민주주의;민주,,,,,https://www.edunet.net/contsMvGllry/view/152/65212,,2025-04-21,B550629,한국교육학술정보원
민주주의 이념과 원리,,민주주의 이념;민주주의 원리;조선 시대 천민들;존엄성;민주 정치의 기본 원리;국민주권;국민자치;입헌주의;권력분립;중학교 사회 정치 생활과 민주주의;민주주의 이념과 원리;고등학교 정,,,,,https://www.edunet.net/contsMvGllry/view/152/75050,,2025-04-21,B550629,한국교육학술정보원
법과 우리의 생활,,우리 생활과 법;법의 위계;헌법;민법;상법;형법;초등학교 6학년 사회 우리나라의 민주 정치;초6 사회 우리나라의 민주 정치,,,,,https://www.edunet.net/contsMvGllry/view/152/76698,,2025-04-21,B550629,한국교육학술정보원
국가 권력을 나누다-삼권 분립,,국가 권력;삼권 분립;국회의사당;대법원;청와대;초등학교 6학년 사회 우리나라의 민주 정치;초6 사회 우리나라의 민주 정치,,,,,https://www.edunet.net/contsMvGllry/view/152/1994230,,2025-04-21,B550629,한국교육학술정보원
국민의 권리와 의무,,국민의 권리;국민의 의무;자유권;평등권;참정권;청구권;사회권;교육의 의무;근로의 의무;납세의 의무;국방의 의무;환경 보전의 의무;권리와 의무의 균형;초등학교 6학년 사회 우리나라의,,,,,https://www.edunet.net/contsMvGllry/view/152/2004153,,2025-04-21,B550629,한국교육학술정보원
생활 속 민주주의,,민주주의;직접 민주주의;대의 민주주의;생활 속 민주주의;대화;토론;서로 다름에 대한 인정;소수의 의견 존중;초등학교 6학년 사회 우리나라의 민주 정치;초6 사회 우리나라의 민주 정,,,,,https://www.edunet.net/contsMvGllry/view/152/2011381,,2025-04-21,B550629,한국교육학술정보원
노동문제,,노동문제;실업 문제;노사 문제;비정규직 문제;노사갈등;정규직과 비정규직의 시간당 임금 차이;중학교 사회 현대 사회와 사회 문제;현대 사회의 문제와 해결;고등학교 법과정치 사회생활과,,,,,https://www.edunet.net/contsMvGllry/view/152/11271,,2025-04-21,B550629,한국교육학술정보원
일탈의 힘,,"일탈, 사회 변화",,,,,https://www.edunet.net/contsMvGllry/view/152/42915,,2025-04-21,B550629,한국교육학술정보원
모두가 해결해야 할 기아,,기아;식량농업기구;FAO;기아의 주요 원인;기아 상식;고등학교 한국지리 지역간 상호 의존;세계화와 지역 갈등,,,,,https://www.edunet.net/contsMvGllry/view/152/1965365,,2025-04-21,B550629,한국교육학술정보원
국제 환경 협약,,국제 환경 협약;람사르 협약;바젤협약;몬트리올 협약;습지;오존층;오존층 파괴;유해폐기물;사막화 방지 협약;교토 협약;지구 온난화;몰디브;중학교 사회 현대 사회와 사회 문제;미래사회,,,,,https://www.edunet.net/contsMvGllry/view/152/1995004,,2025-04-21,B550629,한국교육학술정보원
현대 사회의 변동,,"새로운 기술;다른 문화;전화기;정보혁명;산업화;방직 공억;증기기관;산업화 문제점;도시화;도시화의 문제점;세계화;정보화;스마트폰;초등학교 6학년 사회 정보화,세계화 그리고 우리;초6",,,,,https://www.edunet.net/contsMvGllry/view/152/92323,,2025-04-21,B550629,한국교육학술정보원
다문화 사회로의 변화,,다문화 사회;다문화;하모니 데이;호주;다문화가족 학업 중단 사유;초등학교 3학년 사회 함께 어울려 살아요;초3 사회 함께 어울려 살아요;중학교 사회 사회의 변동과 발전;한국 사회 ,,,,,https://www.edunet.net/contsMvGllry/view/152/2009637,,2025-04-21,B550629,한국교육학술정보원
인간의 사회화,,사회화;사회적 존재;사회화의 중요성;다양한 사회화;재사회화;사회화의 유형;사회화 기관;가정;학교;대중매체;중학교 사회 개인과 사회생활;고등학교 사회문화 개인과 사회 구조;개인의 사,,,,,https://www.edunet.net/contsMvGllry/view/152/14265,,2025-04-21,B550629,한국교육학술정보원
역할 갈등은 왜 일어날까,,역할 갈등;지위;역할;지위 무리;주 지위;여러 가지 사회적 지위;역할 갈등;역할 긴장;역할 모순;역할 갈등이 일어나는 이유;역할 갈등의 해결;중학교 사회 개인과 사회생활;고등학교 ,,,,,https://www.edunet.net/contsMvGllry/view/152/68751,,2025-04-21,B550629,한국교육학술정보원
사회 집단의 종류,,사회 집단;상호작용;공동체 의식;학자들이 분류한 사회 집단;준거 집단;중학교 사회 개인과 사회생활;고등학교 사회문화 개인과 사회 구조;사회집단에 대한 이해,,,,,https://www.edunet.net/contsMvGllry/view/152/1970240,,2025-04-21,B550629,한국교육학술정보원
신라의 해상무역,,신라;해상무역;처용;처용설화;서역인;교역의 흔적;황금 보검;천마총 유리잔;황남대총 유리잔;초등학교 5학년 사회 하나 된 겨레;초5 사회 하나 된 겨레;삼국의 성립과 발전;삼국 통일,,,,,https://www.edunet.net/contsMvGllry/view/152/36190,,2025-04-21,B550629,한국교육학술정보원
해동성국 발해,,해동성국;발해;도모산;고구려 계승;정혜공주의 묘;발해의 우수한 문화;연호 사용;초등학교 5학년 사회 하나 된 겨레;초5 사회 하나 된 겨레;삼국 통일과 발해;통일 신라와 발해 사람,,,,,https://www.edunet.net/contsMvGllry/view/152/51209,,2025-04-21,B550629,한국교육학술정보원
문화대국 백제,,문화대국;백제;백제 전성기;무령왕릉;백제 유물;무령왕릉 지석;금동 대향로;초등학교 5학년 사회 하나 된 겨레;초5 사회 하나 된 겨레;삼국의 성립과 발전,,,,,https://www.edunet.net/contsMvGllry/view/152/1979122,,2025-04-21,B550629,한국교육학술정보원
세계 여러 나라의 건국신화,,개천절;단군;건국신화;홍익인간;고조선;주몽;하늘의 자손;박혁거세;김수로왕;구지봉;단군왕검;세계 여러 나라의 건국신화;초등학교 5학년 사회 하나 된 겨레;초5 사회 하나 된 겨레;삼,,,,,https://www.edunet.net/contsMvGllry/view/152/2025460,,2025-04-21,B550629,한국교육학술정보원
힘찬 기상의 고구려,,고조건;고구려;태조;초등 5학년 2학기 사회; 사회 5학년 2학기;초5 사회;우리 역사의 시작과 발전;고조건;고구려;태조,,,,,https://www.edunet.net/contsMvGllry/view/152/2048827,,2025-04-21,B550629,한국교육학술정보원
고구려를 이어받은 발해,,대조영;발해;해동성국;고구려;초등 5학년 2학기 사회; 사회 5학년 2학기;초5 사회;우리 역사의 시작과 발전;대조영;발해;해동성국;고구려;고구려를 이어받은 발해,,,,,https://www.edunet.net/contsMvGllry/view/152/2048828,,2025-04-21,B550629,한국교육학술정보원
"근친혼, 노비안검법, 과거제도",,근친혼;노비안검법;과거제도;왕권;호족 포용 정책;결혼;왕족 결혼;왕권 강화;광종;노비;양민;권력;초등학교 5학년 사회 다양한 문화를 꽃피운 고려;초5 사회 다양한 문화를 꽃피운 고,,,,,https://www.edunet.net/contsMvGllry/view/152/1996057,,2025-04-21,B550629,한국교육학술정보원
"거란의 침입과 서희, 강감찬의 활약",,거란;고려;서희;양규;강감찬;초등 5학년 2학기 사회; 사회 5학년 2학기;초5 사회;세계와 활발하게 교류한 고려;거란;고려;서희;양규;강감찬,,,,,https://www.edunet.net/contsMvGllry/view/152/2048829,,2025-04-21,B550629,한국교육학술정보원
몽골의 침략과 고려의 저항,,몽골;고려;무신정권;삼별초;초등 5학년 2학기 사회; 사회 5학년 2학기;초5 사회;세계와 활발하게 교류한 고려;몽골;고려;무신정권;삼별초;몽골의 침략;민초,,,,,https://www.edunet.net/contsMvGllry/view/152/2048830,,2025-04-21,B550629,한국교육학술정보원
고려청자와 상감기법,,고려청자;고려의 기술;상감기법;고려의 과학과 기술;상형청자;고려 도자기 제작기술;상감기법 기원;다양한 문화를 꽃피운 고려;초등학교 5학년 사회 다양한 문화를 꽃피운 고려;초5 사회,,,,,https://www.edunet.net/contsMvGllry/view/152/89309,,2025-04-21,B550629,한국교육학술정보원
금속활자와 목판인쇄술,,금속활자;목판인쇄술;팔만대장경;팔만대장경 제작 과정;해인사;금속활자 만드는 과정;직지심체요절;직지;흥덕사;밀랍주조법;초등학교 5학년 사회 다양한 문화를 꽃피운 고려;초5 사회 다양,,,,,https://www.edunet.net/contsMvGllry/view/152/1984038,,2025-04-21,B550629,한국교육학술정보원
관례(冠禮),,관례;계례;성년의 날;아명;자;호;다른 나라 관례;초등학교 3학년 사회 다양한 삶의 모습들;초3 사회 다양한 삶의 모습들;초등학교 6학년 사회 세계 여러 지역의 자연과 문화;초6 ,,,,,https://www.edunet.net/contsMvGllry/view/152/3867,,2025-04-21,B550629,한국교육학술정보원
상례(喪禮),,상례;상복;시묘살이;선사시대 상례;고인돌;북방식;남방식;현대 상례 문화;화장;봉안당;수목장;잔디장;화초장;장례식;초등학교 3학년 사회 다양한 삶의 모습들;초3 사회 다양한 삶의 모,,,,,https://www.edunet.net/contsMvGllry/view/152/15180,,2025-04-21,B550629,한국교육학술정보원
우리나라의 전통 혼례,,"전통 혼례, 의혼, 대례, 후례",,,,,https://www.edunet.net/contsMvGllry/view/152/19746,,2025-04-21,B550629,한국교육학술정보원
혼례(冠禮,,혼례;전통혼례;결혼;전통혼례 모습;폐백;다른 나라 결혼식;초등학교 3학년 사회 다양한 삶의 모습들;초3 사회 다양한 삶의 모습들;초등학교 6학년 사회 세계 여러 지역의 자연과 문화,,,,,https://www.edunet.net/contsMvGllry/view/152/1998351,,2025-04-21,B550629,한국교육학술정보원
제례(祭禮),,제례;제사;차례;명절 제사상;고춧가루;고추장;산신제;풍어제;초등학교 3학년 사회 다양한 삶의 모습들;초3 사회 다양한 삶의 모습들;초등학교 6학년 사회 세계 여러 지역의 자연과 문,,,,,https://www.edunet.net/contsMvGllry/view/152/2012367,,2025-04-21,B550629,한국교육학술정보원
사법권의 독립,,사법권의 독립;사법;형법;사회질서 유지;조봉암 사건;사법권의 독립 보장;중학교 사회 헌법과 국가기관;고등학교 헌법의 기본원리;국가기관의 구성과 기능;법원과 헌법재판소,,,,,https://www.edunet.net/contsMvGllry/view/152/15034,,2025-04-21,B550629,한국교육학술정보원
강력한 행정부,,행정부;나라의 살림;행정부의 구성;행정부가 커지면 나타나는 문제점;삼권분립의 원리 위협;행정부가 커지게 되는 문제점 해결 방안;중학교 사회 헌법과 국가기관;고등학교 헌법의 기본원리,,,,,https://www.edunet.net/contsMvGllry/view/152/53074,,2025-04-21,B550629,한국교육학술정보원
국회가 하는 일,,국회가 하는 일;국회;입법활동;국회의원;법이 만들어지는 과정;재정활동;해외 외교 활동;정부기관;중학교 사회 헌법과 국가기관;고등학교 헌법의 기본원리;국가기관의 구성과 기능,,,,,https://www.edunet.net/contsMvGllry/view/152/94600,,2025-04-21,B550629,한국교육학술정보원
행정부의 역할,,행정부;대통령;입법부;사법부;행정부의 역할;초등 6학년 2학기 사회; 사회 6학년 2학기;초6 사회;우리나라의 민주 정치;행정부;대통령;입법부;사법부;행정부의 역할,,,,,https://www.edunet.net/contsMvGllry/view/152/2048832,,2025-04-21,B550629,한국교육학술정보원
독립운동의 전개,,"독립운동의 전개;안중근,조마리아,히로부미;독립운동;의병;을미사변;정미의병;전형필;문화재 수집;초등학교 5학년 사회 새로운 문물의 수용과 자주독립;초5 사회 새로운 문물의 수용과 자",,,,,https://www.edunet.net/contsMvGllry/view/152/46840,,2025-04-21,B550629,한국교육학술정보원
경술국치,,경술국치;을사조약의 부당함;고종;강화도조약;을사늑약;한일병합조약;순종의 위임장;한일병합 조약의 엉터리 절차초등학교 5학년 사회 새로운 문물의 수용과 자주독립;초5 사회 새로운 문물,,,,,https://www.edunet.net/contsMvGllry/view/152/82779,,2025-04-21,B550629,한국교육학술정보원
일제 강점기 우리 문화의 수난,,일제 강점기;문화 수난;경술국치;조선의 자부심;문화재 불법 반출;가루베 지온;오쿠라 다케노스케;경복궁;자선당;경천사 십층석탑;초등학교 5학년 사회 새로운 문물의 수용과 자주독립;초,,,,,https://www.edunet.net/contsMvGllry/view/152/2000733,,2025-04-21,B550629,한국교육학술정보원
국제수지,,국제수지;흑자;적자;경상 수지;자본수지와 금융 계정;상품수지;서비스수지;본원소득수지;이전소득수지;자본 수지;중학교 사회 국제 경제와 세계화;고등학교 사회 국제 거래와 세계화;고등학,,,,,https://www.edunet.net/contsMvGllry/view/152/58639,,2025-04-21,B550629,한국교육학술정보원
국제거래의 특징과 영향,,국제거래의 특징;국제거래의 영향;국제거래;부존 자원;무역;무역 장벽;관세;수량할당;세이프가드;국제거래의 영향,,,,,https://www.edunet.net/contsMvGllry/view/152/84647,,2025-04-21,B550629,한국교육학술정보원
환율,,환율;외한시장;환율 상승;환율 하락;환율이 한류에 주는 영향;중학교 사회 국제 경제와 세계화;고등학교 사회 국제 거래와 세계화;고등학교 경제 세계 시장과 한국 경제,,,,,https://www.edunet.net/contsMvGllry/view/152/2001258,,2025-04-21,B550629,한국교육학술정보원
국제 사회의 갈등과 해결,,국제 사회의 갈등과 해결;국제사회의 특징;국제사회;핵문제;핵확산 금지조약;NPT;중학교 사회 국제 사회와 국제 정치;국제정치와 외교;고등학교 법과정치 국제 사회와 법과 정치;국제사,,,,,https://www.edunet.net/contsMvGllry/view/152/96041,,2025-04-21,B550629,한국교육학술정보원
국제 비정부 기구,,국제 비정부 기구;NGO;그린피스;Greenpeace;국경없는의사회;MSF;국제앰네스티;Amnesty International;중학교 사회 국제 사회와 국제 정치;국제사회의 특성과,,,,,https://www.edunet.net/contsMvGllry/view/152/1980690,,2025-04-21,B550629,한국교육학술정보원
정부 간 국제기구,,정부 간 국제기구;UN;국제연합;유엔의 역할;OECD;경제협력개발기구;OECD 통계자료 배포 과정;EU;유럽연합;마스트리히트조약;중학교 사회 국제 사회와 국제 정치;국제사회의 특성,,,,,https://www.edunet.net/contsMvGllry/view/152/2000394,,2025-04-21,B550629,한국교육학술정보원
열섬 현상과 인구 공동화 현상,,열섬 현상;인구 공동화 현상;열대야 현상;열섬 현상을 줄이는 방법;도넛 현상;중학교 사회 도시 발달과 도시 문제;고등학교 한국지리 거주 공간의 변화,,,,,https://www.edunet.net/contsMvGllry/view/152/1982206,,2025-04-21,B550629,한국교육학술정보원
도시의 역사,,고시의 역사;고대 도시;최초의 도시 발달 과정;최초의 도시 지역;세계 4대 문명 발상지;고대 그리스;고대 로마;중세 도시;정기시 도시;성채도시;상인도시;공업 도시;중학교 사회 도시,,,,,https://www.edunet.net/contsMvGllry/view/152/2010546,,2025-04-21,B550629,한국교육학술정보원
중심지의 변화,,구멍가게;대형 마트;중심지;시장;초등 3학년 1학기 사회; 사회 3학년 1학기;사람들이 모이는 곳;구멍가게;대형 마트;중심지;시장;대형 마트의 등장 배경;대형 마트의 장점;,,,,,https://www.edunet.net/contsMvGllry/view/152/2048821,,2025-04-21,B550629,한국교육학술정보원
중심지의 과거 모습,,"한명회;압구정;지역;지명;초등 3학년 2학기 사회; 사회 3학년 2학기;우리 지역, 다른 지역;한명회;압구정;지역;지명",,,,,https://www.edunet.net/contsMvGllry/view/152/2048822,,2025-04-21,B550629,한국교육학술정보원
기후도와 일기도,,기후도;일기도;개화지도;우리나라 기후도;기후 구분도;일기예보;우리나라 일기도;일기도에 사용되는 기호;초등학교 3학년 사회 우리가 살아가는 곳;초3 사회 우리가 살아가는 곳;초등학교,,,,,https://www.edunet.net/contsMvGllry/view/152/19593,,2025-04-21,B550629,한국교육학술정보원
위치도,,위치도;지도;초등학교 3학년 사회 우리가 살아가는 곳;초3 사회 우리가 살아가는 곳;초등학교 6학년 사회 우리 국토의 모습과 생활;초6 사회 우리 국토의 모습과 생활;초등학교 6학,,,,,https://www.edunet.net/contsMvGllry/view/152/55557,,2025-04-21,B550629,한국교육학술정보원
일반도,,일반도;지형도;우리나라 전도;세계 전도;초등학교 3학년 사회 우리가 살아가는 곳;초3 사회 우리가 살아가는 곳;초등학교 3학년 사회 도시의 발달과 주민생활;초3 사회 도시의 발달과,,,,,https://www.edunet.net/contsMvGllry/view/152/1973157,,2025-04-21,B550629,한국교육학술정보원
분포도,,분포도;진앙 분포도;분포도의 활용;초등학교 3학년 사회 우리가 살아가는 곳;초3 사회 우리가 살아가는 곳;초등학교 3학년 사회 도시의 발달과 주민생활;초3 사회 도시의 발달과 주민,,,,,https://www.edunet.net/contsMvGllry/view/152/1982636,,2025-04-21,B550629,한국교육학술정보원
통계지도,,통계지도;통계자료;왜상통계지도;신기한 모습의 통계지도;초등학교 3학년 사회 우리가 살아가는 곳;초3 사회 우리가 살아가는 곳;초등학교 3학년 사회 도시의 발달과 주민생활;초3 사회,,,,,https://www.edunet.net/contsMvGllry/view/152/1988654,,2025-04-21,B550629,한국교육학술정보원
서로 나누는 일에 참여해요,,"아나바다;벼룩시장;아나바다 장터;아나바다 운동;재활용 가게;직거래 장터;재능 기부;초등학교 3학년 사회 우리 지역, 다른 지역;초3 사회 우리 지역, 다른 지역;초등학교 3학년 사",,,,,https://www.edunet.net/contsMvGllry/view/152/7898,,2025-04-21,B550629,한국교육학술정보원
시민단체,,"시민단체;시민단체의 종류;반크;툰자;초등학교 3학년 사회 우리 지역, 다른 지역;초3 사회 우리 지역, 다른 지역;초등학교 3학년 사회 지역사회의 발전;초3 사회 지역사회의 발전;",,,,,https://www.edunet.net/contsMvGllry/view/152/44948,,2025-04-21,B550629,한국교육학술정보원
자원봉사,,"자원봉사;이야기 할머니;자원봉사자;다양한 자원봉사;초등학교 3학년 사회 우리 지역, 다른 지역;초3 사회 우리 지역, 다른 지역;초등학교 3학년 사회 지역사회의 발전;초3 사회 지",,,,,https://www.edunet.net/contsMvGllry/view/152/1978871,,2025-04-21,B550629,한국교육학술정보원
역사왜곡과 반성,,역사왜곡;반성;독일의 반성;일본의 역사왜곡;위안부 사건;초등학교 5학년 사회 대한민국의 발전과 오늘의 우리;초5 사회 대한민국의 발전과 오늘의 우리;대한민국의 발전을 위하여,,,,,https://www.edunet.net/contsMvGllry/view/152/1984156,,2025-04-21,B550629,한국교육학술정보원
통일 이야기,,통일;분단국가;이산가족;통일이 되어야 하는 이유;독일 통일;중학교 사회 통일 한국의 미래;국토 통일;고등학교 한국지리 국토 통일의 과제와 노력;국토의 잠재력과 국토통일;국토분단과 ,,,,,https://www.edunet.net/contsMvGllry/view/152/1976457,,2025-04-21,B550629,한국교육학술정보원
개성 공업 지구,,개성 공업 지구;개성 공단의 위치;개성 공단 모습;개성;개성공단 생산액;개성공단 북한 근로자 현황;개성 공단 북한 근로자 임금;중학교 사회 통일 한국의 미래;북한의 개방지역;고등학,,,,,https://www.edunet.net/contsMvGllry/view/152/2004978,,2025-04-21,B550629,한국교육학술정보원
남북통일을 위한 노력,,피난민;전쟁;이산가족;통일;북한;남한;초등 3학년 2학기 사회;초3 사회;다양한 삶의 모습들;사회 5학년 1학기;초5 사회;초등 6학년 1학기 사회; 사회 6학년 1학기;초6 사회,,,,,https://www.edunet.net/contsMvGllry/view/152/2048836,,2025-04-21,B550629,한국교육학술정보원
물가와 인플레이션,,물가;인플레이션;디플레이션;화폐 발행;인플레이션의 영향;디플레이션의 영향;중학교 사회 국민 경제와 경제 성장;고등학교 사회 경제 성장과 삶의 질;고등학교 경제;국민 경제의 이해,,,,,https://www.edunet.net/contsMvGllry/view/152/15304,,2025-04-21,B550629,한국교육학술정보원
국민 총생산,,국내총생산;경제성장;보릿고개;국내총생산;GDP;해외 음반 판매 수입;국민 총생산;GNP;폐쇄 경제;개방 경제;국제 통화 기금;그린 GDP,,,,,https://www.edunet.net/contsMvGllry/view/152/38492,,2025-04-21,B550629,한국교육학술정보원
실업과 국민경제,,실업;국민경제;국가적 손해;청년실업;실업자가 되는 이유;마찰적 실업; 경기적 실업; 구조적 실업;중학교 사회 국민 경제와 경제 성장;고등학교 사회 경제 성장과 삶의 질;고등학교 경,,,,,https://www.edunet.net/contsMvGllry/view/152/58364,,2025-04-21,B550629,한국교육학술정보원
우리나라의 기후와 생활,,우리나라 기후;우리나라 생활;날씨;기후;기후를 구성하는 3가지 요소;기후 요소에 영향을 미치는 요인;기후가 생활에 미치는 영향;세시풍속;전통 가옥;정월 대보름;초등학교 6학년 사회,,,,,https://www.edunet.net/contsMvGllry/view/152/87447,,2025-04-21,B550629,한국교육학술정보원
우리나라의 영토,,우리나라 영토;영토;영토고권;국가의 영역;우리나라 영토와 관련된 분쟁;초등학교 6학년 사회 우리 국토의 모습과 생활;초6 사회 우리 국토의 모습과 생활,,,,,https://www.edunet.net/contsMvGllry/view/152/2009031,,2025-04-21,B550629,한국교육학술정보원
중국과 일본의 영해를 둘러싼 갈등,,중국;일본;독도;배타적 경제수역;영토;이어도;중학교 2학년 사회;사회2;우리나라의 영토;중국;일본;독도;배타적 경제수역;영토;이어도,,,,,https://www.edunet.net/contsMvGllry/view/152/2048840,,2025-04-21,B550629,한국교육학술정보원
합리적인 소비,,합리적인 소비;소비 습관;만족대비 비용;기회비용;합리적 소비를 위한 신용;소비 생활 신용의 역할;경제 활동과 합리적 선택;경제생활과 바람직한 선택;초등학교 4학년 사회 경제생활과 ,,,,,https://www.edunet.net/contsMvGllry/view/152/35803,,2025-04-21,B550629,한국교육학술정보원
현명한 자산 관리,,현명한 자산 관리;자산 관리;금융;실물자산;목돈;예금;적금;주식;채권;펀드;초등학교 4학년 경제생활과 바람직한 선택;초4 경제생활과 바람직한 선택;중학교 사회 경제생활의 이해;고등,,,,,https://www.edunet.net/contsMvGllry/view/152/2010939,,2025-04-21,B550629,한국교육학술정보원
경제 활동의 주체,,경제 활동의 주체;경제 활동;재화;서비스;경제 주체;가계;소비 활동;기업;생산 활동;정부;공공재;사회간접자본;소비;생산;상호 작용;분배;초등학교 6학년 사회 우리 경제의 성장과 과,,,,,https://www.edunet.net/contsMvGllry/view/152/2018463,,2025-04-21,B550629,한국교육학술정보원
황제의 나라 고려와 해양 실크로드,,황제의 나라;고려;해양 실크로드;발해;유민;고구려;천수;연호;황제;천자;비단길;무역;벽란도;국제 무역항;코리아;초등학교 5학년 사회 다양한 문화를 꽃피운 고려;초5 사회 다양한 문,,,,,https://www.edunet.net/contsMvGllry/view/152/12539,,2025-04-21,B550629,한국교육학술정보원
고려의 건국과 후삼국 통일의 역사적 의의,,고려건국;후삼국 통일;신라;호족;견훤;후백제;궁예;후고구려;고려;왕건;송악;온화한 정책;경순왕;민족통합;초등학교 5학년 사회 다양한 문화를 꽃피운 고려;초5 사회 다양한 문화를 꽃,,,,,https://www.edunet.net/contsMvGllry/view/152/34368,,2025-04-21,B550629,한국교육학술정보원
독도의 역사,,독도의 역사;독도라는 명칭 사용 시기;우산도;삼봉도;가지도;석도;독도의 일대기;독도를 지킨 인물;안용복;홍순칠;중학교 사회 세계 속의 우리나라 독도;고등학교 한국지리 국토의 이해,,,,,https://www.edunet.net/contsMvGllry/view/152/2018800,,2025-04-21,B550629,한국교육학술정보원
공정한 재판을 위한 제도,,공정한 재판;유스티티아 동상;제척;공소장일본주의;심급제도;3심제;중학교 사회 일상생활과 법;재판의 종류와 심급제도;고등학교 법과 정치;생활권 형성 기능;서비스 산업,,,,,https://www.edunet.net/contsMvGllry/view/152/1081,,2025-04-21,B550629,한국교육학술정보원
다양한 기준에 따른 법의 구분,,"법, 법의 구분, 헌법, 민법, 상법, 노동법, 사회보장법",,,,,https://www.edunet.net/contsMvGllry/view/152/56019,,2025-04-21,B550629,한국교육학술정보원
법의 특성과 필요성,,법의 특성;법의 필요성;강제성을 지닌 법;사회규범;착한 사마리아인 법;일상생활에 필요한 법;중학교 사회 일상생활과 법;법의 의미와 필요성;고등학교 사회 인권 및 사회 정의와 법;인,,,,,https://www.edunet.net/contsMvGllry/view/152/78319,,2025-04-21,B550629,한국교육학술정보원
학교 폭력도 범죄일까,,"학교 폭력, 언어 폭력, 신체 폭력, 사이버 폭력",,,,,https://www.edunet.net/contsMvGllry/view/152/85044,,2025-04-21,B550629,한국교육학술정보원
"법 규범의 유형 - 공법, 사법, 사회법",,법 규범의 유형;공법;사법;사회법;셧다운 제도;공법과 사법의 비교;공법의 종류;일상생활 속 사법관계;사회법의 필요성;중학교 사회 일상생활과 법;법규범의 유형과 특징;고등학교 법과 ,,,,,https://www.edunet.net/contsMvGllry/view/152/2002756,,2025-04-21,B550629,한국교육학술정보원
"청소년 아르바이트, 이것만은 기억하자",,"권리, 근로기준법, 근로계약서, 최저임금",,,,,https://www.edunet.net/contsMvGllry/view/152/2022328,,2025-04-21,B550629,한국교육학술정보원
재판의 과정,,재판의 과정;학교 폭력에 대한 판결;형사재판;민사재판;미사재판과 형사재판의 절차 비교;미사재판의 대립 당사자;형사재판의 대립 당사자;국민참여재판;중학교 사회 일상생활과 법;재판의 ,,,,,https://www.edunet.net/contsMvGllry/view/152/2022663,,2025-04-21,B550629,한국교육학술정보원
소비자로서 누릴 권리와 지킬 권리,,"소비자, 소비자보호법, 소비자의 권리, 블랙 컨슈머, 프로슈머",,,,,https://www.edunet.net/contsMvGllry/view/152/2028754,,2025-04-21,B550629,한국교육학술정보원
인권을 지키기 위한 노력,,인권을 지키기 위한 노력;인권보장;안네의 일기;세계인권선언문;앰네스티의 활동;인권 침해;헌법소원을 통한 기본권 구제;현대판 신문고;중학교 사회 인권보장과 헌법;고등학교 사회 인권 ,,,,,https://www.edunet.net/contsMvGllry/view/152/2808,,2025-04-21,B550629,한국교육학술정보원
평화의 소녀상,,"소녀상, 위안부, 일본, 수요 집회",,,,,https://www.edunet.net/contsMvGllry/view/152/7410,,2025-04-21,B550629,한국교육학술정보원
미란다’를 아시나요,,"미란다 원칙, 인권, 범죄자 인권",,,,,https://www.edunet.net/contsMvGllry/view/152/28567,,2025-04-21,B550629,한국교육학술정보원
BJ란 무엇인가,,"1인 미디어, BJ, 인터넷 개인 방송",,,,,https://www.edunet.net/contsMvGllry/view/152/43015,,2025-04-21,B550629,한국교육학술정보원
인권 침해,,인권침해;인종으로 발생한 인권 침해;사라 바트만;마틴 루터 킹;말콤X;신분에 따른 인권 침해;도비왈라;인도의 카스트 제도 계급;성별로 인한 인권침해;연령에 따른 인권침해;중학교 사,,,,,https://www.edunet.net/contsMvGllry/view/152/69613,,2025-04-21,B550629,한국교육학술정보원
유엔 안보리결의 1325호,,"안전보장이사회, 유엔, 결의안, 결의, 인권",,,,,https://www.edunet.net/contsMvGllry/view/152/95463,,2025-04-21,B550629,한국교육학술정보원
인권의 발달,,인권의 발달;기본권;기본권의 종류;인권에 대한 의식 성장;1세대 인권;2세대 인권;3세대 인권;중학교 사회 인권보장과 헌법;고등학교 사회 인권 및 사회정의와 법;고등학교 법과 정치,,,,,https://www.edunet.net/contsMvGllry/view/152/97018,,2025-04-21,B550629,한국교육학술정보원
청소년 팬 문화의 문제점,,"사생팬, 인권 보장, 청소년 문화",,,,,https://www.edunet.net/contsMvGllry/view/152/1986908,,2025-04-21,B550629,한국교육학술정보원
파파라치,,파파라치;보도;참사보도;프라이버시;초등 6학년 2학기 사회; 사회 6학년 2학기;초6 사회;우리나라의 민주 정치;인권;파파라치;보도;참사보도;프라이버시,,,,,https://www.edunet.net/contsMvGllry/view/152/2048833,,2025-04-21,B550629,한국교육학술정보원
정보 사회의 기본예절,,정보;인터넷;예절;에티켓;네티켓;초등 5학년 1학기 사회; 사회 5학년 1학기;초5 사회;초등 6학년 1학기 사회; 사회 6학년 1학기;초6 사회;우리 사회의 과제와 문화의 발전;,,,,,https://www.edunet.net/contsMvGllry/view/152/2048834,,2025-04-21,B550629,한국교육학술정보원
"이슬람 여성들의 가리개, 히잡",,히잡;이슬람;베일;니캅;차도르;부르카;히잡을 착용하는 이유;초등학교 3학년 사회 사회 변화와 우리 생활;초3 사회 사회 변화와 우리 생활;초등학교 6학년 사회 세계 여러 지역의 자,,,,,https://www.edunet.net/contsMvGllry/view/152/47063,,2025-04-21,B550629,한국교육학술정보원
"마음을 전하는 옷, 캉가",,캉가;아프리카;캉가에 사용되는 문구와 의미;초등학교 3학년 사회 사회 변화와 우리 생활;초3 사회 사회 변화와 우리 생활;초등학교 6학년 사회 세계 여러 지역의 자연과 문화;초6 ,,,,,https://www.edunet.net/contsMvGllry/view/152/76799,,2025-04-21,B550629,한국교육학술정보원
"중국의 전통 가옥, 토루",,중국 전통 가옥;토루;사합원;객가족의 토루;티에트겐 기숙사;초등학교 3학년 사회 사회 변화와 우리 생활;초3 사회 사회 변화와 우리 생활;초등학교 6학년 사회 세계 여러 지역의 자,,,,,https://www.edunet.net/contsMvGllry/view/152/89417,,2025-04-21,B550629,한국교육학술정보원
세계의 동굴 주거 생활,,동굴 주거 생활;야오동;두 가지 유형의 동굴 주택;데린쿠유;데린쿠유 내부 구조;괴레메 동굴 주거지;지하도시의 삶;초등학교 3학년 사회 사회 변화와 우리 생활;초3 사회 사회 변화와,,,,,https://www.edunet.net/contsMvGllry/view/152/1997109,,2025-04-21,B550629,한국교육학술정보원
"이슬람 세계의 음식, 할랄과 하람",,이슬람 음식;할랄;하람;무슬림;돼지고기;할랄 음식;하람 음식;할랄 인증 마크;초등학교 3학년 사회 사회 변화와 우리 생활;초3 사회 사회 변화와 우리 생활;초등학교 6학년 사회 세,,,,,https://www.edunet.net/contsMvGllry/view/152/2012516,,2025-04-21,B550629,한국교육학술정보원
시장,,"시장;오일장;상설시장;전문시장;약령시장;수산시장;마트형 전통시장;초등학교 3학년 사회 우리가 살아가는 곳;초3 사회 우리가 살아가는 곳;초등학교 3학년 사회 우리 지역,다른 지역;",,,,,https://www.edunet.net/contsMvGllry/view/152/3524,,2025-04-21,B550629,한국교육학술정보원
시청과 도청,,시청;도청;시청에서 하는 일;도청에서 하는 일;시청과 도청에서 하는 일;서울 시청;초등학교 3학년 사회 우리가 살아가는 곳;초3 사회 우리가 살아가는 곳;초등학교 3학년 사회 우리,,,,,https://www.edunet.net/contsMvGllry/view/152/35704,,2025-04-21,B550629,한국교육학술정보원
터미널과 역,,터미널;역;버스터미널;기차역;새로운 역 건설;새로운 역 건설로 인한 중심지 변화;초등학교 3학년 사회 우리가 살아가는 곳;초3 사회 우리가 살아가는 곳;초등학교 3학년 사회 우리 ,,,,,https://www.edunet.net/contsMvGllry/view/152/2009410,,2025-04-21,B550629,한국교육학술정보원
문화란 무엇인가,,문화;문화의 의미;문화의 어원;문화인 것과 문화가 아닌 것;문화의 구성요소;물질 문화;비물질 문화;중학교 사회 문화의 이해와 창조;고등학교 사회문화 인간과 문화 현상의 이해;문화의,,,,,https://www.edunet.net/contsMvGllry/view/152/93860,,2025-04-21,B550629,한국교육학술정보원
물 전쟁,,"물 전쟁, 물 갈등, 자원, 물 부족, 물 분쟁",,,,,https://www.edunet.net/contsMvGllry/view/152/12192,,2025-04-21,B550629,한국교육학술정보원
카스피 해 이야기,,카스피 해;석유 매장지;천연가스 매장지;카스피 해를 둘러싼 주변국 입장;중학교 사회 자원의 개발과 이용;자원 문제와 자원의 이용;고등학교 세계지리 사회주의 붕괴 이후 변화를 겪는 ,,,,,https://www.edunet.net/contsMvGllry/view/152/47905,,2025-04-21,B550629,한국교육학술정보원
신재생 에너지,,신재생 에너지;새로운 에너지 자원 개발;신에너지;재생 에너지;중학교 사회 산업활동과 지역 변화;서비스업의 발달과 지역 변화;고등학교 한국지리 생활권 형성 기능;서비스 산업;생활권의,,,,,https://www.edunet.net/contsMvGllry/view/152/97580,,2025-04-21,B550629,한국교육학술정보원
새로운 에너지를 찾아서,,"미래 에너지, 친환경 에너지, 온실 효과, 풍력 발전, 조력 발전, 태양광, 바이오 에너지",,,,,https://www.edunet.net/contsMvGllry/view/152/101866,,2025-04-21,B550629,한국교육학술정보원
석유,,석유;검은 황금;석유가 생산되는 곳;석유가 매장된 나라;우리나라가 석유를 얻는 방법;해외 유전 개발;중학교 사회 자원의 개발과 이용;자원과 생활;고등학교 한국지리 생활권 형성 기능,,,,,https://www.edunet.net/contsMvGllry/view/152/2014658,,2025-04-21,B550629,한국교육학술정보원
자원과 주민 생활,,다이아몬드;시에라리온;자원;분쟁;중학교 2학년 사회;사회2;자원의 개발과 이용;다이아몬드;시에라리온;자원;분쟁,,,,,https://www.edunet.net/contsMvGllry/view/152/2048838,,2025-04-21,B550629,한국교육학술정보원
포이팅거 지도,,포이팅거 지도;포이팅거 지도에 담긴 정보;초등학교 3학년 사회 우리가 살아가는 곳;초3 사회 우리가 살아가는 곳;초등학교 6학년 사회 세계 여러 지역의 자연과 문화;초6 사회 세계,,,,,https://www.edunet.net/contsMvGllry/view/152/4782,,2025-04-21,B550629,한국교육학술정보원
심장을 닮은 지도,,심장을 닮은 지도;하트모양 지도;발트제뮐러 지도;세계기록유산;아피안의 세계지도;피네의 세계지도;메르카토르의 세계지도;초등학교 3학년 사회 우리가 살아가는 곳;초3 사회 우리가 살아,,,,,https://www.edunet.net/contsMvGllry/view/152/1979801,,2025-04-21,B550629,한국교육학술정보원
그리는 방법에 따라 달라지는 지도의 모양,,지도 모양;원통 투영법;원뿔 투영법;평면 투영법;메르카토르 도법;세계지도;다양한 모양의 세계지도;초등학교 3학년 사회 우리가 살아가는 곳;초3 사회 우리가 살아가는 곳;초등학교 6,,,,,https://www.edunet.net/contsMvGllry/view/152/2009548,,2025-04-21,B550629,한국교육학술정보원
쌀과 밀 이야기,,쌀;밀;쌀 직불금 제도;밀 달력;중학교 사회 자원의 개발과 이용;고등학교 세계지리 경제활동의 세계화;고등학교 한국지리 생산과 소비활동의 변화,,,,,https://www.edunet.net/contsMvGllry/view/152/13035,,2025-04-21,B550629,한국교육학술정보원
세계인이 사랑하는 커피,,커피;모카;에디오피아;이슬람;십자군 전쟁;고종황제;아라비카;로부스타;리베리카;여러나라 커피 마시는 방법;여러 종류 커피;중학교 사회 자원의 개발과 이용;고등학교 세계지리 경제활동의,,,,,https://www.edunet.net/contsMvGllry/view/152/1980379,,2025-04-21,B550629,한국교육학술정보원
"식량 옥수수, 에너지 옥수수",,옥수수;마야의 신화;옥수수로 만들어진 사람;바이오 에너지;옥수수로 만든 음식;팝콘;타코;스콘;중학교 사회 자원의 개발과 이용;고등학교 세계지리 경제활동의 세계화;고등학교 한국지리 ,,,,,https://www.edunet.net/contsMvGllry/view/152/2004134,,2025-04-21,B550629,한국교육학술정보원
그린피스와 세계식량계획(WFP)의 활약,,세계식량계획;WFP;NGO;그린피스;환경;기아;중학교 2학년 사회;사회2;통일 한국과 세계 시민의 역할;세계식량계획;WFP;NGO;그린피스;환경;기아,,,,,https://www.edunet.net/contsMvGllry/view/152/2048841,,2025-04-21,B550629,한국교육학술정보원
지속 가능한 발전,,지속가능한 발전;오늘날의 지속가능한 발전;지속가능성;로마클럽의 성장의 한계;유엔환경개발회의;리우 선언;리우 선언의 기본 원칙;의제21이 담고 있는 4개 부문의 내용;중학교 사회 지,,,,,https://www.edunet.net/contsMvGllry/view/152/21457,,2025-04-21,B550629,한국교육학술정보원
기후변화협약,,기후변화협약;사라질 위기에 처한 섬나라;몰디브;말레;지구 온난화;세계 곳곳에서 나타나는 이상기후현상;기후변화협약;온실가스 배출량을 줄이기 위한 약속;기후변화에 관한 유엔 기본협약;,,,,,https://www.edunet.net/contsMvGllry/view/152/35355,,2025-04-21,B550629,한국교육학술정보원
오존층 파괴와 몬트리올 의정서,,오존층 파괴;몬트리올 의정서;프레온 가스;오존층 파괴 원인;오존층의 파괴 과정;오존층을 지키기 위한 노력;중학교 사회 지역에 따라 다른 환경 문제;환경 보전을 위한 다양한 노력;고,,,,,https://www.edunet.net/contsMvGllry/view/152/2014960,,2025-04-21,B550629,한국교육학술정보원
동아시아의 영역 갈등,,동아시아의 영역 갈등;갈등의 원인;자원;동아시아의 영토분쟁 지역;조어도;쿠릴열도;쿠릴열도 자원 분포;중학교 사회 자원의 개발과 이용;에너지 자원을 둘러싼 지역 갈등;고등학교 세계지,,,,,https://www.edunet.net/contsMvGllry/view/152/2026046,,2025-04-21,B550629,한국교육학술정보원
국가와 영역,,국가;영역;영토;영해;영공;저조선;직선기선;세계에서 가장 넓은 영토;세계에서 가장 작은 영토;해군;영해가 없는 나라;티티카카호;중학교 사회 세계 속의 우리나라;우리 국토의 이해;고,,,,,https://www.edunet.net/contsMvGllry/view/152/2026052,,2025-04-21,B550629,한국교육학술정보원
독도가 우리 땅인 이유,,"독도, 시마네 현 고시, 일본,",,,,,https://www.edunet.net/contsMvGllry/view/152/8164,,2025-04-21,B550629,한국교육학술정보원
독도를 둘러싼 갈등,,일본 역사 왜곡;독도의 중요성;국제 사회속 우리나라의 인식;리앙쿠르 암초;독도를 지키기 위한 노력;중학교 사회 세계 속의 우리나라 독도;고등학교 한국지리 국토의 이해,,,,,https://www.edunet.net/contsMvGllry/view/152/35381,,2025-04-21,B550629,한국교육학술정보원
독도의 역사,,"독도, 우산도, 안용복, 홍순칠, 수비대",,,,,https://www.edunet.net/contsMvGllry/view/152/57851,,2025-04-21,B550629,한국교육학술정보원
독도의 자연환경,,"독도, 자연환경, 강수량, 지형, 괭이갈매기",,,,,https://www.edunet.net/contsMvGllry/view/152/63556,,2025-04-21,B550629,한국교육학술정보원
독도의 자연,,독도의 자연;독도;독도의 형성;천연기념물;독도의 생태계;독도의 지하자원;중학교 사회 세계 속의 우리나라 독도;고등학교 한국지리 국토의 이해,,,,,https://www.edunet.net/contsMvGllry/view/152/79908,,2025-04-21,B550629,한국교육학술정보원
독도를 지킨 영웅들,,"독도, 홍순철, 의용수비대",,,,,https://www.edunet.net/contsMvGllry/view/152/82178,,2025-04-21,B550629,한국교육학술정보원
독도의 생태계,,"독도, 생태계, 해조류, 서식처, 해역",,,,,https://www.edunet.net/contsMvGllry/view/152/1979169,,2025-04-21,B550629,한국교육학술정보원
대표자와 유권자의 역할,,민주주의;선거;투표;대표자;유권자;후보;초등 4학년 1학기 사회; 사회 4학년 1학기;초4 사회;민주주의와 주민 자치;민주주의;선거;투표;대표자;유권자;후보,,,,,https://www.edunet.net/contsMvGllry/view/152/2048825,,2025-04-21,B550629,한국교육학술정보원
다국적 기업,,다국적 기업;동인도회사;다국적 기억의 긍정적 효과;다국적 기업의 문제점;중학교 사회 산업활동과 지역 변화;공업의 발달과 지역 변화;고등학교 세계지리 일찍 산업화된 국가들;미국과 캐,,,,,https://www.edunet.net/contsMvGllry/view/152/29385,,2025-04-21,B550629,한국교육학술정보원
공정무역,,공정무역;일반무역과 공정무역의 비교;초콜릿;축구공;어린이의 눈물;공정무역의 효과;중학교 사회 국제 경제와 세계화;세계화와 경제 협력;고등학교 세계지리 세계의 인문 환경,,,,,https://www.edunet.net/contsMvGllry/view/152/83084,,2025-04-21,B550629,한국교육학술정보원
농업의 세계화,,농업의 세계화;글로벌 농업의 문제점;인도네시아의 위기;인도네시아의 위치;중학교 사회 산업활동과 지역 변화;농업과 광업 지역의 변화;고등학교 세계지리 세계의 인문환경,,,,,https://www.edunet.net/contsMvGllry/view/152/100896,,2025-04-21,B550629,한국교육학술정보원
브랜드 메이킹,,브랜드 메이킹;도시와 브랜드;세계적인 도시 브랜드;중학교 사회 산업활동과 지역 변화;서비스업의 발달과 지역 변화;고등학교 한국지리 생활권 형성 기능;서비스 산업;고등학교 한국지리 ,,,,,https://www.edunet.net/contsMvGllry/view/152/1968231,,2025-04-21,B550629,한국교육학술정보원
장소마케팅,,장소마케팅;장소 마케팅 방법;세계적으로 유명한 장소 마케팅;중학교 사회 산업활동과 지역 변화;서비스업의 발달과 지역 변화;고등학교 한국지리 생활권 형성 기능;서비스 산업;고등학교 ,,,,,https://www.edunet.net/contsMvGllry/view/152/1977528,,2025-04-21,B550629,한국교육학술정보원
세계의 생태 도시,,세계의 생태 도시;생태도시;신재생에너지;중학교 사회 지역에 따라 다른 환경 문제;환경 문제에 대한 대책;고등학교 한국지리 생활권의 형성과 변화;도시,,,,,https://www.edunet.net/contsMvGllry/view/152/1987609,,2025-04-21,B550629,한국교육학술정보원
사냥과 채집을 위한 지도,,사냥과 채집을 위한 지도;글지와 종이 없이 만든 지도;스틱 차트;나무판 지도;구술 지도;노래나 이야기로 만들어 전해진 구술 지도;물개 가죽 지도;과거의 지도;초등학교 3학년 사회 ,,,,,https://www.edunet.net/contsMvGllry/view/152/26927,,2025-04-21,B550629,한국교육학술정보원
"지도, 왜 만들었을까",,지도;주변지역 안내도;지도를 만든 이유;약도;관광지도;초등학교 3학년 사회 우리가 살아가는 곳;초3 사회 우리가 살아가는 곳;초등학교 6학년 사회 세계 여러 지역의 자연과 문화;초,,,,,https://www.edunet.net/contsMvGllry/view/152/61734,,2025-04-21,B550629,한국교육학술정보원
사람들의 생각을 나타내는 심상지도,,심상지도;고대 바빌로니아 점토판 지도;TO지도;초등학교 3학년 사회 우리가 살아가는 곳;초3 사회 우리가 살아가는 곳;초등학교 6학년 사회 세계 여러 지역의 자연과 문화;초6 사회,,,,,https://www.edunet.net/contsMvGllry/view/152/79482,,2025-04-21,B550629,한국교육학술정보원
미래의 대중교통수단,,대중교통수단;철도;우리나라 철도의 발달;제트 추진 열차;소형열차;PRT;초고속 튜브열차;튜트레인;초고속 자기부상열차;초등학교 3학년 사회 이동과 소통하기;초3 사회 이동과 소통하기,,,,,https://www.edunet.net/contsMvGllry/view/152/15940,,2025-04-21,B550629,한국교육학술정보원
미래의 친환경적 대중교통,,"미래의 교통수단, 자기 부상 열차, 스카이 트랜, 쉬입",,,,,https://www.edunet.net/contsMvGllry/view/152/23347,,2025-04-21,B550629,한국교육학술정보원
드론이 바꾸는 세상,,"드론;무인 항공기;항공 촬영;드론이 바꾸는 미래;초등학교 3학년 사회 이동과 소통하기;초3 사회 이동과 소통하기;초등학교 6학년 사회 정보화,세계화 그리고 우리;초6 사회 정보화,",,,,,https://www.edunet.net/contsMvGllry/view/152/40092,,2025-04-21,B550629,한국교육학술정보원
미래의 개인용 이동수단,,"미래 개인용 이동수단;세그웨이;솔로휠;제트팩;초등학교 3학년 사회 이동과 소통하기;초3 사회 이동과 소통하기;초등학교 6학년 사회 정보화,세계화 그리고 우리;초6 사회 정보화,세계",,,,,https://www.edunet.net/contsMvGllry/view/152/41887,,2025-04-21,B550629,한국교육학술정보원
지역을 재활용하다,,"지역 재활용;탄광촌;세계 문화유산;석탄 박물관;IBA 엠셔파크 프로젝트;초등학교 3학년 사회 우리 지역, 다른 지역;초3 사회 우리지역, 다른 지역;초등학교 3학년 사회 지역사회의",,,,,https://www.edunet.net/contsMvGllry/view/152/40211,,2025-04-21,B550629,한국교육학술정보원
마을 재생 프로젝트3,,"주민참여, 도시 재개발, 마을 재생, 공공 미술, 기울어진 호, 돌산 마을, 문래 예술촌",,,,,https://www.edunet.net/contsMvGllry/view/152/52879,,2025-04-21,B550629,한국교육학술정보원
마을 재생 프로젝트1,,"주민참여, 도시 재개발, 마을 재생, 동피랑 벽화 마을, 이화 벽화 마을, 개미 마을",,,,,https://www.edunet.net/contsMvGllry/view/152/88604,,2025-04-21,B550629,한국교육학술정보원
건물을 재활용하다,,"건물 재활용;버려진 건물 이용;데이트 모던 미술관;새로운 모습으로 재활용된 건물;초등학교 3학년 사회 우리 지역, 다른 지역;초3 사회 우리지역, 다른 지역;초등학교 3학년 사회 ",,,,,https://www.edunet.net/contsMvGllry/view/152/1970820,,2025-04-21,B550629,한국교육학술정보원
마을 재생 프로젝트2,,"주민참여, 도시 재개발, 마을 재생, 공공 미술, 감천 문화 마을",,,,,https://www.edunet.net/contsMvGllry/view/152/1981771,,2025-04-21,B550629,한국교육학술정보원
벽화 마을을 통해 본 지역의 발전,,"벽화 마을;개미마을;행궁동 벽화마을;초등학교 3학년 사회 우리 지역, 다른 지역;초3 사회 우리지역, 다른 지역;초등학교 3학년 사회 지역사회의 발전;초3 사회 지역사회의 발전;초",,,,,https://www.edunet.net/contsMvGllry/view/152/1998062,,2025-04-21,B550629,한국교육학술정보원
마을을 되살리다,,"고토부키;마을 되살리기;고토랩;되살아난 마을;초등학교 3학년 사회 우리 지역, 다른 지역;초3 사회 우리지역, 다른 지역;초등학교 3학년 사회 지역사회의 발전;초3 사회 지역사회의",,,,,https://www.edunet.net/contsMvGllry/view/152/2023671,,2025-04-21,B550629,한국교육학술정보원
대중 매체의 등장,,대중 매체;뉴 미디어;대중문화의 특징;대중 매체의 장단점;간접 광고;PPL;고등학교 사회 문화 인간과 문화 현상의 이해;문화의 속성과 일상생활,,,,,https://www.edunet.net/contsMvGllry/view/152/15002,,2025-04-21,B550629,한국교육학술정보원
문화가 담긴 세계의 음식,,"세계의 음식, 음식과 문화",,,,,https://www.edunet.net/contsMvGllry/view/152/27848,,2025-04-21,B550629,한국교육학술정보원
문화를 이해하는 태도,,자문화 중심주의;문화 사대주의;문화 상대주의;문화를 이해하는 관점;중학교 사회 문화의 이해와 창조;고등학교 사회문화 인간과 문화 현상의 이해;문화의 의미와 문화 현상의 이해,,,,,https://www.edunet.net/contsMvGllry/view/152/36662,,2025-04-21,B550629,한국교육학술정보원
수가 적으면 사회적 소수자일까,,"사회적 소수자, 다문화 사회",,,,,https://www.edunet.net/contsMvGllry/view/152/42636,,2025-04-21,B550629,한국교육학술정보원
온돌로 보는 문화의 특징,,온돌;온돌의 원리;온돌로 보는 문화의 특징;초등학교 3학년 사회 고장의 생활과 변화;초3 사회 고장의 생활과 변화;지혜를 담아 온 생활 도구;중학교 사회 문화의 이해와 창조;고등학,,,,,https://www.edunet.net/contsMvGllry/view/152/42806,,2025-04-21,B550629,한국교육학술정보원
도시의 빛과 그림자,,도시의 빛과 그림자;부자 동네;빗장도시;요새;가난한 동네;빈민촌;달동네;슬럼;초등학교 3학년 사회 도시의 발달과 주민 생활;초3 사회 도시의 발달과 주민 생활;초등학교 6학년 사회,,,,,https://www.edunet.net/contsMvGllry/view/152/31395,,2025-04-21,B550629,한국교육학술정보원
꿈의 생태도시 - 브라질 쿠리치바,,생태도시;브라질 쿠리치바;희망의 도시;버스 중심 교통 시스템;굴절형 버스;원통형 버스 승강장;바리귀 공원;사웅 로렌소 공원;초등학교 3학년 사회 도시의 발달과 주민 생활;초3 사회,,,,,https://www.edunet.net/contsMvGllry/view/152/45521,,2025-04-21,B550629,한국교육학술정보원
유럽의 도시는 어떻게 발달하였을까,,"도시, 삶터, 고대 도시, 중세의 도시, 근대의 도시",,,,,https://www.edunet.net/contsMvGllry/view/152/83913,,2025-04-21,B550629,한국교육학술정보원
슬로시티,,슬로시티;Slow City;오르비에토;오르비에토 위치;슬로시티 국제 연맹 로고의 뜻;슬로시티 선언;우리나라 슬로시티;초등학교 3학년 사회 도시의 발달과 주민 생활;초3 사회 도시의,,,,,https://www.edunet.net/contsMvGllry/view/152/88241,,2025-04-21,B550629,한국교육학술정보원
버스가 왜 중앙 차로로 달리죠,,"버스 전용 차로제, 교통 수단",,,,,https://www.edunet.net/contsMvGllry/view/152/2002240,,2025-04-21,B550629,한국교육학술정보원
도시,,도시;도읍;시장;산업의 발달과 도시 발달;도시의 역할;중심 역할에 따라 구분되는 도시;초등학교 3학년 사회 도시의 발달과 주민 생활;초3 사회 도시의 발달과 주민 생활;초등학교 3,,,,,https://www.edunet.net/contsMvGllry/view/152/63917,,2025-04-21,B550629,한국교육학술정보원
촌락,,촌락;촌락의 의미;촌락 사람들의 생활 모습;전통 문화를 간직하고 있는 촌락;정주 공간;초등학교 3학년 사회 도시의 발달과 주민 생활;초3 사회 도시의 발달과 주민 생활;초등학교 3,,,,,https://www.edunet.net/contsMvGllry/view/152/70816,,2025-04-21,B550629,한국교육학술정보원
촌락과 도시의 구별,,촌락과 도시;촌락과 도시의 구별;촌락과 도시를 구분하는 기준;여러 국가의 도시 설정 기준;촌락과 도시의 상호 의존 관계;초등학교 3학년 사회 도시의 발달과 주민 생활;초3 사회 도,,,,,https://www.edunet.net/contsMvGllry/view/152/1982246,,2025-04-21,B550629,한국교육학술정보원
KTX 지방 도시를 달린다,,"KTX, 고속철도, 도시의 발달",,,,,https://www.edunet.net/contsMvGllry/view/152/19829,,2025-04-21,B550629,한국교육학술정보원
신도시,,신도시;전원도시 운동;수원 화성;목적에 따라 개발된 신도시;건설 목적에 따른 신도시 구분;신도시에서 나타나는 문제점;초등학교 3학년 사회 도시의 발달과 주민 생활;초3 사회 도시의,,,,,https://www.edunet.net/contsMvGllry/view/152/26266,,2025-04-21,B550629,한국교육학술정보원
도시 문제,,도시 문제;도시문제가 발생하는 원인;도시 문제의 종류;교통 체증;환경문제;도시 문제를 해결하기 위한 노력;초등학교 3학년 사회 도시의 발달과 주민 생활;초3 사회 도시의 발달과 주,,,,,https://www.edunet.net/contsMvGllry/view/152/2009241,,2025-04-21,B550629,한국교육학술정보원
우리나라 도시의 발달,,우리나라 도시의 발달;시대에 따른 도시 발달의 조건;행정 중심지에 발달한 도시;상업 중심지에 발달한 도시;교통 중심지에 발달한 도시;공업 중심지에 발달한 도시;초등학교 3학년 사회,,,,,https://www.edunet.net/contsMvGllry/view/152/2023966,,2025-04-21,B550629,한국교육학술정보원
"촌락의 생활 - 농촌, 어촌, 산촌",,촌락의 생활;농촌;어촌;산촌;촌락의 위치에 따른 분류;촌락의 기능에 따른 분류;반농 반어촌;산지촌;평야 지역 농업;산지 지역 농업;계단식 경작;고랭지 농업;코르디레라스;초등학교 3,,,,,https://www.edunet.net/contsMvGllry/view/152/74404,,2025-04-21,B550629,한국교육학술정보원
촌락에서 배우는 우리 조상들의 지혜,,촌락에서 배우는 우리 조상들의 지혜;닭실 마을;달실 마을;원터 마을;초등학교 3학년 사회 촌락의 형성과 변화;초3 사회 촌락의 형성과 변화;초등학교 6학년 사회 우리국토의 모습과 ,,,,,https://www.edunet.net/contsMvGllry/view/152/80686,,2025-04-21,B550629,한국교육학술정보원
촌락의 입지,,촌락의 입지;촌락;배산임수;물과 촌락의 입지;물과 촌락;제주도 용천대의 위치;교통과 촌락의 입지;역원 촌락;나루터 촌락;외적의 방어와 촌락의 입지;조선 시대 촌락의 입지;택리지로 ,,,,,https://www.edunet.net/contsMvGllry/view/152/2000018,,2025-04-21,B550629,한국교육학술정보원
촌락의 형태,,촌락의 형태;가옥의 밀집 정도에 따른 촌락의 형태;평면 형태에 따른 촌락의 형태;괴촌;가촌;환촌;촌락의 가옥 형태;초가집;너와집;겹집과 홑집의 구조;지역적 특색에 따른 전통 가옥;,,,,,https://www.edunet.net/contsMvGllry/view/152/2009820,,2025-04-21,B550629,한국교육학술정보원
우리나라는 식량 수입국,,식량 자원;식량 자원의 위기;우리나라 곡물 자급률;곡물 자급률;애그플레이션;애그플레이션과 물가;식량 위기의 원인;애그플레이션의 원인;종자와 농업의 관계;종자전쟁;초등학교 3학년 사,,,,,https://www.edunet.net/contsMvGllry/view/152/13865,,2025-04-21,B550629,한국교육학술정보원
로컬푸드와 푸드마일,,로컬푸드;푸드마일;신토불이;로컬푸드 운동;로컬푸드의 체계;푸드마일의 비교;초등학교 3학년 사회 촌락의 형성과 변화;초3 사회 촌락의 형성과 변화;초등학교 6학년 사회 우리국토의 모,,,,,https://www.edunet.net/contsMvGllry/view/152/13908,,2025-04-21,B550629,한국교육학술정보원
4차 산업 혁명과 촌락 변화1,,"4차 산업, 4차 산업 혁명, 4차 혁명 기술, 농부 로봇, 농업용 인공위성, 농약 살포용 드론, 식물 공장",,,,,https://www.edunet.net/contsMvGllry/view/152/58219,,2025-04-21,B550629,한국교육학술정보원
농업의 6차 산업화,,농업의 6차 산업화;산업의 새로운 분류;6차 산업의 이해;농어촌 체험 마을;초등학교 3학년 사회 촌락의 형성과 변화;초3 사회 촌락의 형성과 변화;초등학교 6학년 사회 우리국토의 ,,,,,https://www.edunet.net/contsMvGllry/view/152/58252,,2025-04-21,B550629,한국교육학술정보원
4차 산업 혁명과 촌락 변화 2,,"4차 산업, 4차 산업 혁명, 4차 혁명 기술, 미래 농업",,,,,https://www.edunet.net/contsMvGllry/view/152/84875,,2025-04-21,B550629,한국교육학술정보원
귀농과 귀촌,,귀농;귀촌;인구 U턴현상;귀농과 귀촌의 이유;귀농과 귀촌의 인구 수;지역별 귀농 가구 현황;초등학교 3학년 사회 촌락의 형성과 변화;초3 사회 촌락의 형성과 변화;초등학교 6학년 ,,,,,https://www.edunet.net/contsMvGllry/view/152/87779,,2025-04-21,B550629,한국교육학술정보원
4차 산업 혁명과 촌락 변화 3,,"4차 산업, 4차 산업 혁명, 4차 혁명 기술, 미래 농업, 이스라엘 농업, 점적 관수 기술",,,,,https://www.edunet.net/contsMvGllry/view/152/2026378,,2025-04-21,B550629,한국교육학술정보원
선거,,선거;직접민주제;대의민주제;선거의 변천;보통선거;여성의 참정권 운동;초등학교 3학년 사회 민주주의와 주민 자치;초3 사회 민주주의와 주민 자치;초등학교 6학년 사회 우리나라의 민주,,,,,https://www.edunet.net/contsMvGllry/view/152/30355,,2025-04-21,B550629,한국교육학술정보원
선거 로고송,,선거 로고송;로고송에 사용되는 음악;트로트;초등학교 3학년 사회 민주주의와 주민 자치;초3 사회 민주주의와 주민 자치;초등학교 6학년 사회 우리나라의 민주 정치;초6 사회 우리나라,,,,,https://www.edunet.net/contsMvGllry/view/152/67788,,2025-04-21,B550629,한국교육학술정보원
선거 상식,,선거 상식;의무투표제;강제 투표;의무투표제 국가 투표율;자율투표제 국가의 투표율;기표도구;기표 표시의 의미;중앙선거관리위원회;선거일이 수요일인 이유;초등학교 3학년 사회 민주주의와,,,,,https://www.edunet.net/contsMvGllry/view/152/1997178,,2025-04-21,B550629,한국교육학술정보원
투영법이 하는 거짓말,,투영법;메르카토르 도법;메르카토르 도법 단점;페터스 도법;페터스 도법의 단점;초등학교 3학년 사회 우리가 살아가는 곳;초3 사회 우리가 살아가는 곳;초등학교 6학년 사회 세계 여러,,,,,https://www.edunet.net/contsMvGllry/view/152/11217,,2025-04-21,B550629,한국교육학술정보원
이상한 지하철 노선도,,지하철 노선도;실제 지도와 다른 지하철 노선도;지하철 노선도에서 위치와 실제 위치;지하철 노선도는 어떻게 만들어진 것;지하철 노선도의 발전;인터넷 지하철 노선도;초등학교 3학년 사,,,,,https://www.edunet.net/contsMvGllry/view/152/1972339,,2025-04-21,B550629,한국교육학술정보원
축척이 하는 거짓말,,축척;축척을 표현하는 다양한 방법;소축척지도;대축척지도;축척에 따른 지도의 정보 내용과 양;축척에 따른 지도 모습;초등학교 3학년 사회 우리가 살아가는 곳;초3 사회 우리가 살아가,,,,,https://www.edunet.net/contsMvGllry/view/152/1976680,,2025-04-21,B550629,한국교육학술정보원
도로명 주소,,도로명 주소;도로명 주소 체계;도로명 주소의 변경;도로명 주소의 규칙;건물 번호 부여의 예;용도에 따른 도로명 주소 푯말;중학교 사회 내가 사는 세계;고등학교 세계지리 세계화와 지,,,,,https://www.edunet.net/contsMvGllry/view/152/40123,,2025-04-21,B550629,한국교육학술정보원
위치란 무엇인가,,위치;우리나라 지리적 위치;우리나라 수리적 위치;위선과 경선;중학교 사회 내가 사는 세계;고등학교 세계지리 세계화와 지역 이해,,,,,https://www.edunet.net/contsMvGllry/view/152/100794,,2025-04-21,B550629,한국교육학술정보원
전국 일주에 필요한 지도 읽기,,지도 읽기;지도상의 두 지점 사이의 실제 거리;축척의 계산;소축척지도;대축척지도;4방위와 8방위 방위표;등고선;등고선의 평면도와 단면도;중학교 사회 내가 사는 세계;고등학교 세계지,,,,,https://www.edunet.net/contsMvGllry/view/152/1977010,,2025-04-21,B550629,한국교육학술정보원
랜드마크,,랜드마크;랜드마크를 활용한 우리 동네 지도;신세계 7대 불가사의;마추픽추;만리장성;콜로세움;타지마할;예수상;중학교 사회 내가 사는 세계;고등학교 세계지리 세계화와 지역 이해;고등학,,,,,https://www.edunet.net/contsMvGllry/view/152/2027015,,2025-04-21,B550629,한국교육학술정보원
지중해성 기후와 주민 생활,,지중해성 기후;지중해성 기후의 특징;아열대고기압의 영향;편서풍;시에스타;중학교 사회 인간 거주 조건으로서의 자연 환경;자연으로 떠나는 여행;고등학교 세계지리 세계의 다양한 자연 환,,,,,https://www.edunet.net/contsMvGllry/view/152/41812,,2025-04-21,B550629,한국교육학술정보원
유럽의 축제,,유럽의 축제;스웨덴의 하지축제;독일의 옥토버페스트;라 토마티나;스페인 토마토 축제;산 페르민 축제;중학교 사회 인간 거주 조건으로서의 자연 환경;문화의 이해화 창조;고등학교 세계지,,,,,https://www.edunet.net/contsMvGllry/view/152/60541,,2025-04-21,B550629,한국교육학술정보원
서안해양성 기후와 주민 생활,,서안해양성 기후;서안해양성 기후의 특징;북대서양 난류와 편서풍의 영향;열평형;세계의 해류;대기의 대순한;서안해양성 기후로 인한 주민 생활;중학교 사회 인간 거주 조건으로서의 자연 ,,,,,https://www.edunet.net/contsMvGllry/view/152/90460,,2025-04-21,B550629,한국교육학술정보원
한대 기후,,"한대 기후;빙설기후;툰드라기후;ET;EF;타이타닉;중학교 1학년 사회 극한 지역에서의 생활, 자연으로 떠나는 여행;고등학교 한국지리 기후 환경의 변화;고등학교 세계지리 세계의 다양",,,,,https://www.edunet.net/contsMvGllry/view/152/33626,,2025-04-21,B550629,한국교육학술정보원
기후,,"기후;기상;일기;쾨펜;쾨펜의 기후 구분;쾨펜의 기후 구분 1차 구분;쾨펜의 기후 구분 2차 구분;중학교 1학년 사회 극한 지역에서의 생활, 자연으로 떠나는 여행;고등학교 한국지리 ",,,,,https://www.edunet.net/contsMvGllry/view/152/63241,,2025-04-21,B550629,한국교육학술정보원
건조 기후,,건조 기후;스텝기후;사막;사막 형성 원인;사막 부폰;비가 오는 원리;사막 지형의 특징;사막포도;삼릉석;벤티팩트;버섯바위;샐테이션;사구;바르한;에르그;황사구;성사구;중학교 1학년 사,,,,,https://www.edunet.net/contsMvGllry/view/152/2027958,,2025-04-21,B550629,한국교육학술정보원
제주의 화산,,제주의 화산;한라산;산방산;한라산의 생성;산방산에 대한 전설;중학교 사회 자연으로 떠나는 여행;고등학교 한국지리 지형 환경과 생태계;고등학교 세계지리 세계의 다양한 자연환경,,,,,https://www.edunet.net/contsMvGllry/view/152/64607,,2025-04-21,B550629,한국교육학술정보원
"제주의 기생화산, 오름",,기생화산;오름;제주도의 오름;다랑쉬 오름;성산 일출봉;산굼부리;화산쇄설물;중학교 사회 자연으로 떠나는 여행;고등학교 한국지리 지형 환경과 생태계;고등학교 세계지리 세계의 다양한 자,,,,,https://www.edunet.net/contsMvGllry/view/152/71144,,2025-04-21,B550629,한국교육학술정보원
용암이 만든 지형,,용암이 만든 지형;용암이 만든 동굴;용암동굴 형성과정;석회동굴;주상절리;주상절리 형성;중학교 사회 자연으로 떠나는 여행;고등학교 한국지리 지형 환경과 생태계;고등학교 세계지리 세계,,,,,https://www.edunet.net/contsMvGllry/view/152/1994599,,2025-04-21,B550629,한국교육학술정보원
강수,,강수;홍수;대류성 강수;소나기;스콜;지형성 강우;다우지;높새바람;전선성 강수;장마;저기압성 강수;태풍;중학교 사회 자연재해와 인간 생활;고등학교 한국지리 기후환경의 변화;고등학교 ,,,,,https://www.edunet.net/contsMvGllry/view/152/43480,,2025-04-21,B550629,한국교육학술정보원
물 부족,,물 부족;세계의 수자원 현황;물 부족국가;사막화;아랄 해;차칸노르 호수;차드 호;중학교 사회 자연재해와 인간 생활;고등학교 한국지리 기후환경의 변화;고등학교 세계지리 갈등과 공존의,,,,,https://www.edunet.net/contsMvGllry/view/152/73049,,2025-04-21,B550629,한국교육학술정보원
태풍,,태풍;전향력;허리케인;사이클론;윌리윌리;태풍 발생지역;태풍의 이름;태풍의 오른쪽;가항반원;위험반원;착한 태풍;중학교 사회 자연재해와 인간 생활;고등학교 한국지리 기후환경의 변화;고,,,,,https://www.edunet.net/contsMvGllry/view/152/2028095,,2025-04-21,B550629,한국교육학술정보원
인구 절벽,,"인구 절벽, 인구 문제, 인구 변화",,,,,https://www.edunet.net/contsMvGllry/view/152/39540,,2025-04-21,B550629,한국교육학술정보원
저출산 고령화가 우리 삶에 어떤 영향을 줄까,,"인구, 저출산, 고령화, 통계, 부양",,,,,https://www.edunet.net/contsMvGllry/view/152/58674,,2025-04-21,B550629,한국교육학술정보원
우리나라의 인구정책,,우리나라의 인구정책;1960년대의 인구정책;1970년대 인구정책;1980년대 인구정책;1990년대 인구정책;2000년대 인구정책;저출산 문제와 관련된 신조어;중학교 사회 인구변화와,,,,,https://www.edunet.net/contsMvGllry/view/152/1971132,,2025-04-21,B550629,한국교육학술정보원
지구촌의 인구 시계,,지구촌의 인구 시계;인구를 예언한 맬더스;맬더스;인구예언;맬더스가 예언한 인구증가의 억제;맬더스적 딜레마;중학교 사회 인구변화와 인구문제;고등학교 한국지리 국토의 지속 가능한 발전,,,,,https://www.edunet.net/contsMvGllry/view/152/2014174,,2025-04-21,B550629,한국교육학술정보원
북한의 인구정책,,북한의 인구정책;북한과 우리나라의 인구정책 공통점;북한과 우리나라의 인구정책 차이점;북한의 인구 구성도;중학교 사회 인구변화와 인구문제;고등학교 한국지리 국토의 지속 가능한 발전;,,,,,https://www.edunet.net/contsMvGllry/view/152/2020242,,2025-04-21,B550629,한국교육학술정보원
탄소 제로를 꿈꾸는 독일 프라이부르크,,탄소 제로;독일 프라이부르크;탄소 제로 도시;신선한 공기를 끌어들이는 수로와 바람길;솔라시티;Solar City;그린홈;에너지 독립형 주택;바이오맥스 에너지;풍력;태양에너지;탄소 ,,,,,https://www.edunet.net/contsMvGllry/view/152/13867,,2025-04-21,B550629,한국교육학술정보원
장소를 팝니다,,"Sell the Place,  생활 공간, 장소 마케팅",,,,,https://www.edunet.net/contsMvGllry/view/152/31350,,2025-04-21,B550629,한국교육학술정보원
도시 내부의 다양한 모습,,"도시, 도시의 내부의 모습, 도심, 부도심, 중간 지역, 외곽 지역",,,,,https://www.edunet.net/contsMvGllry/view/152/78894,,2025-04-21,B550629,한국교육학술정보원
청소년기와 사회화,,"사회화, 청소년기",,,,,https://www.edunet.net/contsMvGllry/view/152/48273,,2025-04-21,B550629,한국교육학술정보원
사회 집단 간의 차별과 갈등,,"사회 집단, 차별, 갈등, 로힝야족",,,,,https://www.edunet.net/contsMvGllry/view/152/50110,,2025-04-21,B550629,한국교육학술정보원
변방 늙은이의 말(새옹지마),,"새옹지마, 고사성어, 인생, 낙관적, 태도",,,,,https://www.edunet.net/contsMvGllry/view/152/78952,,2025-04-21,B550629,한국교육학술정보원
선플달기 운동,,"선플, 악플, 범죄, 칭찬, 위로",,,,,https://www.edunet.net/contsMvGllry/view/152/1969338,,2025-04-21,B550629,한국교육학술정보원
믿음의 중요성(무신불립),,"무신불립, 고사성어, 신뢰, 믿음, 공자",,,,,https://www.edunet.net/contsMvGllry/view/152/1976114,,2025-04-21,B550629,한국교육학술정보원
역할 갈등,,"역할 갈등, 역할 갈등의 해결",,,,,https://www.edunet.net/contsMvGllry/view/152/1995759,,2025-04-21,B550629,한국교육학술정보원
퍼스널 스페이스,,"퍼스널 스페이스, 거리, 공간, 친구, 가족",,,,,https://www.edunet.net/contsMvGllry/view/152/2003332,,2025-04-21,B550629,한국교육학술정보원
고조선의 건국 과정,,"고조선, 고조선의 건국 과정, 건국 신화, 단군 신화",,,,,https://www.edunet.net/contsMvGllry/view/152/30703,,2025-04-21,B550629,한국교육학술정보원
세계 여러 문명 발상지의 공통점,,"문명, 문명의 발상지, 도시 국가의 형성, 문자의 사용",,,,,https://www.edunet.net/contsMvGllry/view/152/73410,,2025-04-21,B550629,한국교육학술정보원
삼국시대 한강 유역의 의미,,"한강 유역, 장미산성, 삼국시대 한강 유역",,,,,https://www.edunet.net/contsMvGllry/view/152/18814,,2025-04-21,B550629,한국교육학술정보원
고구려의 국제적 위상,,"고구려 전성기, 광개토대왕, 장수왕",,,,,https://www.edunet.net/contsMvGllry/view/152/64006,,2025-04-21,B550629,한국교육학술정보원
백제의 해외 진출,,"백제의 대외 교류, 백제 유물, 백제의 해외 진출",,,,,https://www.edunet.net/contsMvGllry/view/152/92014,,2025-04-21,B550629,한국교육학술정보원
발해가 우리 역사인 이유,,"발해, 정혜공주 무덤, 발해의 고구려 계승",,,,,https://www.edunet.net/contsMvGllry/view/152/1978809,,2025-04-21,B550629,한국교육학술정보원
삼국 통일을 완성한 문무왕,,"삼국통일, 문무왕, 나당 전쟁",,,,,https://www.edunet.net/contsMvGllry/view/152/2000797,,2025-04-21,B550629,한국교육학술정보원
"다양한 생물의 서식지, 순천만",,"순천만, 습지, 람사르 협약",,,,,https://www.edunet.net/contsMvGllry/view/152/288,,2025-04-21,B550629,한국교육학술정보원
"세계의 지붕, 히말라야 산맥",,"히말라야 산맥, 가장 높은 산, 히말라야 산맥의 생성",,,,,https://www.edunet.net/contsMvGllry/view/152/31932,,2025-04-21,B550629,한국교육학술정보원
장엄한 대자연의 역사를 간직한 그랜드캐니언,,"그랜드캐니언, 협곡, 침식 작용, 스카이 워크",,,,,https://www.edunet.net/contsMvGllry/view/152/65443,,2025-04-21,B550629,한국교육학술정보원
그리스 산토리니섬의 건물은 왜 하얀색일까,,"산토리니섬, 세계의 기후, 크레타 문명",,,,,https://www.edunet.net/contsMvGllry/view/152/73869,,2025-04-21,B550629,한국교육학술정보원
"거울처럼 맑은 석호, 경포호",,"경포호, 석호 형성 과정",,,,,https://www.edunet.net/contsMvGllry/view/152/83756,,2025-04-21,B550629,한국교육학술정보원
"고향을 잃고 떠도는 사람들, 난민",,"난민, 내전, 전쟁, 종교, 평화",,,,,https://www.edunet.net/contsMvGllry/view/152/10498,,2025-04-21,B550629,한국교육학술정보원
국제사법재판소와 국제법,,"국제사법재판소, 국제법",,,,,https://www.edunet.net/contsMvGllry/view/152/17117,,2025-04-21,B550629,한국교육학술정보원
야스쿠니 신사,,"신사참배, 일본, 야스쿠니 신사",,,,,https://www.edunet.net/contsMvGllry/view/152/18649,,2025-04-21,B550629,한국교육학술정보원
명절로 알아보는 세계의 문화,,"명절, 추석, 설잘, 추수감사절, 오봉",,,,,https://www.edunet.net/contsMvGllry/view/152/84231,,2025-04-21,B550629,한국교육학술정보원
"강대국의 두 얼굴, 파리 기후 변화 협약",,"파리 기후 변화 협약, 교토의정서, 지구 온난화",,,,,https://www.edunet.net/contsMvGllry/view/152/1984028,,2025-04-21,B550629,한국교육학술정보원
다문화 사회를 알아봅시다.,,"다문화, 결혼, 언어장벽, 인종, 종교",,,,,https://www.edunet.net/contsMvGllry/view/152/1996597,,2025-04-21,B550629,한국교육학술정보원
약탈문화재 반환(외규장각 의궤),,"문화재, 약탈, 조선왕실의궤, 규장각, 반환",,,,,https://www.edunet.net/contsMvGllry/view/152/2021771,,2025-04-21,B550629,한국교육학술정보원
독재에 대항한 4·19혁명 - 이승만 대통령,,"4.19혁명, 민주화 과정, 이승만",,,,,https://www.edunet.net/contsMvGllry/view/152/28546,,2025-04-21,B550629,한국교육학술정보원
대한민국의 빛과 그림자 - 박정희 대통령,,"박정희, 민주화 과정, 10월 유신, 독재 정치",,,,,https://www.edunet.net/contsMvGllry/view/152/97247,,2025-04-21,B550629,한국교육학술정보원
로봇세,,"로봇세, 4차 산업, 산업 혁명",,,,,https://www.edunet.net/contsMvGllry/view/152/2016077,,2025-04-21,B550629,한국교육학술정보원
경주역사유적지구,,"경주, 신라, 포석정, 석굴암, 불국사, 석가탑, 다보탑",,,,,https://www.edunet.net/contsMvGllry/view/152/26100,,2025-04-21,B550629,한국교육학술정보원
일본의 역사 교과서 왜곡,,"역사 왜곡, 식민지, 위안부 문제, 일본의 역사 왜곡",,,,,https://www.edunet.net/contsMvGllry/view/152/57805,,2025-04-21,B550629,한국교육학술정보원
6월은 호국 보훈의 달이래요.,,"호국보훈, 전쟁, 희생, 영웅, 현충일",,,,,https://www.edunet.net/contsMvGllry/view/152/60906,,2025-04-21,B550629,한국교육학술정보원
다양한 우리나라의 상징,,"국기, 태극기, 무궁화, 애국가, 상징",,,,,https://www.edunet.net/contsMvGllry/view/152/2016418,,2025-04-21,B550629,한국교육학술정보원
저발전 국가는 선진국이 될 수 있을까,,"남북문제, 근대화 이론, 종속 이론",,,,,https://www.edunet.net/contsMvGllry/view/152/2024432,,2025-04-21,B550629,한국교육학술정보원
경제 지표로 보는 우리나라 경제사,,"경제 지표, 경제 상황, 경제 성장률, 1인당 국민 총소득, 물가상승률, 실업률",,,,,https://www.edunet.net/contsMvGllry/view/152/21685,,2025-04-21,B550629,한국교육학술정보원
빅맥의 가격은 어디서나 똑같을까,,"환율, 빅맥 지수, 구매력 평가설",,,,,https://www.edunet.net/contsMvGllry/view/152/47528,,2025-04-21,B550629,한국교육학술정보원
일관성 있는 행동이 중요하다,,"동태적 비일관성, 정책",,,,,https://www.edunet.net/contsMvGllry/view/152/57429,,2025-04-21,B550629,한국교육학술정보원
산림 자원을 이용한 레저 활동,,"산림, 레저, 패러글라이딩, 등반, 휴양림",,,,,https://www.edunet.net/contsMvGllry/view/152/20762,,2025-04-21,B550629,한국교육학술정보원
플라스틱 섬,,"플라스틱, 일회용품, 환경, 쓰레기섬, 섬",,,,,https://www.edunet.net/contsMvGllry/view/152/21464,,2025-04-21,B550629,한국교육학술정보원
에너지가 부족해요.,,"물 자원, 에너지 절약, 물 스트레스, 물 발자국, 에너지",,,,,https://www.edunet.net/contsMvGllry/view/152/41612,,2025-04-21,B550629,한국교육학술정보원
쓰레기 섬의 비밀,,"쓰레기, 바다, 바다 쓰레기, 섬, 태평양",,,,,https://www.edunet.net/contsMvGllry/view/152/48829,,2025-04-21,B550629,한국교육학술정보원
"컴퓨터가 관리하는 농장, 스마트팜",,"농사, 농업, 인공지능, 스마트팜, 자동화",,,,,https://www.edunet.net/contsMvGllry/view/152/61387,,2025-04-21,B550629,한국교육학술정보원
저출산의 늪에서 탈출하려면,,"저출산, 인구 문제, 인구 절벽, 양성평등",,,,,https://www.edunet.net/contsMvGllry/view/152/68638,,2025-04-21,B550629,한국교육학술정보원
셰일가스의 가능성과 한계,,"로마클럽, 한계, 셰일 가스, 에너지원, 셰일혁명",,,,,https://www.edunet.net/contsMvGllry/view/152/82601,,2025-04-21,B550629,한국교육학술정보원
‘The Trash Isles’를 아시나요,,"쓰레기 섬, 환경 파괴, 생태계 파괴, 바다 오염",,,,,https://www.edunet.net/contsMvGllry/view/152/96878,,2025-04-21,B550629,한국교육학술정보원
플라스틱 사용을 줄이는 방법,,"플라스틱, 생태계 파괴, 환경 오염, 대체 물질, 생태계",,,,,https://www.edunet.net/contsMvGllry/view/152/100587,,2025-04-21,B550629,한국교육학술정보원
생물의 다양성과 생태계,,"생물의 다양성, 생태계, 다양성, 지속 가능, 생물",,,,,https://www.edunet.net/contsMvGllry/view/152/1966861,,2025-04-21,B550629,한국교육학술정보원
산림 자원의 가치,,"산림, 자원, 산, 나무, 먹이사슬",,,,,https://www.edunet.net/contsMvGllry/view/152/1977493,,2025-04-21,B550629,한국교육학술정보원
해양 생태계와 생물 다양성,,"생물 다양성, 해양, 바다, 생태계, 점박이물범, 독도 강치",,,,,https://www.edunet.net/contsMvGllry/view/152/1980750,,2025-04-21,B550629,한국교육학술정보원
도시농업에 대해 알아봅시다.,,"지구, 농업, 생태계, 녹색 일자리, 도시농업",,,,,https://www.edunet.net/contsMvGllry/view/152/1988972,,2025-04-21,B550629,한국교육학술정보원
해양의 특징,,"바다, 해양, 생태계, 해류, 조석",,,,,https://www.edunet.net/contsMvGllry/view/152/1989363,,2025-04-21,B550629,한국교육학술정보원
50년 뒤 우리나라는,,"인구 구조, 저출산, 고령화, 인구, 구조",,,,,https://www.edunet.net/contsMvGllry/view/152/1991039,,2025-04-21,B550629,한국교육학술정보원
기후변화와 농업의 미래,,"기후, 기후변화, 농업, 기후, 기온",,,,,https://www.edunet.net/contsMvGllry/view/152/2014715,,2025-04-21,B550629,한국교육학술정보원
은행의 기능,,"은행, 저축, 미래, 화폐, 공과금",,,,,https://www.edunet.net/contsMvGllry/view/152/8969,,2025-04-21,B550629,한국교육학술정보원
부가가치세란 무엇인가요,,"세금, 부가가치세, 지하철, 영수증, 부가세",,,,,https://www.edunet.net/contsMvGllry/view/152/46359,,2025-04-21,B550629,한국교육학술정보원
‘보이지 않는 손’은 최선의 사회를 만들어 줄까,,"보이지 않는 손, 용의자의 딜레마, 아담 스미스, 독과점, 무임승차",,,,,https://www.edunet.net/contsMvGllry/view/152/54838,,2025-04-21,B550629,한국교육학술정보원
연금이란 무엇인가요,,"연금, 노후, 퇴직, 사회보험, 고령화",,,,,https://www.edunet.net/contsMvGllry/view/152/75929,,2025-04-21,B550629,한국교육학술정보원
소비자의 책임과 권리,,"소비자, 권리, 책임, 경제, 소비",,,,,https://www.edunet.net/contsMvGllry/view/152/1968364,,2025-04-21,B550629,한국교육학술정보원
세금의 종류와 용도,,"세금, 국세, 소득세, 납세, 의무",,,,,https://www.edunet.net/contsMvGllry/view/152/1971873,,2025-04-21,B550629,한국교육학술정보원
미래를 대비하는 보험,,"보험, 사고, 손해, 미래, 대비",,,,,https://www.edunet.net/contsMvGllry/view/152/2004508,,2025-04-21,B550629,한국교육학술정보원
세계화를 둘러싼 다양한 견해,,세계화,,,,,https://www.edunet.net/contsMvGllry/view/152/17357,,2025-04-21,B550629,한국교육학술정보원
서로 다른 문화 간의 접촉,,"문화, 문화 전파, 문화 병존, 문화 동화, 문화 융합",,,,,https://www.edunet.net/contsMvGllry/view/152/32909,,2025-04-21,B550629,한국교육학술정보원
"크리스트교, 이슬람, 불교",,"종교, 크리스트교, 이슬람, 불교, 종교와 문화",,,,,https://www.edunet.net/contsMvGllry/view/152/34986,,2025-04-21,B550629,한국교육학술정보원
공정한 선거를 위한 제도,,"민주주의, 선거, 보통 선거, 평등 선거, 직접 선거, 비밀 선거, 매니페스토 운동",,,,,https://www.edunet.net/contsMvGllry/view/152/88207,,2025-04-21,B550629,한국교육학술정보원
정치 참여 방법,,"정치 참여, 정치 참여 필요성, 정치 참여 방법",,,,,https://www.edunet.net/contsMvGllry/view/152/100856,,2025-04-21,B550629,한국교육학술정보원
정치 과정,,"정치 과정, 투입, 산출, 환류",,,,,https://www.edunet.net/contsMvGllry/view/152/2018688,,2025-04-21,B550629,한국교육학술정보원
우리나라의 지방 자치,,"지방 자치, 지방 자치 단체, 주민 참여",,,,,https://www.edunet.net/contsMvGllry/view/152/2021018,,2025-04-21,B550629,한국교육학술정보원
다수결의 원칙,,"다수결, 민주주의, 소수 의견",,,,,https://www.edunet.net/contsMvGllry/view/152/2012785,,2025-04-21,B550629,한국교육학술정보원
헌법과 헌법 재판소,,"헌법, 헌법 재판소",,,,,https://www.edunet.net/contsMvGllry/view/152/25341,,2025-04-21,B550629,한국교육학술정보원
정당,,"정당, 정당 제도, 양당제, 다당제, 필리버스터",,,,,https://www.edunet.net/contsMvGllry/view/152/54452,,2025-04-21,B550629,한국교육학술정보원
법원이 하는 일,,"법원, 재판, 사법부, 3심제",,,,,https://www.edunet.net/contsMvGllry/view/152/2010110,,2025-04-21,B550629,한국교육학술정보원
지역 간 불균형 문제와 해결 방안,,"지역 불균형, 지역 격차, 공공 기관 이전, 혁신 도시, 연홍도",,,,,https://www.edunet.net/contsMvGllry/view/152/16168,,2025-04-21,B550629,한국교육학술정보원
소득 불균형,,"소득 불균형, 빈부 격차",,,,,https://www.edunet.net/contsMvGllry/view/152/1988533,,2025-04-21,B550629,한국교육학술정보원
사회적 경제와 사회적 기업,,"시장 경제, 사회적 기업, 사회적 경제",,,,,https://www.edunet.net/contsMvGllry/view/152/1969661,,2025-04-21,B550629,한국교육학술정보원
경제 주체와 경제 활동,,"경제 주체, 경제 활동, 공공재",,,,,https://www.edunet.net/contsMvGllry/view/152/1975725,,2025-04-21,B550629,한국교육학술정보원
공정 경제는 무엇일까,,"공정 경제, 자유로운 경쟁",,,,,https://www.edunet.net/contsMvGllry/view/152/2019794,,2025-04-21,B550629,한국교육학술정보원
다른 나라와의 경제적 상호 의존과 경쟁,,"경제적 상호 의존, 세계 무역 기구, 자유 무역 협정",,,,,https://www.edunet.net/contsMvGllry/view/152/37137,,2025-04-21,B550629,한국교육학술정보원
한국의 공적 개발 원조(ODA) Official Development Assistance of Korea,,공적 개발 원조,,,,,https://www.edunet.net/contsMvGllry/view/152/76537,,2025-04-21,B550629,한국교육학술정보원
지속 가능한 무역,,"아프리카 카카오 농장, 공정 무역, 지속 가능한 무역",,,,,https://www.edunet.net/contsMvGllry/view/152/86484,,2025-04-21,B550629,한국교육학술정보원
기후에 따라 달라지는 집 모양,,"기후와 가옥, 수상 가옥, 흙집, 게르, 초가집, 통나무집",,,,,https://www.edunet.net/contsMvGllry/view/152/41785,,2025-04-21,B550629,한국교육학술정보원
세계에서 인구가 가장 적은 나라,,"바티칸 시국, 인구 분포, 인구 수",,,,,https://www.edunet.net/contsMvGllry/view/152/86167,,2025-04-21,B550629,한국교육학술정보원
"녹색의 나라, 그린란드",,"그린란드, 녹색의 나라",,,,,https://www.edunet.net/contsMvGllry/view/152/98604,,2025-04-21,B550629,한국교육학술정보원
다양한 기후의 나라 칠레,,"세계의 기후, 칠레, 칠레의 자연 환경",,,,,https://www.edunet.net/contsMvGllry/view/152/1993290,,2025-04-21,B550629,한국교육학술정보원
적도의 눈과 얼음,,"고산 기후, 적도의 눈, 적도의 얼음, 만년설",,,,,https://www.edunet.net/contsMvGllry/view/152/2002635,,2025-04-21,B550629,한국교육학술정보원
북한의 학교에 대해 알아봅시다.,,"학교, 소학교, 초급중학교, 고급중학교, 북한",,,,,https://www.edunet.net/contsMvGllry/view/152/6193,,2025-04-21,B550629,한국교육학술정보원
북한과 세계의 어린이 날,,"어린이날, 북한, 어린이, 주역, 인격체",,,,,https://www.edunet.net/contsMvGllry/view/152/55493,,2025-04-21,B550629,한국교육학술정보원
북한의 음식을 알고 있나요,,"음식, 북한, 비빔밥, 언감자떡, 두부밥",,,,,https://www.edunet.net/contsMvGllry/view/152/64143,,2025-04-21,B550629,한국교육학술정보원
북한의 자원,,"북한의 자원, 북한 지하 자원, 희토류",,,,,https://www.edunet.net/contsMvGllry/view/152/102067,,2025-04-21,B550629,한국교육학술정보원
세계 어린이들은 어떤 전통놀이를 했을까요,,"전통놀이, 놀이, 투호, 연날리기, 그림자 사냥",,,,,https://www.edunet.net/contsMvGllry/view/152/1998273,,2025-04-21,B550629,한국교육학술정보원
우리의 소원은 통일,,"통일, 이산가족, 휴전, 분단, 북한",,,,,https://www.edunet.net/contsMvGllry/view/152/2012898,,2025-04-21,B550629,한국교육학술정보원
히잡,,"히잡, 여성 권리 억압",,,,,https://www.edunet.net/contsMvGllry/view/152/93898,,2025-04-21,B550629,한국교육학술정보원
테러리즘,,"테러리즘, 아웅산 테러, 911테러",,,,,https://www.edunet.net/contsMvGllry/view/152/2015468,,2025-04-21,B550629,한국교육학술정보원
습지를 보호해요,,"습지, 습지의 역할, 람사르 협약",,,,,https://www.edunet.net/contsMvGllry/view/152/21964,,2025-04-21,B550629,한국교육학술정보원
"탐욕의 축소판, 나우루 이야기",,"나우루, 지구촌, 환경 문제",,,,,https://www.edunet.net/contsMvGllry/view/152/74576,,2025-04-21,B550629,한국교육학술정보원
"탄소 발자국, 너의 정체는",,"탄소 발자국, 환경 보호, 지속 가능한 환경",,,,,https://www.edunet.net/contsMvGllry/view/152/89992,,2025-04-21,B550629,한국교육학술정보원
모두가 행복한 공정 여행,,"공정 여행, 공정 무역",,,,,https://www.edunet.net/contsMvGllry/view/152/2010926,,2025-04-21,B550629,한국교육학술정보원
특이한 동상이 많은 도시 스코페,,"스코페, 동상, 도시",,,,,https://www.edunet.net/contsMvGllry/view/152/20406,,2025-04-21,B550629,한국교육학술정보원
"분단의 아픔을 뛰어넘은 자유의 도시, 베를린",,"베를린, 통일, 예술의 도시",,,,,https://www.edunet.net/contsMvGllry/view/152/69284,,2025-04-21,B550629,한국교육학술정보원
"현대와 과거가 공존하는 도시, 상하이",,"상하이, 도시, 도시의 과거와 현재",,,,,https://www.edunet.net/contsMvGllry/view/152/1968384,,2025-04-21,B550629,한국교육학술정보원
도시의 생존 전략,,"도시, 세계화, 디트로이트의 파산, 런던의 피플 마그넷, 도시의 생존",,,,,https://www.edunet.net/contsMvGllry/view/152/94007,,2025-04-21,B550629,한국교육학술정보원
일본의 역사와 문화가 숨 쉬는 교토,,"일본, 교토, 일본 문화, 일본 역사, 도시",,,,,https://www.edunet.net/contsMvGllry/view/152/2000668,,2025-04-21,B550629,한국교육학술정보원
국제연합은 어떤 일을 할까,,"국제연합, 유엔, 국제 연합의 구성, 국제 연합의 조직",,,,,https://www.edunet.net/contsMvGllry/view/152/65128,,2025-04-21,B550629,한국교육학술정보원
가족의 의미와 기능,,"가족, 자녀, 출산, 사회화, 안정, 돌봄",,,,,https://www.edunet.net/contsMvGllry/view/152/2617,,2025-04-21,B550629,한국교육학술정보원
법으로 알아보는 가족,,"가족, 친척, 친족, 호주제 폐지, 가족 관계 증명서, 가족 보호 법",,,,,https://www.edunet.net/contsMvGllry/view/152/9317,,2025-04-21,B550629,한국교육학술정보원
가족에서 여성의 지위와 역할 변화,,"가족의 역할 변화, 전통적 가족, 현대 가족, 평등",,,,,https://www.edunet.net/contsMvGllry/view/152/27166,,2025-04-21,B550629,한국교육학술정보원
다문화 가족,,"다문화 가족, 다문화 가족의 어려움",,,,,https://www.edunet.net/contsMvGllry/view/152/30276,,2025-04-21,B550629,한국교육학술정보원
건강가정지원센터,,"건강가정지원센터, 상담, 가족문제, 가족상담, 도움",,,,,https://www.edunet.net/contsMvGllry/view/152/70204,,2025-04-21,B550629,한국교육학술정보원
한부모 가족과 재혼 가족,,"한부모 가족, 재혼 가족, 다양한 가족",,,,,https://www.edunet.net/contsMvGllry/view/152/93271,,2025-04-21,B550629,한국교육학술정보원
건강 가정,,"건강 가정, 집안일, 협동, 양성평등, 가족",,,,,https://www.edunet.net/contsMvGllry/view/152/94186,,2025-04-21,B550629,한국교육학술정보원
지역에도 역사가 있다,,"지역의 역사, 달구벌, 팔공산, 제중원, 국채 보상 운동",,,,,https://www.edunet.net/contsMvGllry/view/152/34094,,2025-04-21,B550629,한국교육학술정보원
우리 지역을 알리는 상징,,"지역의 상징물, 지역의 특성, 마크, 슬로건",,,,,https://www.edunet.net/contsMvGllry/view/152/61389,,2025-04-21,B550629,한국교육학술정보원
다른 지역과 더불어 살기,,"지역 이기주의, 님비 현상, 핌피 현상, 바나나 현상",,,,,https://www.edunet.net/contsMvGllry/view/152/1990728,,2025-04-21,B550629,한국교육학술정보원
"노동자의 파수꾼, 노무사",,"노무사, 노동",,,,,https://www.edunet.net/contsMvGllry/view/152/38198,,2025-04-21,B550629,한국교육학술정보원
5월 1일이 무슨 날인지 알고 있나요,,"근로자, 노동절, 휴일, 노동자, 메이 데이",,,,,https://www.edunet.net/contsMvGllry/view/152/58791,,2025-04-21,B550629,한국교육학술정보원
경국대전 속 인권 이야기,,"조선 시대, 인권, 경국대전, 삼복제도",,,,,https://www.edunet.net/contsMvGllry/view/152/90563,,2025-04-21,B550629,한국교육학술정보원
인권에 대해서 알아보기,,"세계 인권 선언, 인권, 존엄성, 천부인권, 권리",,,,,https://www.edunet.net/contsMvGllry/view/152/1970836,,2025-04-21,B550629,한국교육학술정보원
인권으로 다시 읽는 전래 동화,,"인권, 인권 동화, 인권 문제",,,,,https://www.edunet.net/contsMvGllry/view/152/1986324,,2025-04-21,B550629,한국교육학술정보원
소수자의 인권,,"인권, 소수자, 다문화, 성역할, 고정관념",,,,,https://www.edunet.net/contsMvGllry/view/152/1996142,,2025-04-21,B550629,한국교육학술정보원
토요일이 휴일이 아니었다고,,"휴일, 주5일, 휴무",,,,,https://www.edunet.net/contsMvGllry/view/152/2014972,,2025-04-21,B550629,한국교육학술정보원
실업 급여,,"실업, 노동자, 급여, 실업 급여, 도움",,,,,https://www.edunet.net/contsMvGllry/view/152/2015029,,2025-04-21,B550629,한국교육학술정보원
양성평등에 대해서 알아보기,,"양성평등, 성평등, 인권, 양성, 평등",,,,,https://www.edunet.net/contsMvGllry/view/152/2018920,,2025-04-21,B550629,한국교육학술정보원
동물에게도 권리가 있나요,,"동물 복지, 반려 동물, 동물 보호법, 동물 등록제",,,,,https://www.edunet.net/contsMvGllry/view/152/6267,,2025-04-21,B550629,한국교육학술정보원
인권과 헌법,,"인권, 헌법, 세계 인권 선언문",,,,,https://www.edunet.net/contsMvGllry/view/152/20665,,2025-04-21,B550629,한국교육학술정보원
인권을 지키기 위한 노력,,"인권 운동, 국제 앰네스티, 마틴 루터 킹, 루이 브라이",,,,,https://www.edunet.net/contsMvGllry/view/152/45014,,2025-04-21,B550629,한국교육학술정보원
어린이 인권,,"어린이 인권, 인권 보장, 아동 권리 협약",,,,,https://www.edunet.net/contsMvGllry/view/152/1967785,,2025-04-21,B550629,한국교육학술정보원
인권 보장을 위한 법의 원칙,,"법의 역할, 법, 법의 원칙",,,,,https://www.edunet.net/contsMvGllry/view/152/47304,,2025-04-21,B550629,한국교육학술정보원
인권 선언,,"인권 선언, 인권의 역사",,,,,https://www.edunet.net/contsMvGllry/view/152/88908,,2025-04-21,B550629,한국교육학술정보원
피의자의 인권,,"피의자 인권, 국민의 알 권리",,,,,https://www.edunet.net/contsMvGllry/view/152/1964799,,2025-04-21,B550629,한국교육학술정보원
어린이와 관련된 여러 가지 법률,,"어린이와 법, 아동 학대, 아동 복지법, 어린이 보호 구역",,,,,https://www.edunet.net/contsMvGllry/view/152/2007756,,2025-04-21,B550629,한국교육학술정보원
사형 제도,,"사형 제도, 종신형",,,,,https://www.edunet.net/contsMvGllry/view/152/2012338,,2025-04-21,B550629,한국교육학술정보원
소금 장수에서 왕이 된 미천왕,,"삼국의 왕, 미천왕, 서동요",,,,,https://www.edunet.net/contsMvGllry/view/152/40639,,2025-04-21,B550629,한국교육학술정보원
고려와 조선의 영웅들,,"고려의 영웅, 조선의 영웅, 최무선, 김윤후, 세종대왕",,,,,https://www.edunet.net/contsMvGllry/view/152/51395,,2025-04-21,B550629,한국교육학술정보원
남한산성,,"우리나라 산성, 남한산성, 조선시대 문화재",,,,,https://www.edunet.net/contsMvGllry/view/152/42783,,2025-04-21,B550629,한국교육학술정보원
녹두 장군 전봉준,,"전봉준, 사발통문, 동학운동",,,,,https://www.edunet.net/contsMvGllry/view/152/20182,,2025-04-21,B550629,한국교육학술정보원
조선 후기 실학사상,,"실학, 조선 후기, 중상학파, 홍대용",,,,,https://www.edunet.net/contsMvGllry/view/152/97123,,2025-04-21,B550629,한국교육학술정보원
"개화와 개혁의 지도자, 김옥균",,"조선시대, 개화파, 김옥균, 임오군란, 갑신정변",,,,,https://www.edunet.net/contsMvGllry/view/152/2026561,,2025-04-21,B550629,한국교육학술정보원
공동의 문제와 해결,,"공동체, 공동의 문제",,,,,https://www.edunet.net/contsMvGllry/view/152/1986832,,2025-04-21,B550629,한국교육학술정보원
고려의 불교 문화,,팔관회;연등회;팔만대장경;해인사,,,,,https://www.edunet.net/contsMvGllry/view/152/2061053,,2025-04-21,B550629,한국교육학술정보원
해인사,,궁현당;팔만대장경;응진전;관음전;법보 사찰;불교 전문 강원;해인사 장경판고;국보 제52호;해인사 대장경판;국보 제32호;나한전;일주문;홍하문;해인사 원당암 다층 석탑 및 석등;보물,,,,,https://www.edunet.net/contsMvGllry/view/152/2061054,,2025-04-21,B550629,한국교육학술정보원
팔만대장경을 만든 까닭,,팔만대장경;팔만대장경을 만든 이유;팔만대장경을 만드는 과정,,,,,https://www.edunet.net/contsMvGllry/view/152/2061055,,2025-04-21,B550629,한국교육학술정보원
고려의 인쇄술,,목판 인쇄술;금속활자 인쇄술;팔만대장경;상감청자 만드는 과정;팔만대장경 제작;상정고금예문;직지;역사책 편찬,,,,,https://www.edunet.net/contsMvGllry/view/152/2061056,,2025-04-21,B550629,한국교육학술정보원
조선의 마지막과 함께한 경복궁,,근정전;사정전;경회루;광화문;강녕전;교태전;항원정;중정전;경희궁지;흥선대원군,,,,,https://www.edunet.net/contsMvGllry/view/152/2061057,,2025-04-21,B550629,한국교육학술정보원
경복궁의 역사,,경복궁;광화문;근정전;건천궁;사정전;향원정;경회루;자경전 담장;풍기대;아미산 굴뚝;경천사지 10층 석탑,,,,,https://www.edunet.net/contsMvGllry/view/152/2061058,,2025-04-21,B550629,한국교육학술정보원
조선의 도읍지 한양과 경복궁,,한양;경복궁;조선의 도읍지;한양의 모습;근정전;사정전;광화문;경회루;교태전;향원정;강녕전;근정전;사정전,,,,,https://www.edunet.net/contsMvGllry/view/152/2061059,,2025-04-21,B550629,한국교육학술정보원
창덕궁,,창덕궁;돈화문;창덕궁 전경;인정전;선정전;부용정과 부용지;부용정;부용지;서향각;주합루와 어수문;주합루;어수문;대조전;연경당;낙선재;관람정과 반도지;관람정;반도지;금천교;영화당;어차,,,,,https://www.edunet.net/contsMvGllry/view/152/2061060,,2025-04-21,B550629,한국교육학술정보원
흥선 대원군의 개혁 정치,,흥선대원군;서원 철폐;경복궁 중건;호포제;복궁 중건,,,,,https://www.edunet.net/contsMvGllry/view/152/2061061,,2025-04-21,B550629,한국교육학술정보원
임진왜란,,임진왜란;이순신 장군;거북선;행주대첩도;조선 수군의 활약;이순신 장군과 거북선;난중일기;행주산성,,,,,https://www.edunet.net/contsMvGllry/view/152/2061062,,2025-04-21,B550629,한국교육학술정보원
임진왜란의 원인과 경과,,임진왜란;임진왜란 당시 상황;진주 대첩;행주 대첩;곽재우;사명당;조헌;우배선;임진왜란의 극복 과정,,,,,https://www.edunet.net/contsMvGllry/view/152/2061063,,2025-04-21,B550629,한국교육학술정보원
이순신 장군,,이순신 장군;한산도 대첩;노량 해전,,,,,https://www.edunet.net/contsMvGllry/view/152/2061064,,2025-04-21,B550629,한국교육학술정보원
거북선,,거북선;이순신;철갑선;귀함별황자총통,,,,,https://www.edunet.net/contsMvGllry/view/152/2061065,,2025-04-21,B550629,한국교육학술정보원
난중일기,,난중일기;이순신;산성일기;난중일기와 산성일기의 공통점;난중일기와 산성일기의 차이점,,,,,https://www.edunet.net/contsMvGllry/view/152/2061066,,2025-04-21,B550629,한국교육학술정보원
도요토미 히데요시,,도요토미 히데요시,,,,,https://www.edunet.net/contsMvGllry/view/152/2061067,,2025-04-21,B550629,한국교육학술정보원
수원 화성이 만들어진 이유,,수원 화성;장안문;동북공심돈;화성행궁;팔달문;화성이 만들어진 이유;정약용;거중기와 녹로;화성의 우수성,,,,,https://www.edunet.net/contsMvGllry/view/152/2061068,,2025-04-21,B550629,한국교육학술정보원
수원 화성의 역사,,수원 화성;성화주략;정약용;화성성역의궤;팔달문;보물 제402호;화서문;보물 제403호;장안문;공심돈,,,,,https://www.edunet.net/contsMvGllry/view/152/2061069,,2025-04-21,B550629,한국교육학술정보원
수원 화성의 구성과 특징,,수원 화성;거중기;수원 화성의 구성;수원 화성의 특징,,,,,https://www.edunet.net/contsMvGllry/view/152/2061070,,2025-04-21,B550629,한국교육학술정보원
"수원 화성과 거중기, 녹로",,거중기;녹로;수원 화성,,,,,https://www.edunet.net/contsMvGllry/view/152/2061071,,2025-04-21,B550629,한국교육학술정보원
세계 문화 유산,,유네스코;석굴암;고인돌;유네스코 세계 유산,,,,,https://www.edunet.net/contsMvGllry/view/152/2061072,,2025-04-21,B550629,한국교육학술정보원
지명에 얽힌 옛이야기,,"지명 이야기, 투금탄, 명암마을",,,,,https://www.edunet.net/contsMvGllry/view/152/12889,,2025-04-21,B550629,한국교육학술정보원
세계의 박물관,,"루브르 박물관, 대영 박물관, 바티칸 미술관, 세계의 박물관",,,,,https://www.edunet.net/contsMvGllry/view/152/91109,,2025-04-21,B550629,한국교육학술정보원
재미있는 도로 이름,,"도로명, 재미있는 도로명",,,,,https://www.edunet.net/contsMvGllry/view/152/1980799,,2025-04-21,B550629,한국교육학술정보원
다양한 박물관,,"박물관의 종류, 주제 박물관",,,,,https://www.edunet.net/contsMvGllry/view/152/2001226,,2025-04-21,B550629,한국교육학술정보원
"지명으로 알 수 있는 인문 환경, 자연환경",,"지명, 지명과 인문 환경, 지명과 자연환경",,,,,https://www.edunet.net/contsMvGllry/view/152/2002600,,2025-04-21,B550629,한국교육학술정보원
우리 고장의 박물관,,"박물관 전시물, 박물관 체험, 특색있는 박물관",,,,,https://www.edunet.net/contsMvGllry/view/152/2008237,,2025-04-21,B550629,한국교육학술정보원
계절에 따라 다른 생활 모습,,"계절에 따른 생활 모습, 환경에 따른 생활 모습",,,,,https://www.edunet.net/contsMvGllry/view/152/2000019,,2025-04-21,B550629,한국교육학술정보원
일기 예보의 비밀,,"일기 예보, 기상청, 기후 관련 속담, 일기 예보 관련 속어",,,,,https://www.edunet.net/contsMvGllry/view/152/2024987,,2025-04-21,B550629,한국교육학술정보원
세계 여러 나라의 세시 풍속,,"아시아 세시 풍속, 춘지에, 오쇼가츠, 뗏, 추수 감사절, 오봉, 중추절",,,,,https://www.edunet.net/contsMvGllry/view/152/6340,,2025-04-21,B550629,한국교육학술정보원
전통문화 소개 박물관,,"국립 민속 박물관, 온양 민속 박물관, 제주 민속촌 박물관",,,,,https://www.edunet.net/contsMvGllry/view/152/22441,,2025-04-21,B550629,한국교육학술정보원
즐거운 우리의 세시 풍속,,"세시 풍속, 대표적인 세시 풍속, 외국에서 들어온 세시 풍속",,,,,https://www.edunet.net/contsMvGllry/view/152/1983183,,2025-04-21,B550629,한국교육학술정보원
농경문화 소개 박물관,,"농사, 농경문화, 농업 박물관",,,,,https://www.edunet.net/contsMvGllry/view/152/1994219,,2025-04-21,B550629,한국교육학술정보원
장수왕과 중원 고구려비,,장수왕;중원고구려비,,,,,https://www.edunet.net/contsMvGllry/view/152/2061025,,2025-04-21,B550629,한국교육학술정보원
고구려의 문화,,장군총;수렵도;고구려 문화;고구려의 대표 문화재,,,,,https://www.edunet.net/contsMvGllry/view/152/2061026,,2025-04-21,B550629,한국교육학술정보원
광개토 대왕릉비,,광개토 대왕릉비;광개토대왕;역대 왕의 치적과 약력;광개토대왕 정복 활동 기술;수묘인,,,,,https://www.edunet.net/contsMvGllry/view/152/2061027,,2025-04-21,B550629,한국교육학술정보원
고구려의 영토 확장,,광개토대왕;장수왕;고구려의 천하관;충주 고구려비;모두루 묘지 비문;고구려의 영토확장;광개토 대왕릉비,,,,,https://www.edunet.net/contsMvGllry/view/152/2061028,,2025-04-21,B550629,한국교육학술정보원
무령왕릉,,무령왕비 금제관식;공주 송산리 고분군;사적 제 13호;국보 제 155호;무령왕릉;무령왕 금귀걸이;국보 제156호;무령왕 금제관식;국보 제154호;무령왕릉 석수;국보 제162호,,,,,https://www.edunet.net/contsMvGllry/view/152/2061029,,2025-04-21,B550629,한국교육학술정보원
백제,,백제;백제의 역사;삼국 성립기의 백제;무령왕릉 관 장식;국보 제154호;백제의 와당;공주 송산리 백제 고분군;낙화암;미륵사지 석탑;국보 제11호;백제의 미소;서산 마애 삼존 석불;,,,,,https://www.edunet.net/contsMvGllry/view/152/2061030,,2025-04-21,B550629,한국교육학술정보원
백제의 문화,,백제의 문화;무령왕릉;서산 용현리 마애여래 삼존상;마애여래 삼존상;백제 금동대향로,,,,,https://www.edunet.net/contsMvGllry/view/152/2061031,,2025-04-21,B550629,한국교육학술정보원
삼국과 가야의 고분,,굴식 돌방 무덤;돌무지 덧널 무덤;무용도;천마도;수산리 고분 벽화;다카마쓰 고분 벽화,,,,,https://www.edunet.net/contsMvGllry/view/152/2061032,,2025-04-21,B550629,한국교육학술정보원
백제의 고분,,백제 고분;돌무지무덤;무령왕릉;벽돌무덤;무령왕릉 석수;무령왕릉 묘지석,,,,,https://www.edunet.net/contsMvGllry/view/152/2061033,,2025-04-21,B550629,한국교육학술정보원
화려한 신라의 불교문화,,불국사;불국사 삼층석탑;다보탑;석굴암;통일 신라의 불교;신라의 불교문화;사적 제502호;국보 제21호;국보 제20호;국보 제24호,,,,,https://www.edunet.net/contsMvGllry/view/152/2061034,,2025-04-21,B550629,한국교육학술정보원
신라,,신라; 불국사 3층 석탑;석가탑;석굴암 석굴;국보 제24호;신라 태종 무열왕릉비;국보 제25호;무열왕릉비;불국사;신라의 9주 5소경;9주 5소경,,,,,https://www.edunet.net/contsMvGllry/view/152/2061035,,2025-04-21,B550629,한국교육학술정보원
신라의 문화,,의상;원효;왕오천축국전;유학;독서삼품과;이두;불국사;불교 예술의 발달;불교 예술;경주 불국사;경주 불국사 다보탐;경주 불국사 3층 석탑;성덕 대왕 신종;석굴암,,,,,https://www.edunet.net/contsMvGllry/view/152/2061036,,2025-04-21,B550629,한국교육학술정보원
통일 신라의 불교문화,,통일 신라의 불교 문화;무구 정광 대다라니경;통일 신라의 불교;통일 신라의 문화재;석굴암;불국사;성덕 대왕 신종;경주 문화재;안압지;첨성대;음통,,,,,https://www.edunet.net/contsMvGllry/view/152/2061037,,2025-04-21,B550629,한국교육학술정보원
통일 신라 불교 문화재,,석굴암;불국사;무구 정당 대다라니경;통일 신라 문화의 특징;가장 오래된 목판 인쇄물,,,,,https://www.edunet.net/contsMvGllry/view/152/2061038,,2025-04-21,B550629,한국교육학술정보원
통일 신라의 불교,,통일신라;석굴암;불국사;성덕 대왕 신종;원효;무구 정광 대다라니경;불국사,,,,,https://www.edunet.net/contsMvGllry/view/152/2061039,,2025-04-21,B550629,한국교육학술정보원
불국사,,불국사;불국사 청운교;불국사 백운교;청운교;백운교;불국사 연화교;불국사 칠보교;연화교;칠보교;불국사 다보탑;다보탑;불국사 대웅전;대웅전;불국사 사리탑;사리탑;범영루;불국사 삼층 석,,,,,https://www.edunet.net/contsMvGllry/view/152/2061040,,2025-04-21,B550629,한국교육학술정보원
석굴암,,석굴암;본존상;석굴암 전경;본존 불상;국보 제24호;석굴암 보살상;보살상,,,,,https://www.edunet.net/contsMvGllry/view/152/2061041,,2025-04-21,B550629,한국교육학술정보원
국보,,국보;남대문;국보 제1호;부석사 무량수전;국보 제18호;불국사 연화교 칠보교;국보 제22호;불국사 청운교 백운교;국보 제23호;도제 기마 인물상;국보 제91호;익산 미륵사지 석탑;,,,,,https://www.edunet.net/contsMvGllry/view/152/2061042,,2025-04-21,B550629,한국교육학술정보원
사적,,사적;독립문;사적 제32호;영녕릉;사적 제195호;경주 계림;사적 제19호;삼성혈;사적 제134호;경복궁;사적 제117호;행주 산성;사적 제56호;서울 사직단;갑곶돈;사적 제306,,,,,https://www.edunet.net/contsMvGllry/view/152/2061043,,2025-04-21,B550629,한국교육학술정보원
고려청자,,고려청자;청자 투각칠보문뚜껑 향로;고려의 도자기 기술;청자 상감오리모양 주전자;다양한 상감 기법;청자 양각죽절문 병;청자 음각 연화당초문 항아리;청자 투각고리문 의자;고려청자의 쓰,,,,,https://www.edunet.net/contsMvGllry/view/152/2061044,,2025-04-21,B550629,한국교육학술정보원
고려청자의 종류,,순청자;상감청자;청자 칠보 투각 향로;국보 제95호;청자 구형 수병;국보 제96호;청자 양각 도철무늬 향로;청자 음각 화훼무늬 받침잔;청자 양각 모란문 연화 당초무늬 막새;청자 소,,,,,https://www.edunet.net/contsMvGllry/view/152/2061045,,2025-04-21,B550629,한국교육학술정보원
고려 청자의 발달과 기법,,고려청자;고려청자의 발달;고려청자에 이름 붙이기;고려청자의 기법;고려청자의 쓰임;고려청자의 우수성;고려청자와 송나라 자기의 비교,,,,,https://www.edunet.net/contsMvGllry/view/152/2061046,,2025-04-21,B550629,한국교육학술정보원
고려청자를 만드는 과정,,고려청자;고려의 도자기 기술;고려청자의 쓰임;고려청자의 우수성;상감 청자;상감청자 만드는 과정;고려청자의 기법;고려청자의 이름 붙이는 방법;고려청자 이름 붙이기,,,,,https://www.edunet.net/contsMvGllry/view/152/2061047,,2025-04-21,B550629,한국교육학술정보원
상감 청자,,상감청자:상감청자 만드는 과정;고려청자에 이름 붙이기;고려청자의 기법,,,,,https://www.edunet.net/contsMvGllry/view/152/2061048,,2025-04-21,B550629,한국교육학술정보원
청자의 변화,,고려청자;고려 시대 청자의 변화;청자 상감 운학무늬 매병;외국인이 본 고려청자의 빛깔;청자 참외모양 화병;상감 기법,,,,,https://www.edunet.net/contsMvGllry/view/152/2061049,,2025-04-21,B550629,한국교육학술정보원
도자기,,질그릇;오지그릇;사기그릇;도자기;도자기 만드는 과정;백자 철회 운룡무늬 항아리;청화 백자 소죽무늬 각병;청자 상감 모란무늬 표형 병;청자 투각 칠보 향로;백자 철회 매죽무늬 항아리,,,,,https://www.edunet.net/contsMvGllry/view/152/2061050,,2025-04-21,B550629,한국교육학술정보원
팔만대장경,,팔만대장경;초조대장경;대장경판;팔만대장경 인쇄본;국보 제32호;합천 해인사 장경판전;합천 해인사 대장경판,,,,,https://www.edunet.net/contsMvGllry/view/152/2061051,,2025-04-21,B550629,한국교육학술정보원
팔만대장경의 완성 과정과 규모,,팔만대장경;장경판전;팔만대장경의 완성 과정;팔만대장경의 규모,,,,,https://www.edunet.net/contsMvGllry/view/152/2061052,,2025-04-21,B550629,한국교육학술정보원
디지털 시대의 사회 참여 방법,,"디지털, 디지털 사회, 사회 참여, 챌린지, 정보통신",,,,,https://www.edunet.net/contsMvGllry/view/152/2002792,,2025-04-21,B550629,한국교육학술정보원
"쓰레기 분리배출, 제대로 알고 있나요",,"재활용, 환경보호, 분리배출, 쓰레기, 분리",,,,,https://www.edunet.net/contsMvGllry/view/152/2020655,,2025-04-21,B550629,한국교육학술정보원
정치 과정의 이해,,이익;정치;과정;초6 사회; 초등 6학년 2학기;우리나라의 민주 정치;중학교 1학년 사회;사회1;정치 생활과 민주주의;이익;정치;과정;이익 표출,,,,,https://www.edunet.net/contsMvGllry/view/152/2048809,,2025-04-21,B550629,한국교육학술정보원
시민의 권리와 의무,,표현;자유;명예훼손;권리;의무;초4 사회;초등 4학년 1학기;민주주의와 주민 자치;초6 사회;초등 6학년 2학기;우리나라의 민주 정치,,,,,https://www.edunet.net/contsMvGllry/view/152/2048810,,2025-04-21,B550629,한국교육학술정보원
시장의 기능과 한계,,시장;기능;한계;시장 실패;자유;시장경제;초5 사회;초등 5학년 1학기;우리 경제의 성장과 발전;초6 사회;초등 6학년 1학기;중학교 1학년 사회;사회1;시장 경제의 이해;시장;기,,,,,https://www.edunet.net/contsMvGllry/view/152/2048811,,2025-04-21,B550629,한국교육학술정보원
우리나라의 경제 체제,,자원;고갈;공유지;공유지의 비극;초4 사회;초등 4학년 2학기;지역 사회의 발전;우리 사회의 과제와 문화의 발전;중학교 1학년 사회;사회1;시장 경제의 이해;자원;고갈;공유지;공유,,,,,https://www.edunet.net/contsMvGllry/view/152/2048812,,2025-04-21,B550629,한국교육학술정보원
기업과 노동자의 경제적 역할과 책임,,경제;역할;책임;윤리 경영;초5 사회;초등 5학년 1학기;초6 사회;초등 6학년 1학기;우리 사회의 과제와 문화의 발전;중학교 1학년 사회;사회1;시장 경제의 이해;경제;역할;책임,,,,,https://www.edunet.net/contsMvGllry/view/152/2048813,,2025-04-21,B550629,한국교육학술정보원
정부의 재정활동,,정부;재정;예산;세금;초4 사회;초등 4학년 2학기;지역 사회의 발전초5 사회;초등 5학년 1학기;초6 사회;초등 6학년 1학기;우리 사회의 과제와 문화의 발전;중학교 1학년 사회,,,,,https://www.edunet.net/contsMvGllry/view/152/2048814,,2025-04-21,B550629,한국교육학술정보원
광공업의 발달과 쇠퇴,,광공업;피츠버그;중학교 2학년 사회;사회2;자원의 개발과 이용;산업활동;광공업;피츠버그;광공업의 발달;광공업의 쇠퇴,,,,,https://www.edunet.net/contsMvGllry/view/152/2048815,,2025-04-21,B550629,한국교육학술정보원
"국제물류의 중심지, 싱가포르",,"산업활동, 중2 사회, 중학교 2학년 사회, 중등 사회, 싱가포르, 싱가포르 항, 항만, 컨테이너, 물류, 국제물류, 물류서비스, 자유무역, 자유무역지구",,,,,https://www.edunet.net/contsMvGllry/view/152/2052829,,2025-04-21,B550629,한국교육학술정보원
친환경 에너지 타운,,"친환경, 친환경 에너지, 홍천 친환경 에너지 타운, 독일 윤데 마을",,,,,https://www.edunet.net/contsMvGllry/view/152/1981298,,2025-04-21,B550629,한국교육학술정보원
열대 밀림 어디까지 알고 있니,,"열대 밀림, 환경 문제, 자연 파괴",,,,,https://www.edunet.net/contsMvGllry/view/152/2015241,,2025-04-21,B550629,한국교육학술정보원
전 지구적 차원의 환경 문제,,환경;지속 가능;전지구적;지구 온난화;파괴;중학교 2학년 사회;사회2;환경 문제와 지속 가능한 환경;환경;지속 가능;전지구적;지구 온난화;파괴,,,,,https://www.edunet.net/contsMvGllry/view/152/2048816,,2025-04-21,B550629,한국교육학술정보원
환경친화적인 개발,,환경;환경 친화;개발;지속가능한 개발;중학교 2학년 사회;사회2;환경 문제와 지속 가능한 환경;환경;환경 친화;개발;지속가능한 개발,,,,,https://www.edunet.net/contsMvGllry/view/152/2048817,,2025-04-21,B550629,한국교육학술정보원
통일 이후 유망 직업을 알아봅시다.,,"직업, 통일, 미래, 재화, 물류",,,,,https://www.edunet.net/contsMvGllry/view/152/51031,,2025-04-21,B550629,한국교육학술정보원
북한의 지리적 특성,,북한;지리;중국;러시아;중학교 2학년 사회;사회2;통일 한국과 세계 시만의 역할;북한;지리;중국;러시아,,,,,https://www.edunet.net/contsMvGllry/view/152/2048818,,2025-04-21,B550629,한국교육학술정보원
백두산과 비무장지대,,백두산;비무장지대;DMZ;생태계;보호;중학교 2학년 사회;사회2;통일 한국과 세계 시만의 역할;백두산;비무장지대;DMZ;생태계;보호,,,,,https://www.edunet.net/contsMvGllry/view/152/2048819,,2025-04-21,B550629,한국교육학술정보원
아시안 하이웨이,,"통일 한국의 미래, 국제 경제와 세계화, 중학교 사회, 중2 사회, 아시아, 유럽, 아시안 하이웨이, 실크로드",,,,,https://www.edunet.net/contsMvGllry/view/152/2048940,,2025-04-21,B550629,한국교육학술정보원
하나가 된 세계 시장,,다국적 기업;아프리카;세계 시장;중학교 2학년 사회;사회2;국제 경제와 세계화;다국적 기업;아프리카;세계 시장,,,,,https://www.edunet.net/contsMvGllry/view/152/2048820,,2025-04-21,B550629,한국교육학술정보원
조선 왕릉,,조선왕조;조선왕릉;왕릉 터의 조건;왕릉의 구조;동구릉;원릉;홍살문;장릉;단종의 묘;광릉;세조의 묘;조선 왕릉 분포도,,,,,https://www.edunet.net/contsMvGllry/view/152/2057515,,2025-04-21,B550629,한국교육학술정보원
조선,,조선;경복궁 근정전;조선의 성립과 국토의 수복;종묘 제례악;조선 시대의 신분증;호패;양부일구;조선 시대의 해시계;남한 산성;명륜당;덕진진 포대;도산 서원;봉수대;동래부 순절도,,,,,https://www.edunet.net/contsMvGllry/view/152/2057516,,2025-04-21,B550629,한국교육학술정보원
유네스코 세계 유산,,유네스코 세계유산;석굴암;불국사;창덕궁;종묘;해인사 장경판전;화성;경주역사유적지구;고창·화순·강화 고인돌 유적;조선왕릉;역사마을;제주 화산섬;용암동굴,,,,,https://www.edunet.net/contsMvGllry/view/152/2057517,,2025-04-21,B550629,한국교육학술정보원
신라의 불교문화,,신라의 불교문화,,,,,https://www.edunet.net/contsMvGllry/view/152/2057518,,2025-04-21,B550629,한국교육학술정보원
고인돌,,고인돌;무덤;강화 부근리 고인돌;고창 죽림리 고인돌;화순 고인돌;바둑판식 고인돌;개석식 고인돌,,,,,https://www.edunet.net/contsMvGllry/view/152/2061019,,2025-04-21,B550629,한국교육학술정보원
고인돌의 쓰임새,,고인돌;무덤;거북 모양 고인돌;천내리 고인돌;고창 매산 마을 고인돌군,,,,,https://www.edunet.net/contsMvGllry/view/152/2061020,,2025-04-21,B550629,한국교육학술정보원
청동기 시대,,청동기;청동검;청동방울;청동거울;반달 돌칼;민무늬 토기;고인돌;농경문 청동기;청동기시대,,,,,https://www.edunet.net/contsMvGllry/view/152/2061021,,2025-04-21,B550629,한국교육학술정보원
세계 문화 유산,,유네스코;석굴암;고인돌;유네스코 세계 유산,,,,,https://www.edunet.net/contsMvGllry/view/152/2061022,,2025-04-21,B550629,한국교육학술정보원
고구려의 기념비,,광개토대왕;장수왕;중원고구려비;무용총 수렵도;광개토대왕릉비,,,,,https://www.edunet.net/contsMvGllry/view/152/2061023,,2025-04-21,B550629,한국교육학술정보원
고구려,,고구려;고구려 전성기의 영토;덕흥리 고분 기마 인물 수렵도;씨름도;화덕;쌍영총;광개토왕릉비;고구려 역사,,,,,https://www.edunet.net/contsMvGllry/view/152/2061024,,2025-04-21,B550629,한국교육학술정보원
신상 털기,,신상;개인 정보;사회;초5 사회;초6 사회;초등 5학년 1학기;초등 6학년 1학기;우리 사회의 과제와 문화의 발전;신상;개인 정보;사회;네티즌 수사대,,,,,https://www.edunet.net/contsMvGllry/view/152/2048788,,2025-04-21,B550629,한국교육학술정보원
우리 사회의 문제점,,환경;지구 온난화;에너지;초5 사회;초6 사회;초등 5학년 1학기;초등 6학년 1학기;우리 사회의 과제와 문화의 발전;환경;지구 온난화;불편한 진실;뜨겁고 평평하고 붐비는 세계,,,,,https://www.edunet.net/contsMvGllry/view/152/2048789,,2025-04-21,B550629,한국교육학술정보원
호모 엠파티쿠스(공감하는 인간),,공감;인간;호모 엠파티쿠스;초5 사회;초6 사회;초등 5학년 1학기;초등 6학년 1학기;우리 사회의 과제와 문화의 발전;공감;인간;호모 엠파티쿠스;버락 오바마;거울 뉴런,,,,,https://www.edunet.net/contsMvGllry/view/152/2048790,,2025-04-21,B550629,한국교육학술정보원
다문화 사회,,다문화;안산;사회;초5 사회;초6 사회;초등 5학년 1학기;초등 6학년 1학기;다문화;안산;사회;다문화 사회 발전,,,,,https://www.edunet.net/contsMvGllry/view/152/2048791,,2025-04-21,B550629,한국교육학술정보원
조선 왕실의 기록 문화,,외규장각;의궤;초5 사회;초등 5학년 2학기;유교 문화가 발달한 조선;외규장각;의궤;조선 시대,,,,,https://www.edunet.net/contsMvGllry/view/152/2048793,,2025-04-21,B550629,한국교육학술정보원
건조 기후 지역의 관광 상품,,사막;건조 기후;관광;초3 사회;초등 3학년 2학기 사회;다양한 삶의 모습들;초5 사회;초등 5학년 1학기;초6 사회; 초등 6학년 1학기;환경과 조화를 이루는 국토;중1 사회;중,,,,,https://www.edunet.net/contsMvGllry/view/152/2048794,,2025-04-21,B550629,한국교육학술정보원
지중해 연안의 기후와 관광지,,"지중해;여름;기후;관광지;초3 사회; 초등 3학년 2학기;우리 지역, 다른 지역;초5 사회;초등 5학년 1학기;초6 사회; 초등 6학년 1학기;환경과 조화를 이루는 국토;중1 사회",,,,,https://www.edunet.net/contsMvGllry/view/152/2048795,,2025-04-21,B550629,한국교육학술정보원
관광지로서의 남극 대륙,,남극;관광객;초3 사회; 초등 3학년 2학기;다양한 삶의 모습들;초5 사회;초등 5학년 1학기;초6 사회; 초등 6학년 1학기;환경과 조화를 이루는 국토;중1 사회;중학교 1학년 ,,,,,https://www.edunet.net/contsMvGllry/view/152/2048796,,2025-04-21,B550629,한국교육학술정보원
해안 침식 지형의 특징과 형성 과정,,해안;침식;지형;그레이트 오션 로드;생성;초3 사회; 초등 3학년 2학기;다양한 삶의 모습들;초5 사회;초등 5학년 1학기;초6 사회; 초등 6학년 1학기;환경과 조화를 이루는 국,,,,,https://www.edunet.net/contsMvGllry/view/152/2048797,,2025-04-21,B550629,한국교육학술정보원
피오르의 특징과 형성 과정,,피오르;바다;강;형성;초3 사회; 초등 3학년 2학기;다양한 삶의 모습들;초5 사회;초등 5학년 1학기;초6 사회; 초등 6학년 1학기;환경과 조화를 이루는 국토;중1 사회;중학교,,,,,https://www.edunet.net/contsMvGllry/view/152/2048798,,2025-04-21,B550629,한국교육학술정보원
카르스트 지형과 형성 과정,,카르스트;초3 사회; 초등 3학년 2학기;다양한 삶의 모습들;초5 사회;초등 5학년 1학기;초6 사회; 초등 6학년 1학기;환경과 조화를 이루는 국토;중1 사회;중학교 1학년 사회,,,,,https://www.edunet.net/contsMvGllry/view/152/2048799,,2025-04-21,B550629,한국교육학술정보원
가뭄,,"기뭄, 가뭄 피해, 가뭄 원인, 가뭄 발생 지역",,,,,https://www.edunet.net/contsMvGllry/view/152/55653,,2025-04-21,B550629,한국교육학술정보원
쓰나미의 위력,,"자연 재해, 자연 환경, 쓰나미",,,,,https://www.edunet.net/contsMvGllry/view/152/62214,,2025-04-21,B550629,한국교육학술정보원
지진으로 인한 인간의 삶과 변화,,지진;일본;자연재해;초3 사회; 초등 3학년 2학기;다양한 삶의 모습들;초5 사회;초등 5학년 1학기;초6 사회; 초등 6학년 1학기;환경과 조화를 이루는 국토;중1 사회;중학교 ,,,,,https://www.edunet.net/contsMvGllry/view/152/2048800,,2025-04-21,B550629,한국교육학술정보원
인간의 간섭에 의한 홍수 피해,,홍수;인간;피해;개발;자연재해;초3 사회; 초등 3학년 2학기;다양한 삶의 모습들;초5 사회;초등 5학년 1학기;초6 사회; 초등 6학년 1학기;환경과 조화를 이루는 국토;중1 사,,,,,https://www.edunet.net/contsMvGllry/view/152/2048801,,2025-04-21,B550629,한국교육학술정보원
사막화가 증가하는 원인,,사막;사막화;초3 사회; 초등 3학년 1학기;우리가 살아가는 곳;초5 사회;초등 5학년 1학기;초6 사회; 초등 6학년 1학기;환경과 조화를 이루는 국토;중1 사회;중학교 1학년 ,,,,,https://www.edunet.net/contsMvGllry/view/152/2048802,,2025-04-21,B550629,한국교육학술정보원
소셜 네트워크 서비스의 두 얼굴,,"소셜 네트워크, 생활 속 SNS, 사생활 침해",,,,,https://www.edunet.net/contsMvGllry/view/152/66395,,2025-04-21,B550629,한국교육학술정보원
문화와 미디어의 상호 작용,,케이팝;k-pop;유튜브;한류;미디어;초3 사회; 초등 3학년 2학기;다양한 삶의 모습들;초5 사회;초등 5학년 1학기;초6 사회; 초등 6학년 1학기;우리 경제의 성장과 발전;중,,,,,https://www.edunet.net/contsMvGllry/view/152/2048803,,2025-04-21,B550629,한국교육학술정보원
미디어와 문화변동의 관계,,스마트폰;미디어;생활;초3 사회; 초등 3학년 2학기;다양한 삶의 모습들;초5 사회;초등 5학년 1학기;초6 사회; 초등 6학년 1학기;우리 경제의 성장과 발전;중1 사회;중학교 ,,,,,https://www.edunet.net/contsMvGllry/view/152/2048804,,2025-04-21,B550629,한국교육학술정보원
정치와 정치권력,,미국;영국;독립선언문;독립;초6 사회;초등 6학년 2학기;우리나라의 민주 정치;중1 사회;중학교 1학년 사회;사회1;정치 생활과 민주주의;미국;영국;독립선언문;독립;정치권력,,,,,https://www.edunet.net/contsMvGllry/view/152/2048805,,2025-04-21,B550629,한국교육학술정보원
민주 정치의 발전,,인권;인종차별;보이콧;초4 사회; 초등 4학년 2학기;지역 사회의 발전;초5 사회;초등 5학년 1학기;초등 6학년 1학기;우리 사회의 과제와 문화의 발전;정치 생활과 민주주의;인권,,,,,https://www.edunet.net/contsMvGllry/view/152/2048806,,2025-04-21,B550629,한국교육학술정보원
민주 정치의 원리,,게티즈버그;링컨;연설;초6 사회; 초등 6학년 2학기;우리나라의 민주 정치;중학교 1학년 사회;사회1;정치 생활과 민주주의;게티즈버그;링컨;연설;게티즈버그 전투,,,,,https://www.edunet.net/contsMvGllry/view/152/2048807,,2025-04-21,B550629,한국교육학술정보원
현대 사회와 정치,,대통령;왕;정치;입법;초6 사회; 초등 6학년 2학기;우리나라의 민주 정치;중학교 1학년 사회;사회1;정치 생활과 민주주의;대통령;왕;정치;입법,,,,,https://www.edunet.net/contsMvGllry/view/152/2048808,,2025-04-21,B550629,한국교육학술정보원
국민의 권리와 의무,,"기본권, 헌법, 권리, 의무, 국민",,,,,https://www.edunet.net/contsMvGllry/view/152/75197,,2025-04-21,B550629,한국교육학술정보원
법은 왜 필요할까요,,"법, 준법, 안전, 행복, 혼란",,,,,https://www.edunet.net/contsMvGllry/view/152/85286,,2025-04-21,B550629,한국교육학술정보원
"법 중의 법, 헌법",,"헌법, 제헌, 제헌절, 삼권분립, 국가",,,,,https://www.edunet.net/contsMvGllry/view/152/89066,,2025-04-21,B550629,한국교육학술정보원
내가 무의식적으로 쓴 말이 혐오표현이었다고,,"혐오표현, 차별, 결정 장애, 혐오, 결정",,,,,https://www.edunet.net/contsMvGllry/view/152/93329,,2025-04-21,B550629,한국교육학술정보원
제주 바다의 보물,,제주도;해녀;특산물;바다;특산품;초4 사회;초등 4학년 1학기;촌락의 형성과 주민 생활;제주도;해녀;특산물;바다;특산품;제주도 수산물;제주도 특산물,,,,,https://www.edunet.net/contsMvGllry/view/152/2048760,,2025-04-21,B550629,한국교육학술정보원
명태의 화려한 변신,,명태;황태;특산물;고장;강원도;초4 사회;초등 4학년 1학기;촌락의 형성과 주민 생활;명태;황태;특산물;고장;강원도;명태의 여러 가지 이름;강원도의 특산물,,,,,https://www.edunet.net/contsMvGllry/view/152/2048761,,2025-04-21,B550629,한국교육학술정보원
비닐 하우스의 봄,,비닐하우스;작물;수박;농업;재배;초4 사회;초등 4학년 1학기;촌락의 형성과 주민 생활;비닐하우스;작물;수박;농업;재배;기술의 발달;농업의 변화,,,,,https://www.edunet.net/contsMvGllry/view/152/2048762,,2025-04-21,B550629,한국교육학술정보원
"바다의 선물, 고소한 김",,김;반찬;효능;생산;초4 사회;초등 4학년 1학기;촌락의 형성과 주민 생활;김;반찬;효능;생산;대표 반찬;우리 식탁;김의 효능;김의 종류;김의 생산 과정,,,,,https://www.edunet.net/contsMvGllry/view/152/2048763,,2025-04-21,B550629,한국교육학술정보원
버섯 기르기,,버섯;재배;효능;초4 사회;초등 4학년 1학기;촌락의 형성과 주민 생활;버섯;재배;효능;버섯의 재배 과정;,,,,,https://www.edunet.net/contsMvGllry/view/152/2048764,,2025-04-21,B550629,한국교육학술정보원
평야지역에 발달한 도시,,도시;평야;발달;서울;광역시;초4 사회;초등 4학년 1학기;도시의 발달과 주민 생활;도시;평야;발달;서울;광역시;도시의 의미;도시의 발달;평야지역에 발달한 도시,,,,,https://www.edunet.net/contsMvGllry/view/152/2048765,,2025-04-21,B550629,한국교육학술정보원
해안지역에 발달한 도시,,도시;바다;해안;발달;초4 사회;초등 4학년 1학기;도시의 발달과 주민 생활;도시;바다;해안;발달;해안지역에 발달한 도시;도시의 변천;해안 도시의 특징,,,,,https://www.edunet.net/contsMvGllry/view/152/2048766,,2025-04-21,B550629,한국교육학술정보원
알뜰한 살림살이,,살림;가계;경제;가계부;가정;초4 사회;초등 4학년 2학기;경제생활과 바람직한 선택;살림;가계;경제;가계부;가정;가계부 작성하기;용돈기입장,,,,,https://www.edunet.net/contsMvGllry/view/152/2048767,,2025-04-21,B550629,한국교육학술정보원
서울을 나타내는 상징,,서울;상징;수도;초4 사회;초등 4학년 1학기;도시의 발달과 주민 생활;서울;상징;수도;서울을 나타내는 상징;서울의 시작;서울의 휘장;서울의 슬로건;서울의 브랜드;서울의 상징;서울,,,,,https://www.edunet.net/contsMvGllry/view/152/2048768,,2025-04-21,B550629,한국교육학술정보원
다양한 기업의 모습,,돈;기업;제조;판매;서비스;초4 사회;초등 4학년 2학기;경제생활과 바람직한 선택;돈;기업;제조;판매;서비스;다양한 기업;,,,,,https://www.edunet.net/contsMvGllry/view/152/2048769,,2025-04-21,B550629,한국교육학술정보원
가격의 비밀,,가격;초4 사회;초등 4학년 2학기;경제생활과 바람직한 선택;가격;가격의 비밀,,,,,https://www.edunet.net/contsMvGllry/view/152/2048770,,2025-04-21,B550629,한국교육학술정보원
"나누어서 일하기, 분업",,분업;경제;생산;초4 사회;초등 4학년 2학기;경제생활과 바람직한 선택;분업;경제;생산;곤충 사회;분업의 장점;분업의 단점,,,,,https://www.edunet.net/contsMvGllry/view/152/2048771,,2025-04-21,B550629,한국교육학술정보원
기업의 경쟁으로 달라지는 점,,기업;경쟁;효과;초4 사회;초등 4학년 2학기;경제생활과 바람직한 선택;기업;경쟁;효과;기업간 경쟁,,,,,https://www.edunet.net/contsMvGllry/view/152/2048772,,2025-04-21,B550629,한국교육학술정보원
기업의 역할,,기업;사회;역할;돈;이윤;초4 사회;초등 4학년 2학기;경제생활과 바람직한 선택;기업;사회;역할;돈;이윤;기업의 역할;세금,,,,,https://www.edunet.net/contsMvGllry/view/152/2048773,,2025-04-21,B550629,한국교육학술정보원
위도와 경도,,위도;경도;세계;시간;초6 사회;초등 6학년 1학기;살기 좋은 우리 국토;위도;경도;세계;시간;국제 표준시간;표준시,,,,,https://www.edunet.net/contsMvGllry/view/152/2048774,,2025-04-21,B550629,한국교육학술정보원
우리 국토의 영역,,배타적 경제수역;국토;영역;초6 사회;초등 6학년 1학기;살기 좋은 우리 국토;배타적 경제수역;국토;영역;바다;중간 수역,,,,,https://www.edunet.net/contsMvGllry/view/152/2048775,,2025-04-21,B550629,한국교육학술정보원
친환경 농법의 발달,,친환경;농법;먹거리;건강;초5 사회;초6 사회;초등 5학년 1학기;초등 6학년 1학기;환경과 조화를 이루는 국토;친환경;농법;먹거리;건강;인간과 환경의 조화;농약;비료;유기농;곤충,,,,,https://www.edunet.net/contsMvGllry/view/152/2048776,,2025-04-21,B550629,한국교육학술정보원
우리 경제의 특징,,세금;경제;정부;납세;초5 사회;초6 사회;초등 5학년 1학기;초등 6학년 1학기;우리 경제의 성장과 발전;세금;경제;정부;납세;우리 경제의 특징;세금의 종류;세금의 분류;세금의 ,,,,,https://www.edunet.net/contsMvGllry/view/152/2048777,,2025-04-21,B550629,한국교육학술정보원
새로운 매체와 문화 발전,,QR코드;스마트;경제;초5 사회;초6 사회;초등 5학년 1학기;초등 6학년 1학기;우리 경제의 성장과 발전;QR코드;스마트;경제;QR코드의 활용,,,,,https://www.edunet.net/contsMvGllry/view/152/2048778,,2025-04-21,B550629,한국교육학술정보원
역사 속 종교의 역할,,"초5 사회;초등 5학년 2학기;우리 역사의 시작과 발전;불교 공인, 훈요십조, 이차돈, 불씨잡변",,,,,https://www.edunet.net/contsMvGllry/view/152/2048779,,2025-04-21,B550629,한국교육학술정보원
"불교 문화재, 석탑 이야기",,역사;불교;건축;탑;초5 사회;초등 5학년 2학기;우리 역사의 시작과 발전;역사;불교;건축;탑;석탑;감은사지 석탑;익산 미륵사지 석탑;정림사지 5층 석탑;분황사 모전석탑;석가탑;다,,,,,https://www.edunet.net/contsMvGllry/view/152/2048780,,2025-04-21,B550629,한국교육학술정보원
역사 속 결혼 풍습,,역사;결혼;풍습;전통;혼례;초5 사회;초등 5학년 2학기;유교 문화가 발달한 조선;역사;결혼;풍습;전통;혼례,,,,,https://www.edunet.net/contsMvGllry/view/152/2048781,,2025-04-21,B550629,한국교육학술정보원
조상들의 생활 모습,,민화;조상;생활모습;역사;초5 사회;초등 5학년 2학기;유교 문화가 발달한 조선;민화;조상;생활모습;역사;조상들의 삶;김홍도;신윤복,,,,,https://www.edunet.net/contsMvGllry/view/152/2048782,,2025-04-21,B550629,한국교육학술정보원
신분에 따라 다른 의복,,복식;신분;조선;옷;초5 사회;초등 5학년 2학기;유교 문화가 발달한 조선;복식;신분;조선;옷;조선시대의 신분제도;신분에 따른 복식의 차이,,,,,https://www.edunet.net/contsMvGllry/view/152/2048783,,2025-04-21,B550629,한국교육학술정보원
김충선(사야가),,"유교 문화가 발달한 조선, 초5 사회, 초등학교 5학년 사회, 초등 역사, 임진왜란, 사야가, 김충선, 조선, 일본, 귀화, 역적, 충신, 울산성 전투, 녹동서원",,,,,https://www.edunet.net/contsMvGllry/view/152/2052828,,2025-04-21,B550629,한국교육학술정보원
삼권분립,,삼권분립;사법;입법;행정;국가기관;민주주의;초6 사회;초등 6학년 2학기;우리나라의 민주 정치;삼권분립;사법;입법;행정;국가기관;민주주의;삼권분립의 유래,,,,,https://www.edunet.net/contsMvGllry/view/152/2048784,,2025-04-21,B550629,한국교육학술정보원
인터넷 부머,,정보 사회;예절;에티켓;초5 사회;초6 사회;초등 5학년 1학기;초등 6학년 1학기;우리 사회의 과제와 문화의 발전;정보 사회;예절;에티켓,,,,,https://www.edunet.net/contsMvGllry/view/152/2048787,,2025-04-21,B550629,한국교육학술정보원
독일 통일 이야기,,독일 통일;독일의 분단;통일의 필요성;독일 통일 사례를 통해 본 통일의 필요성;통일 후 독일 상황;초등학교 5학년 사회 대한민국의 발전과 오늘의 우리;초5 사회 대한민국의 발전과 ,,,,,https://www.edunet.net/contsMvGllry/view/152/18747,,2025-04-21,B550629,한국교육학술정보원
"지구촌 갈등, 국제분쟁",,"지구촌 갈등;국제분쟁;종교 갈등;카슈미르 분쟁 지역;자원으로 인한 갈등;동중국해;티그리스,유프라테스 강 유역의 물 분쟁;아부무사섬;영토로 인한 갈등;영토 분쟁 지역;이스라엘과 팔레",,,,,https://www.edunet.net/contsMvGllry/view/152/25516,,2025-04-21,B550629,한국교육학술정보원
UNICEF,,"UNICEF;국제 연합;UN;5세 미만 어린이들의 사망 원인;아프리카 난민들의 고통;Tap project;초등학교 6학년 사회 정보화,세계화 그리고 우리;초6 사회 정보화,세계화 ",,,,,https://www.edunet.net/contsMvGllry/view/152/2024499,,2025-04-21,B550629,한국교육학술정보원
Coexistence of Different Cultures - Quebec,,문화의 공존;퀘벡주;퀘벡주 위치;이중 언어 정책;문화 융합;고등학교 세계지리 세계의 인문 환경,,,,,https://www.edunet.net/contsMvGllry/view/152/68244,,2025-04-21,B550629,한국교육학술정보원
세계 여러 나라의 관혼상제,,"관혼상제, 새계 여러나라의 관혼상제",,,,,https://www.edunet.net/contsMvGllry/view/152/71914,,2025-04-21,B550629,한국교육학술정보원
다문화 교육에 대한 오해와 진실,,"다문화, 다문화 사회, 다문화 교육",,,,,https://www.edunet.net/contsMvGllry/view/152/73208,,2025-04-21,B550629,한국교육학술정보원
문화 갈등,,"문화 갈등;다문화;다문화 가정;다누리 홈페이지;문화 갈등;종교 갈등;중학교 도덕 사회,국가.지구 공동체와의 관계;문화적 다양성과 도덕",,,,,https://www.edunet.net/contsMvGllry/view/152/1990193,,2025-04-21,B550629,한국교육학술정보원
문화권의 특성,,문화권의 특성;문화에 따른 생활 방식;세계 문화권의 구분;건조문화권;동양문화권;북국문화권;아프리카 문화권;한인타운;문화 전파;고등학교 세계지리 세계의 인문 환경,,,,,https://www.edunet.net/contsMvGllry/view/152/2028691,,2025-04-21,B550629,한국교육학술정보원
세계의 다양한 전통놀이,,세계;전통;전통놀이;놀이;초등 3학년 2학기 사회; 사회 3학년 2학기;다양한 삶의 모습들;문화;세계;전통;전통놀이;놀이,,,,,https://www.edunet.net/contsMvGllry/view/152/2048826,,2025-04-21,B550629,한국교육학술정보원
토착 문화와 융합한 문화 전파,,김치;고추;중학교 1학년 사회;사회1;문화의 이해와 창조;김치;고추;토착 문화;문화 전파,,,,,https://www.edunet.net/contsMvGllry/view/152/2048837,,2025-04-21,B550629,한국교육학술정보원
현재의 의사소통 수단,,휴대폰;이동;의사소통;소통;초등 3학년 1학기 사회; 사회 3학년 1학기 이동과 소통하기;초3 사회;휴대폰;이동;의사소통;소통;현재 가장 많이 사용하는 발명품;최초의 휴대폰;고가의,,,,,https://www.edunet.net/contsMvGllry/view/152/2048745,,2025-04-21,B550629,한국교육학술정보원
SNS의 힘,,SNS;의사소통;소통;순기능;역기능;초등 3학년 1학기 사회; 사회 3학년 1학기 이동과 소통하기;초3 사회;SNS;의사소통;소통;순기능;역기능;강아지를 잃어버렸을 때;SNS의 순,,,,,https://www.edunet.net/contsMvGllry/view/152/2048746,,2025-04-21,B550629,한국교육학술정보원
현재의 이동수단,,지하철;이동;일본;중국;독일;스웨덴;대중교통;초등 3학년 1학기 사회; 사회 3학년 1학기 이동과 소통하기;초3 사회;지하철;이동;일본;중국;독일;스웨덴;대중교통;우리나라의 지하철,,,,,https://www.edunet.net/contsMvGllry/view/152/2048747,,2025-04-21,B550629,한국교육학술정보원
세계의 다양한 이동 수단,,이동 수단;세계;동남아;필리핀;네덜란드;호주;이탈리아;초등 3학년 1학기 사회; 사회 3학년 1학기 이동과 소통하기;초3 사회;이동 수단;세계;동남아;필리핀;네덜란드;호주;이탈리아,,,,,https://www.edunet.net/contsMvGllry/view/152/2048748,,2025-04-21,B550629,한국교육학술정보원
이동 수단의 발달,,"영화;상상;현실;의사소통;무인자동차;무인운전;철도;초3 사회, 초등 3학년 2학기; 사회 달라지는 생활 모습;영화;상상;현실;의사소통;무인자동차;무인운전;철도;이동 수단의 종류;이",,,,,https://www.edunet.net/contsMvGllry/view/152/2048749,,2025-04-21,B550629,한국교육학술정보원
나라별로 다른 의미를 지닌 제스처,,"제스처;의사소통;소통;초3 사회;초등 3학년 2학기 사회;우리 지역, 다른 지역;제스처;의사소통;소통;제스처의 의미",,,,,https://www.edunet.net/contsMvGllry/view/152/2048750,,2025-04-21,B550629,한국교육학술정보원
4차 산업혁명이란,,"4차 산업혁명, 사물 인터넷, 클라우드, 빅데이터, 인공지능",,,,,https://www.edunet.net/contsMvGllry/view/152/100582,,2025-04-21,B550629,한국교육학술정보원
드론으로 달라지는 우리의 미래,,"드론, 드론과 우리 생활, 미래의 드론",,,,,https://www.edunet.net/contsMvGllry/view/152/2013349,,2025-04-21,B550629,한국교육학술정보원
다양한 지역 축제,,"축제;지역;생활;경제;초3 사회, 초등 3학년 2학기; 사회 달라지는 생활 모습;축제;지역;생활;경제;우리나라의 다양한 지역 축제;",,,,,https://www.edunet.net/contsMvGllry/view/152/2048751,,2025-04-21,B550629,한국교육학술정보원
생활 도구의 모양과 쓰임,,"가마솥;밥솥;생활;도구;초3 사회, 초등 3학년 2학기; 사회 달라지는 생활 모습;가마솥;밥솥;생활;도구;밥솥의 변화;가마솥의 원리;가마솥의 제작 과정",,,,,https://www.edunet.net/contsMvGllry/view/152/2048752,,2025-04-21,B550629,한국교육학술정보원
달라진 의식주,,"설피;둥그니신;겨울;조상;초3 사회, 초등 3학년 2학기; 사회 달라지는 생활 모습;설피;둥그니신;겨울;조상;대한민국의 사계절;눈이 오는 날",,,,,https://www.edunet.net/contsMvGllry/view/152/2048753,,2025-04-21,B550629,한국교육학술정보원
교과서의 변천,,"교과서;교실;학교;초3 사회, 초등 3학년 2학기; 사회 달라지는 생활 모습;교과서;교실;학교;달라진 교실;옛날의 교실;교과서의 변화;",,,,,https://www.edunet.net/contsMvGllry/view/152/2048754,,2025-04-21,B550629,한국교육학술정보원
세계의 여러 문화,,"세계;축제;초3 사회, 초등 3학년 2학기; 사회 다양한 삶의 모습들;세계;축제;다양한 축제",,,,,https://www.edunet.net/contsMvGllry/view/152/2048755,,2025-04-21,B550629,한국교육학술정보원
송편의 유래,,"송편;유래;음식;월병;초3 사회, 초등 3학년 2학기; 사회 다양한 삶의 모습들;송편;유래;음식;월병;추석의 대표 음식;송편의 유래",,,,,https://www.edunet.net/contsMvGllry/view/152/2048756,,2025-04-21,B550629,한국교육학술정보원
세계의 어린이날,,"어린이날;어린이;초3 사회, 초등 3학년 2학기; 사회 다양한 삶의 모습들;어린이날;어린이;5월 5일;어린이날의 역사;일본의 어린이날;북한의 어린이날;세계의 어린이날",,,,,https://www.edunet.net/contsMvGllry/view/152/2048757,,2025-04-21,B550629,한국교육학술정보원
나라별 이색 음식,,"이색;음식;문화;초3 사회, 초등 3학년 2학기; 사회 다양한 삶의 모습들;이색;음식;문화;이색 음식 체험",,,,,https://www.edunet.net/contsMvGllry/view/152/2048758,,2025-04-21,B550629,한국교육학술정보원
팔도강산 특산물,,가락;특산물;시장;농산물;수산물;초4 사회;초등 4학년 1학기;촌락의 형성과 주민 생활;가락;특산물;시장;농산물;수산물;가락동 농수산물 시장;시장이 필요한 이유,,,,,https://www.edunet.net/contsMvGllry/view/152/2048759,,2025-04-21,B550629,한국교육학술정보원
빙산이 물에 뜨는 이유,,빙산이 물에 뜨는 이유;빙산;얼음의 부피;물과 얼음의 밀도;부력의 원리;부력의 크기;빙산의 일각;초등학교 4학년 과학 물의 상태 변화;초4 과학 물의 상태 변화;중학교 과학 수권의,,,,,https://www.edunet.net/contsMvGllry/view/152/22995,,2025-04-21,B550629,한국교육학술정보원
지하수,,지하수;지하수가 있는 곳;불포화대;대수층;불투수층;지하수가 만든 석회암 지형;카르스트;여러가지 카르스트 지형;초등학교 4학년 과학 물의 상태 변화;초4 과학 물의 상태 변화;중학교,,,,,https://www.edunet.net/contsMvGllry/view/152/32499,,2025-04-21,B550629,한국교육학술정보원
연못이나 강가에 사는 식물,,물가에 사는 식물;창포;생이가래;물 위에 사는 식물;물질경이;물 속에 사는 식물;개연꽃;잎이 물 위에 있는 물속에 사는 식물;초등학교 3학년 과학 식물의 한살이;초3 과학 식물의 ,,,,,https://www.edunet.net/contsMvGllry/view/152/28667,,2025-04-21,B550629,한국교육학술정보원
"사막, 바닷가, 갯벌에 사는 식물",,사막에 사는 식물;바닷가에 사는 식물;갯벌에 사는 식물;다육 식물;통보리사초;퉁퉁마디;초등학교 3학년 과학 식물의 한살이;초3 과학 식물의 한살이;초등학교 4학년 과학 식물의 한살,,,,,https://www.edunet.net/contsMvGllry/view/152/1972860,,2025-04-21,B550629,한국교육학술정보원
들과 산에 사는 식물,,주별의 풀;강아지풀;강아지풀 특징;토끼풀;토끼풀 특징;봄나물;다양한 잎의 형태;주변의 나무들;잣나무;잣나무 특징;떡갈나무;떡갈나무 특징;초등학교 3학년 과학 식물의 한살이;초3 과,,,,,https://www.edunet.net/contsMvGllry/view/152/1979009,,2025-04-21,B550629,한국교육학술정보원
식물의 생김새,,식물의 생김새에 따른 이름;독립영양생물;식물 이름을 붙이는 방법;식물의 잎;잎의 구조;잎의 형태;식물의 줄기;줄기의 형태;줄기의 종류;식물 뿌리;뿌리의 형태;초등학교 3학년 과학 ,,,,,https://www.edunet.net/contsMvGllry/view/152/2018531,,2025-04-21,B550629,한국교육학술정보원
"에너지의 미래, 핵융합 에너지",,"핵융합, 헬륨3, 국가핵융합연구소",,,,,https://www.edunet.net/contsMvGllry/view/152/7095,,2025-04-21,B550629,한국교육학술정보원
신에너지,,신에너지;신에너지 종류;수소 에너지;연료 전지;수소 에너지를 사용하는 예;연료 전지 장점;석탄 액화 에너지;석탄 가스화 에너지;중학교 과학 일과 에너지 전환;고등학교 과학  에너지,,,,,https://www.edunet.net/contsMvGllry/view/152/47844,,2025-04-21,B550629,한국교육학술정보원
재생 에너지,,재생 에너지;재생 에너지 종류;태양 에너지; 바이오 에너지;바이오 에너지 이용 과정;풍력 발전;지열 에너지;중학교 과학 일과 에너지 전환;고등학교 과학  에너지와 환경,,,,,https://www.edunet.net/contsMvGllry/view/152/66515,,2025-04-21,B550629,한국교육학술정보원
신·재생 에너지를 이용해야 하는 이유,,신재생 에너지를 이용해야 하는 이유;화석 연료;화석 연료의 가용 기간;지구 온난화;환경 오염;신재생 에너지;중학교 과학 일과 에너지 전환;고등학교 과학  에너지와 환경,,,,,https://www.edunet.net/contsMvGllry/view/152/86756,,2025-04-21,B550629,한국교육학술정보원
우리나라의 전통 악기,,우리나라의 전통 악기;악기를 분류하는 방법;소리 내는 방법에 따른 악기 분류;현명 악기;공명 악기;체명 악기;피명 악기;현명 악기의 종류;공명 악기의 종류;체명 악기의 종류;피명 ,,,,,https://www.edunet.net/contsMvGllry/view/152/25498,,2025-04-21,B550629,한국교육학술정보원
악기의 소리 내는 방법,,악기의 소리 내는 방법;소리 내는 방법에 따른 악기 분류;빨대피리 만들기;초등학교 3학년 과학 소리의 성질;초3 과학 소리의 성질;초등학교 4학년 과학 소리의 성질;초4 과학 소리,,,,,https://www.edunet.net/contsMvGllry/view/152/34545,,2025-04-21,B550629,한국교육학술정보원
다양한 악기,,다양한 악기;마림바;색소폰;오보에;만돌린;오카리나;초등학교 3학년 과학 소리의 성질;초3 과학 소리의 성질;초등학교 4학년 과학 소리의 성질;초4 과학 소리의 성질;중학교 과학 빛,,,,,https://www.edunet.net/contsMvGllry/view/152/95168,,2025-04-21,B550629,한국교육학술정보원
도르래와 지레의 관계,,도르래와 지레의 관계;지레의 종류;지레의 구성;지레의 종류;1종 지레;일상생활 속 1종 지레 사용;2종 지레;일상생활 속 2종 지레 사용;3종 지레;일상생활 속 3종 지레 사용;고,,,,,https://www.edunet.net/contsMvGllry/view/152/28458,,2025-04-21,B550629,한국교육학술정보원
축바퀴의 원리,,축바퀴의 원리;축바퀴;회전하는 지레;축바퀴의 모습;생활 속 축바퀴;생활 속에서 사용되는 축바퀴 원리;중학교 과학 일과 에너지 전환;고등학교 물리 힘과 에너지의 이용,,,,,https://www.edunet.net/contsMvGllry/view/152/88867,,2025-04-21,B550629,한국교육학술정보원
우리 몸속의 지레,,우리 몸속의 지레;우리 몸 속 지레의 원리 적용된 곳;팔 속에 숨겨진 지레;중학교 과학 일과 에너지 전환;고등학교 물리 힘과 에너지의 이용,,,,,https://www.edunet.net/contsMvGllry/view/152/89345,,2025-04-21,B550629,한국교육학술정보원
거중기의 원리,,도르래;거중기;일;힘;중학교 2학년 과학;과학2;중학교 과학;일과 에너지 전환;도르래;거중기;일;힘;일의 원리;도르래의 원리;거중기의 원리,,,,,https://www.edunet.net/contsMvGllry/view/152/2048932,,2025-04-21,B550629,한국교육학술정보원
크레인의 종류와 탑형 크레인의 원리,,크레인;건설;도르래;중학교 2학년 과학;과학2;중학교 과학;일과 에너지 전환;크레인;건설;도르래,,,,,https://www.edunet.net/contsMvGllry/view/152/2048933,,2025-04-21,B550629,한국교육학술정보원
전구의 구조,,전구의 구조;백열전구의 구조;전구에 불이 켜지는 원리;백열전구 안에 들어 있는 기체;전구 유리구 안쪽을 뿌옇게 만든 이유;형광등 구조;형광등에 불이 켜지는 원리;형광등은 어떻게 빛,,,,,https://www.edunet.net/contsMvGllry/view/152/2092,,2025-04-21,B550629,한국교육학술정보원
전구의 미래,,전구의 미래;전구의 여러가지 모양;백열전구의 단점;삼파장 램프;안정기 내장형 램프;LED;백열전구;LED 구조;LED원리;초등학교 5학년 과학 전기회로;초5 과학 전기회로;중학교 ,,,,,https://www.edunet.net/contsMvGllry/view/152/30392,,2025-04-21,B550629,한국교육학술정보원
이제는 LED다,,"LED, LED 종류와 활용, LED의 장점",,,,,https://www.edunet.net/contsMvGllry/view/152/46599,,2025-04-21,B550629,한국교육학술정보원
전구의 역사,,전구의 역사;야크 등;전구의 발명;백열전구가 처음으로 상업적으로 설치된 곳;우리나라 전기 유입;전등의 별칭;초등학교 5학년 과학 전기회로;초5 과학 전기회로;중학교 과학 전기와 자,,,,,https://www.edunet.net/contsMvGllry/view/152/50221,,2025-04-21,B550629,한국교육학술정보원
전구의 이용,,전구의 이용;전구의 다양한 이용;전구의 종류;전구의 다양한 이용;조명;실내에서 사용하는 조명;직접조명의 장점;직접조명의 단점;간접조명의 장점;간접조명의 단점;반직접 조명;전반확산 ,,,,,https://www.edunet.net/contsMvGllry/view/152/64752,,2025-04-21,B550629,한국교육학술정보원
뉴턴의 사과,,뉴턴의 사과;만유인력의 법칙;중력;뉴턴의 회고록;중학교 과학 힘과 운동;고등학교 과학 태양계와 지구,,,,,https://www.edunet.net/contsMvGllry/view/152/53679,,2025-04-21,B550629,한국교육학술정보원
중력의 크기,,중력의 크기;지구와 달의 중력;무게;지구와 달의 크기 비교;지구와 달에서 측정한 무게와 질량의 차이;위치에 따른 중력의 크기 차이;초등학교 4학년 과학 무게재기;초4 과학 무게재기,,,,,https://www.edunet.net/contsMvGllry/view/152/56657,,2025-04-21,B550629,한국교육학술정보원
그림자가 만들어지는 까닭,,그림자가 만들어지는 까닭;빛의 직진;난반사;바늘구멍 사진기의 원리;그림자가 생기는 이유;반그림자;본그림자;초등학교 3학년 과학 거울과 그림자;초3 과학 거울과 그림자;초등학교 4학,,,,,https://www.edunet.net/contsMvGllry/view/152/65521,,2025-04-21,B550629,한국교육학술정보원
일식과 월식,,일식;월식;일식과 월식;일식의 모습;일식의 원리;월식의 모습;월식의 원리;초등학교 3학년 과학 거울과 그림자;초3 과학 거울과 그림자;초등학교 4학년 과학 거울과 그림자;초4 과학,,,,,https://www.edunet.net/contsMvGllry/view/152/1984375,,2025-04-21,B550629,한국교육학술정보원
그림자놀이,,그림자;그림자놀이;빛;초등 4학년 2학기 과학;초4 과학;거울과 그림자;거울;볼록;오목;숟가락;백화점;초등 6학년 1학기;초6 과학;렌즈의 이용;그림자;그림자놀이;빛,,,,,https://www.edunet.net/contsMvGllry/view/152/2048918,,2025-04-21,B550629,한국교육학술정보원
우리 주변의 물의 상태 변화,,물의 상태 변화;응고;융해;물이 얼고 녹는 과정;기화;액화;가열식 가습기;초음파 가습기;가열식 가습기 단점;초음파 가습기 단점;이슬;이슬이 생기는 이유;승화;승화 예;응고 예;융해,,,,,https://www.edunet.net/contsMvGllry/view/152/14160,,2025-04-21,B550629,한국교육학술정보원
물과 수증기,,물과 수증기;수증기;김과 수증기;수증기 물 입자;수증기 특징;김과 수증기의 차이;물이 수증기가 되는 과정;물이 수증기로 변하는 과정;증발;끓음;증발 예;끓음 예;수증기가 물로 되는,,,,,https://www.edunet.net/contsMvGllry/view/152/27218,,2025-04-21,B550629,한국교육학술정보원
물의 세 가지 상태,,물의 세 가지 상태;물의 상태에 따른 특징;물의 세 가지 형태;얼음 입자;물 입자;수증기 입자;물 상태가 변화하는 원인;물의 상태 변화;초등학교 3학년 과학 물의 상태 변화;초3 ,,,,,https://www.edunet.net/contsMvGllry/view/152/32024,,2025-04-21,B550629,한국교육학술정보원
물과 얼음,,물과 얼음;얼음;얼음의 색깔;물의 성질;얼음의 성질;얼음의 색깔이 다른 이유;투명한 얼음을 만드는 방법;물의 상태 변화;물의 상태 변화를 이용한 예;물 입자 구조;얼음 입자 구조;,,,,,https://www.edunet.net/contsMvGllry/view/152/59152,,2025-04-21,B550629,한국교육학술정보원
물과 수증기,,감기;습도;온도;물;수증기;가습기;초등 4학년 2학기 과학;초4 과학;물의 상태 변화;감기;습도;온도;물;수증기;가습기;가습기의 원리,,,,,https://www.edunet.net/contsMvGllry/view/152/2048916,,2025-04-21,B550629,한국교육학술정보원
보일의 법칙,,보일의 법칙;기체의 압력과 부피;보일의 J자관 실험 장치;보일의 J자관 실험;보일의 법칙의 확인;생활 속 보일의 법칙;보일의 법칙이 적용된 예;초등학교 6학년 과학 여러 가지 기체,,,,,https://www.edunet.net/contsMvGllry/view/152/31309,,2025-04-21,B550629,한국교육학술정보원
샤를의 법칙,,샤를의 법칙;기체의 온도와 부피;열팽창;온도가 기체에 미치는 영향;절대 온도;절대 온도를 처음으로 말한 사람;샤를의 법칙 확인;샤를의 법칙이 적용된 예;초등학교 6학년 과학 여러 ,,,,,https://www.edunet.net/contsMvGllry/view/152/70242,,2025-04-21,B550629,한국교육학술정보원
기체에 대해 연구한 과학자들,,기체를 연구한 학자;로버트 보일;에듬 마리오트;보일의 법칙;샤를;게이뤼삭;샤를의 열기구;기체 반응의 법칙;샤를의 법칙;초등학교 6학년 과학 여러 가지 기체;초6 과학 여러 가지 기,,,,,https://www.edunet.net/contsMvGllry/view/152/96007,,2025-04-21,B550629,한국교육학술정보원
기체의 부피,,기체의 부피;기체의 부피 측정;부피 측정 방법;기체의 부피와 온도;기체 팽창의 법칙;온도와 기체의 부피;기체의 부피와 압력;압력과 기체의 부피;초등학교 3학년 과학 액체와 기체;초,,,,,https://www.edunet.net/contsMvGllry/view/152/27618,,2025-04-21,B550629,한국교육학술정보원
부피란,,부피;물질의 세 가지 상태;부피의 단위;옛날 부피 단위;홉;되;말;초등학교 3학년 과학 액체와 기체;초3 과학 액체와 기체;초등학교 4학년 과학 액체와 기체;초4 과학 액체와 기체,,,,,https://www.edunet.net/contsMvGllry/view/152/34239,,2025-04-21,B550629,한국교육학술정보원
액체의 부피,,액체의 부피;액체;액체의 특징;끓는 점;온도에 따른 액체의 부피;압력에 따른 액체의 부피;물의 부피 변화;액체의 부피 측정 도구;메스실린더;눈금 실린더;눈금 실린더의 사용;응집력;,,,,,https://www.edunet.net/contsMvGllry/view/152/82596,,2025-04-21,B550629,한국교육학술정보원
액체의 열팽창,,액체의 열팽창;열팽창률;여러 가지 액체의 열팽창;열팽창 계수;물의 열팽창;음의 열팽창;음의 열팽창이 일어나는 이유;물의 부피 변화;음의 열팽창과 생태계;음의 열팽창이 생태계에 미치,,,,,https://www.edunet.net/contsMvGllry/view/152/27387,,2025-04-21,B550629,한국교육학술정보원
열팽창의 이용,,열팽창의 이용;열팽창 성질 이용하는 경우;바이메탈;바이메탈이 사용되는 곳;바이메탈의 원리;수은의 위험성;수은 제거 방법;수은 치우는 방법;여러 가지 온도계;중학교 과학 열과 우리 ,,,,,https://www.edunet.net/contsMvGllry/view/152/48228,,2025-04-21,B550629,한국교육학술정보원
고체의 열팽창,,고체의 열팽창;실생활에서의 고체 열팽창;열팽창 계수;실생활에서 열팽창의 예;철로 열팽창;중학교 과학 열과 우리 생활,,,,,https://www.edunet.net/contsMvGllry/view/152/65415,,2025-04-21,B550629,한국교육학술정보원
물의 비열,,비열;물질;물;중학교 1학년 과학;과학1;중학교 과학;열과 우리 생활;비열;물질;물;물의 비열;비열의 차이,,,,,https://www.edunet.net/contsMvGllry/view/152/2048935,,2025-04-21,B550629,한국교육학술정보원
식물의 수정과 발생,,식물의 수정;식물의 발생;수정;꽃의 구조;중복 수정;배 발생;식물의 자손이 만들어지는 원리;겉씨식물의 수정;겉씨식물 한살이;중학교 과학 생식과 발생,,,,,https://www.edunet.net/contsMvGllry/view/152/15828,,2025-04-21,B550629,한국교육학술정보원
동물의 수정과 발생,,동물의 수정;동물의 발생;생식 세포;정자;난자;정자 구조;난자 구조;동물의 수정;정자와 난자가 만나는 모습;동물의 자손이 만들어지는 원리;중학교 과학 생식과 발생,,,,,https://www.edunet.net/contsMvGllry/view/152/18573,,2025-04-21,B550629,한국교육학술정보원
무성 생식과 유성 생식의 비교,,무성 생식;유성 생식;무성 생식과 유성 생식의 비교;생식;이분법;출아법;포자법;영양 생식;유성 생식과 무성 생식의 차이;무성 생식과 유성 생식의 비교;중학교 과학 생식과 발생,,,,,https://www.edunet.net/contsMvGllry/view/152/1996407,,2025-04-21,B550629,한국교육학술정보원
세포 소기관,,세포 소기관;세포;세포핵;미토콘드리아;세포막;소포체;리보솜;골지체;식물 세포의 세포 소기관;엽록체;액포;동물 세포의 세포 소기관;중심체;리소좀;동물세포;식물세포;초등학교 5학년 과,,,,,https://www.edunet.net/contsMvGllry/view/152/33243,,2025-04-21,B550629,한국교육학술정보원
단세포 생물,,단세포 생물;다세포 생물;단세포 생물 예;아메바 특성;유글레나 특성;짚신벌레 특성;종벌레 특성;광합성 하는 단세포 생물;초등학교 5학년 과학 식물의 구조와 기능;초5 과학 식물의 ,,,,,https://www.edunet.net/contsMvGllry/view/152/1993089,,2025-04-21,B550629,한국교육학술정보원
세포의 발견,,세포의 발견;세포 발견 역사;세포를 발견한 사람;현미경으로 세포를 관찰한 과학자들;초등학교 5학년 과학 식물의 구조와 기능;초5 과학 식물의 구조와 기능;중학교 과학 광합성;고등학,,,,,https://www.edunet.net/contsMvGllry/view/152/2000695,,2025-04-21,B550629,한국교육학술정보원
지구의 물,,지구의 물;수권;5대양;바다 면적;육지의 물;대기의 물;지구상의 물의 분포;물의 순환;초등학교 3학년 과학 액체와 기체;초3 과학 액체와 기체;초등학교 4학년 과학 물의 상태 변화,,,,,https://www.edunet.net/contsMvGllry/view/152/16100,,2025-04-21,B550629,한국교육학술정보원
동물의 식물의 감각 기관,,동물;식물;감각;기관;사람;오감;초등 3학년 1학기 과학;초3 과학;동물의 한살이;동물의 생활;초등 4학년 1학기 과학;초4 과학;식물의 한살이;식물의 생활;초등 5학년 1학기 과,,,,,https://www.edunet.net/contsMvGllry/view/152/2048863,,2025-04-21,B550629,한국교육학술정보원
지층이란,,지층;지층의 생성;지층의 모양;층리;층리에 영향을 미치는 요인들;단층;여러 가지 지층의 모양;단층의 종류;땅속 지층을 알 수 있는 방법;코어 샘플 실험;초등학교 3학년 과학 화산과,,,,,https://www.edunet.net/contsMvGllry/view/152/2005242,,2025-04-21,B550629,한국교육학술정보원
우리나라의 지층,,우리나라 지층;채석강;상족암 군립 공원;두무진;서귀포 용머리 해안;초등학교 3학년 과학 화산과 지진;초3 과학 화산과 지진;초등학교 4학년 과학 화산과 지진;초4 과학 화산과 지진,,,,,https://www.edunet.net/contsMvGllry/view/152/2015617,,2025-04-21,B550629,한국교육학술정보원
소리가 만들어지려면,,소리가 만들어지는 원리;파동;사람이 말할 수 있는 이유;사람의 성대 구조;목소리가 나는 원리;사람의 성대;초등학교 3학년 과학 소리의 성질;초3 과학 소리의 성질초등학교 4학년 과,,,,,https://www.edunet.net/contsMvGllry/view/152/12137,,2025-04-21,B550629,한국교육학술정보원
소리의 세기와 높낮이,,소리의 세기;소리의 높낮이;소리 특징;소리 3요소;파동;파동의 모양;진폭과 소리 크기;떨림과 소리의 높낮이;소리의 맵시;초음파;가청 진동수;가청 주파수;사람의 가청 주파수;동물의 ,,,,,https://www.edunet.net/contsMvGllry/view/152/94486,,2025-04-21,B550629,한국교육학술정보원
소리의 전달,,파동의 전파;소리의 전달;매질;소리의 공명;공명의 위력;초등학교 3학년 과학 소리의 성질;초3 과학 소리의 성질초등학교 4학년 과학 소리의 성질;초4 과학 소리의 성질;중학교 과학,,,,,https://www.edunet.net/contsMvGllry/view/152/1995199,,2025-04-21,B550629,한국교육학술정보원
지진이 났을 때 안전하게 대피하는 방법,,"지진 대비, 지진 경보, 지진 발생 후 대피",,,,,https://www.edunet.net/contsMvGllry/view/152/18260,,2025-04-21,B550629,한국교육학술정보원
지진대,,지진대;지각판;주요 지각판;지각판이 움직이는 방향;환태평양 지진대;알프스-히말라야 지진대;중앙해령 지진대;세계의 지진대;화산대;화산대와 지진대;초등학교 3학년 과학 화산과 지진;초,,,,,https://www.edunet.net/contsMvGllry/view/152/29030,,2025-04-21,B550629,한국교육학술정보원
지진,,지진;땅 속에서 일어나는 일;지구 내부 모습;대류 운동;지진이 일어난 장소;진원;진앙;땅이 움직이는 모양;지진 관측;지진계;지진계의 원리;지진파;지진파의 종류;지구 내부 구조;지진,,,,,https://www.edunet.net/contsMvGllry/view/152/45050,,2025-04-21,B550629,한국교육학술정보원
지진,,지진;강진;불의 고리;재앙;초등 3학년 1학기 과학;초3 과학;지층과 화석;초등 4학년 1학기 과학;초4 과학;화산과 지진;지진;강진;불의 고리;재앙;우리나라는 지진 안전지대인가,,,,,https://www.edunet.net/contsMvGllry/view/152/2048914,,2025-04-21,B550629,한국교육학술정보원
지진의 피해,,지진;피해;쓰나미;지진 해일;초등 3학년 1학기 과학;초3 과학;지층과 화석;초등 4학년 1학기 과학;초4 과학;화산과 지진;지진;피해;쓰나미;지진 해일,,,,,https://www.edunet.net/contsMvGllry/view/152/2048915,,2025-04-21,B550629,한국교육학술정보원
꽃과 열매,,꽃;열매;꽃의 내부 구조;꽃의 구조적 분류;통꽃;갈래꽃;꽃의 수정;열매의 종류;참열매;헛열매;세계에서 가장 큰 꽃;라플레시아;시체꽃;재미있게 생긴 열대 과일;생김새가 재미난 과일;,,,,,https://www.edunet.net/contsMvGllry/view/152/55816,,2025-04-21,B550629,한국교육학술정보원
식물의 한살이,,식물의 한살이;해바라기;해바라기 한살이;대나무;대나무 한살이;초등학교 3학년 과학 식물의 한살이;초3 과학 식물의 한살이;초등학교 4학년 과학 식물의 한살이;초4 과학 식물의 한살,,,,,https://www.edunet.net/contsMvGllry/view/152/83859,,2025-04-21,B550629,한국교육학술정보원
씨앗,,씨앗;종자식물;꽃식물;포자식물;민꽃식물;씨앗이 싹을 틔우는 과정;녹말 종자;지방 종자;떡잎;세상에서 가장 큰 씨앗;세상에서 가장 작은 씨앗;초등학교 3학년 과학 식물의 한살이;초3,,,,,https://www.edunet.net/contsMvGllry/view/152/94092,,2025-04-21,B550629,한국교육학술정보원
거울의 역사,,거울의 역사;고대 거울;고대 금속 거울;고대 흑요석 거울;우리나라의 거울의 역사;다뉴세문경;초등학교 3학년 과학 거울과 그림자;초3 과학 거울과 그림자;초등학교 4학년 과학 거울과,,,,,https://www.edunet.net/contsMvGllry/view/152/80182,,2025-04-21,B550629,한국교육학술정보원
거울의 원리와 이용,,거울의 원리;거울 원리 이용;빛의 반사;물체를 보는 과정;반사의 법칙;정반사;난반사;평면 거울의 원리;볼록 거울;오목 거울;여러 가지 거울;초등학교 3학년 과학 거울과 그림자;초3,,,,,https://www.edunet.net/contsMvGllry/view/152/2004315,,2025-04-21,B550629,한국교육학술정보원
거울의 원리와 이용,,거울;볼록;오목;숟가락;백화점;초등 4학년 2학기 과학;초4 과학;거울과 그림자;거울;볼록;오목;숟가락;백화점;초등 6학년 1학기;초6 과학;렌즈의 이용;거울;볼록;오목;숟가락;백,,,,,https://www.edunet.net/contsMvGllry/view/152/2048917,,2025-04-21,B550629,한국교육학술정보원
광물의 이용,,광물의 이용;보석 광물;광물이 보석이 되기 위한 조건;모스 경도계;모스 굳기;여러 가지 보석 광물;산업 광물;여러 가지 산업 광물;모스 경도계에 따른 광물의 경도;두 얼굴의 석면;,,,,,https://www.edunet.net/contsMvGllry/view/152/56916,,2025-04-21,B550629,한국교육학술정보원
광물과 탄생석,,광물;탄생석;석류석;자수정;아쿠아마린;다이아몬드;에메랄드;진주;루비;페리도트;사파이어;오팔;토파즈;터키석;중학교 과학 지구계와 지권의 변화;고등학교 과학 정보통신과 신소재,,,,,https://www.edunet.net/contsMvGllry/view/152/101550,,2025-04-21,B550629,한국교육학술정보원
역사 속의 광물,,역사 속의 광물;흑연;흑연의 등장;석영;텅스텐;샤프심 필라멘트;중학교 과학 지구계와 지권의 변화;고등학교 과학 정보통신과 신소재,,,,,https://www.edunet.net/contsMvGllry/view/152/1982013,,2025-04-21,B550629,한국교육학술정보원
희토류,,희토류;스마트폰;첨단;중학교 1학년 과학;과학1;중학교 과학;지구계와 지권의 변화;희토류;스마트폰;첨단;희토류의 활용,,,,,https://www.edunet.net/contsMvGllry/view/152/2048934,,2025-04-21,B550629,한국교육학술정보원
광합성의 산물,,광합성의 산물;광합성 산물의 이동;광합성 산물의 이용;광합성 산물의 저장;뿌리에 양분을 저장하는 식물;줄기에 양분을 저장하는 식물;초등학교 5학년 과학 식물의 구조와 기능;초5 과,,,,,https://www.edunet.net/contsMvGllry/view/152/11704,,2025-04-21,B550629,한국교육학술정보원
광합성의 발견,,광합성의 발견;광합성;광합성 역할;광합성에 필요한 물질;광합성 과정과 반응식;광합성의 발견;프리스틀리의 실험;방사성 동위 원소;초등학교 5학년 과학 식물의 구조와 기능;초5 과학 ,,,,,https://www.edunet.net/contsMvGllry/view/152/1965763,,2025-04-21,B550629,한국교육학술정보원
엽록소와 엽록체,,엽록소;엽록체;엽록소 종류;엽록소를 제거하는 방법;잎의 단면 구조;엽록체의 모습;초등학교 5학년 과학 식물의 구조와 기능;초5 과학 식물의 구조와 기능;중학교 과학 광합성;고등학교,,,,,https://www.edunet.net/contsMvGllry/view/152/1991003,,2025-04-21,B550629,한국교육학술정보원
다양한 그림자 만들기,,다양한 그림자 만들기;물체와 그림자;그림자의 모양;그림자의 크기;색깔이 있는 그림자;그림자 인형극;초등학교 3학년 과학 거울과 그림자;초3 과학 거울과 그림자;초등학교 4학년 과학,,,,,https://www.edunet.net/contsMvGllry/view/152/52838,,2025-04-21,B550629,한국교육학술정보원
화산이란,,화산;마그마;용암;화산 분출물;화산 가스;화산 쇄설물;화산탄;화산 활동으로 생긴 지형들;순상 화산;종상 화산;암설구;성층 화산;칼데라;용암대지;용암 동굴;세계의 화산;세인트헬렌스 ,,,,,https://www.edunet.net/contsMvGllry/view/152/63763,,2025-04-21,B550629,한국교육학술정보원
화산의 분출,,화산의 분출;화산의 분출 모습;폭발형 화산;분출형 화산;화산 분출 실험;화산 분출의 예방;초등학교 3학년 과학 화산과 지진;초3 과학 화산과 지진;초등학교 4학년 과학 화산과 지진,,,,,https://www.edunet.net/contsMvGllry/view/152/83820,,2025-04-21,B550629,한국교육학술정보원
화성암,,화성암;만들어진 방법에 따른 암석의 분류;암석의 특징;화성암의 종류;심성암의 종류;화강암;반려암;섬록암;화산암의 종류;현무암;유문암;안산암;초등학교 3학년 과학 화산과 지진;초3 ,,,,,https://www.edunet.net/contsMvGllry/view/152/2012180,,2025-04-21,B550629,한국교육학술정보원
화산 활동의 이로운 점과 해로운 점,,폼페이;화산;시실리;폭발;용암;화산재;자연재해;초등 3학년 1학기 과학;초3 과학;지층과 화석;초등 4학년 1학기 과학;초4 과학;화산과 지진;폼페이;화산;시실리;폭발;용암;화산재,,,,,https://www.edunet.net/contsMvGllry/view/152/2048913,,2025-04-21,B550629,한국교육학술정보원
백두산은 활화산일까 휴화산일까,,"지층과 화석, 화산과 지진, 초등학교 3학년 과학, 초등학교 4학년 과학, 초3 과학, 초4 과학, 화산, 화산의 피해, 화산의 분출, 화산재, 백두산, 우리나라의 화산, 활화산,",,,,,https://www.edunet.net/contsMvGllry/view/152/2052826,,2025-04-21,B550629,한국교육학술정보원
저울의 역사,,저울의 역사;저울;우리나라에서 저울을 사용한 시기;저울의 종류;대저울;약저울;저울추;초등학교 3학년 과학 무게 재기;초3 과학 무게 재기;초등학교 4학년 과학 무게 재기;초4 과학,,,,,https://www.edunet.net/contsMvGllry/view/152/65877,,2025-04-21,B550629,한국교육학술정보원
저울의 종류와 원리,,저울의 종류;저울의 원리;저울의 원리에 따른 분류;용수철을 이용한 저울의 종류;지레를 이용한 저울의 종류;용수철 저울의 원리;용수철 저울의 눈금;수평잡기의 원리;초등학교 3학년 과,,,,,https://www.edunet.net/contsMvGllry/view/152/69048,,2025-04-21,B550629,한국교육학술정보원
전자 저울,,전자 저울;분석 저울;과적 단속 저울;상업용 저울;초등학교 3학년 과학 무게 재기;초3 과학 무게 재기;초등학교 4학년 과학 무게 재기;초4 과학무게 재기;중학교 과학 힘과 운동,,,,,https://www.edunet.net/contsMvGllry/view/152/73096,,2025-04-21,B550629,한국교육학술정보원
뉴런의 구조와 종류,,뉴런의 구조;뉴런의 종류;뉴런의 기능;뇌;신호 전달과 뉴런;가지 돌기;전기 신호;뉴런에서 분비되는 화학 물질;노르에피네프린;아세틸콜린;초등학교 5학년 과학 우리 몸의 구조와 기능;,,,,,https://www.edunet.net/contsMvGllry/view/152/57273,,2025-04-21,B550629,한국교육학술정보원
의식적 반응과 반사,,의식적 반응;반사;반사의 종류;무조건 반사;조건 반사;회피반사;후천적 반사;무조건 반사와 조건 반사의 차이;자극에 따른 운동의 유형;무릎 반사;자세 반사;반사 운동;의식적 운동;율,,,,,https://www.edunet.net/contsMvGllry/view/152/70640,,2025-04-21,B550629,한국교육학술정보원
신경계와 미래,,신경계;신경계의 구성;중추 신경계;말초 신경계;감각 뉴런;운동 뉴런;자율 신경계;체성 신경계;자극;뇌파;신경계와 첨단 과학 기술의 조화;뇌파를 이용한 게임;초등학교 5학년 과학 우,,,,,https://www.edunet.net/contsMvGllry/view/152/87791,,2025-04-21,B550629,한국교육학술정보원
거울 뉴런,,거울 뉴런;시냅스;거울 뉴런 발견;거울 뉴런 연구의 한계;초등학교 5학년 과학 우리 몸의 구조와 기능;초5 과학 우리 몸의 구조와 기능;중학교 과학 자극과 반응;고등학교 생명과학 ,,,,,https://www.edunet.net/contsMvGllry/view/152/2013024,,2025-04-21,B550629,한국교육학술정보원
"제4의 물질의 상태, 플라스마",,제4의 물질 상태;플라스마;물질의 상태;물질의 상태가 변하는 원인;물질 상태가 변하는 이유;물질의 세 가지 상태;플라스마 모습;우주 플라스마;플라스마의 예;생활에서 활용되는 플라스,,,,,https://www.edunet.net/contsMvGllry/view/152/14938,,2025-04-21,B550629,한국교육학술정보원
이상한 고체,,이상한 고체;물질의 분류;혼합물;유리 공예;여러 성질을 가진 물질;우블렉 현상;초등학교 3학년 과학 우리 생활과 물질;초3 과학 우리 생활과 물질;초등학교 4학년 과학 우리 생활과,,,,,https://www.edunet.net/contsMvGllry/view/152/43979,,2025-04-21,B550629,한국교육학술정보원
물체와 물질,,물체와 물질;물체;물질;물체를 이루는 다양한 물질;물체를 이루고 있는 물질;물질의 특성;가공;종이를 만드는 과정;초등학교 3학년 과학 우리 생활과 물질;초3 과학 우리 생활과 물질,,,,,https://www.edunet.net/contsMvGllry/view/152/84787,,2025-04-21,B550629,한국교육학술정보원
지구 자기장과 오로라,,"오로라, 지구 자기장",,,,,https://www.edunet.net/contsMvGllry/view/152/27829,,2025-04-21,B550629,한국교육학술정보원
자석,,자석;자석의 특징;여러 가지 자석의 모습;인력과 척력;자석의 발견;자석에 관련 된 다양한 이야기;자석과 실생활;실생활에 사용되는 자석;자석을 이용한 장난감 만들기;자석을 이용한 제,,,,,https://www.edunet.net/contsMvGllry/view/152/56324,,2025-04-21,B550629,한국교육학술정보원
지구는 거대한 자석,,나침반이 항상 같은 방향을 가리키는 이유;지남차;지구 자석의 원리;지구 주위에 자기장이 생기는 이유;다이나모 이론;나침반의 자북과 지도의 북극의 차이;초등학교 3학년 과학 자석의 ,,,,,https://www.edunet.net/contsMvGllry/view/152/60409,,2025-04-21,B550629,한국교육학술정보원
자기 부상 열차,,자기 부상 열차;자석을 이용해서 공중에 떠 있는 물체;자기 부상 열차의 장점;자기 부상 열차의 진행 원리;자기 부상 열차의 보편화의 어려움;초등학교 3학년 과학 자석의 이용;초3 ,,,,,https://www.edunet.net/contsMvGllry/view/152/1997247,,2025-04-21,B550629,한국교육학술정보원
자석과 생활,,자석;지구;냉장고;자철석;초등 3학년 1학기 과학;과학 3학년 1학기;초3 과학;우리 생활과 물질;자석;지구;냉장고;자철석,,,,,https://www.edunet.net/contsMvGllry/view/152/2048910,,2025-04-21,B550629,한국교육학술정보원
반려견의 감각기,,"반려견의 역사, 색맹, 개의 후각",,,,,https://www.edunet.net/contsMvGllry/view/152/37638,,2025-04-21,B550629,한국교육학술정보원
맛을 느끼려면,,맛을 느끼는 과정;후각과 미각의 관계;미각;맛과 우리의 심리;초등학교 5학년 과학 우리 몸의 구조와 기능;초5 과학 우리 몸의 구조와 기능;초등학교 6학년 과학 우리 몸의 구조와 ,,,,,https://www.edunet.net/contsMvGllry/view/152/62196,,2025-04-21,B550629,한국교육학술정보원
청각과 귀의 건강,,청각;귀;청각의 성립;귀의 건강;귀의 구조;귀에 소리가 전달되는 과정;소리의 크기;청각의 나이;틴벨과 청각의 나이;초등학교 5학년 과학 우리 몸의 구조와 기능;초5 과학 우리 몸의,,,,,https://www.edunet.net/contsMvGllry/view/152/91342,,2025-04-21,B550629,한국교육학술정보원
"눈과 시각, 렌즈",,눈;시각;렌즈;눈의 구조;눈의 기능;시각의 성립;시각의 교정;렌즈로 시력을 교정하는 원리;렌즈로 난시를 교정하는 원리;초등학교 5학년 과학 우리 몸의 구조와 기능;초5 과학 우리 ,,,,,https://www.edunet.net/contsMvGllry/view/152/2019087,,2025-04-21,B550629,한국교육학술정보원
감각 기관의 종류와 구조,,감각기관;종류;구조;귀;혀;피부;코;눈;초등 5학년 2학기 과학;초5 과학;우리 몸의 구조와 기능;중학교 2학년 과학;중2 과학;소화;순환;호흡;배설;감각기관;종류;구조;귀;혀;피,,,,,https://www.edunet.net/contsMvGllry/view/152/2048862,,2025-04-21,B550629,한국교육학술정보원
식품 첨가물의 진실,,식품 첨가물;식품 첨가물의 기능;식품 첨가물의 부작용;식품 첨가물의 사용 목적;식품 첨가물이 건강에 미치는 영향;식품 첨가물 안전하게 사용하는 방법;식품 첨가물 섭취를 줄이는 방법,,,,,https://www.edunet.net/contsMvGllry/view/152/52983,,2025-04-21,B550629,한국교육학술정보원
우유가 잘 소화되지 않는 이유,,우유가 잘 소화되지 않는 이유;젖당 과민증;복통을 일으키는 우유;설사를 일으키는 우유;젖당 과민증과 알레르기의 차이점;젖당 과민증 인구 분포도;젖당 과민증이 일어나는 과정;젖당 과,,,,,https://www.edunet.net/contsMvGllry/view/152/86765,,2025-04-21,B550629,한국교육학술정보원
몸에 좋은 영양소라도 많이 먹으면,,"영양소, 영양소 과다 섭취, 식품 구성 자전거",,,,,https://www.edunet.net/contsMvGllry/view/152/1971111,,2025-04-21,B550629,한국교육학술정보원
밀도 차이를 이용한 혼합물 분리,,혼합물 분리;밀도 차이를 이용한 혼합물 분리;혼합물을 분리하는 방법;혼합물을 분리하는 원리;실생활에서 밀도 차이를 이용한 예;원심분리기;원심력 구하는 공식;원심분리기의 원리;초등학,,,,,https://www.edunet.net/contsMvGllry/view/152/78562,,2025-04-21,B550629,한국교육학술정보원
밀도와 비중,,밀도와 비중;밀도;비중;밀도와 비중 차이;여러 물질의 비중;부력;부력의 크기;중력의 크기;물체의 비중을 줄이는 방법;물에 잘 뜨기 위한 방법;초등학교 3학년 과학 물체와 물질;초3,,,,,https://www.edunet.net/contsMvGllry/view/152/2021320,,2025-04-21,B550629,한국교육학술정보원
크로마토그래피와 도핑 테스트,,크로마토그래피;도핑 테스트;크로마토그래피의 원리;크로마토그래피의 장점;전개율;초등학교 3학년 과학 혼합물의 분리;초3 과학 혼합물의 분리;초등학교 4학년 과학 혼합물의 분리;초4 ,,,,,https://www.edunet.net/contsMvGllry/view/152/2022228,,2025-04-21,B550629,한국교육학술정보원
호르몬과 건강,,호르몬;호르몬을 분비하는 기관;호르몬의 종류;표적기관;항상성;내분비샘;호르몬의 기능;호르몬과 질병;호르몬 결핍증;호르몬 과다증;호르몬 분비량의 차이;호르몬 불균형의 주된 원인;초등,,,,,https://www.edunet.net/contsMvGllry/view/152/64254,,2025-04-21,B550629,한국교육학술정보원
전압과 전류의 발견,,전류의 발견;전압의 발견;동물 전기;전해질;전압의 단위;기전반의 발명;볼타 전지;중학교 과학 전기,,,,,https://www.edunet.net/contsMvGllry/view/152/1978118,,2025-04-21,B550629,한국교육학술정보원
전류계와 전압계의 사용,,전류계의 사용;전압계의 사용;전류의 세기 측정하는 방법;전류계의 원리;교류 전류계;직류 전류계;디지털 전류계;직렬과 병렬;전압계의 사용 방법;중학교 과학 전기,,,,,https://www.edunet.net/contsMvGllry/view/152/1984029,,2025-04-21,B550629,한국교육학술정보원
전류와 전하량,,전류;전하량;전류의 이동;전하;전하의 역할;전하의 단위;전류의 이동 방향;전자의 이동 방향;전하량과 전류의 세기와의 관계;전하량 측정;중학교 과학 전기,,,,,https://www.edunet.net/contsMvGllry/view/152/1995077,,2025-04-21,B550629,한국교육학술정보원
저항을 이용한 에너지의 전환,,저항을 이용한 에너지의 전환;저항;저항이 발생하는 이유;열에너지를 더 많이 발생시킬 수 있는 방법;저항으로 인해 발생된 열에너지를 이용하는 물건;전열기;중학교 과학 전기,,,,,https://www.edunet.net/contsMvGllry/view/152/28025,,2025-04-21,B550629,한국교육학술정보원
저항의 측정,,저항의 측정;저항의 크기;저항;저항이 생기는 이유;저항의 크기에 영향을 미치는 요인;저항 측정 방법;저항 직접 측정;저항 간접 측정;전류의 흐름 속 저항;중학교 과학 전기,,,,,https://www.edunet.net/contsMvGllry/view/152/86015,,2025-04-21,B550629,한국교육학술정보원
온도에 따라 달라지는 저항,,온도에 따라 달라지는 저항;온도의 변화가 저항에 미치는 영향;온도에 따른 전자의 충돌;여러 가지 물질의 비저항 값;온도에 따른 저항의 변화;온도에 따라 달라지는 저항;중학교 과학 ,,,,,https://www.edunet.net/contsMvGllry/view/152/1967639,,2025-04-21,B550629,한국교육학술정보원
전기저항 줄이기,,전기;전기저항;에너지;효율;중학교 3학년 과학;과학3;중학교 과학;전기와 자기;저항;전기;전기저항;에너지;효율;전기저항을 줄이는 방법;에너지소비효율등급,,,,,https://www.edunet.net/contsMvGllry/view/152/2048937,,2025-04-21,B550629,한국교육학술정보원
전해질로 달리는 자동차,,"친환경 자동차, 2차 전지, 리튬 이온 전지",,,,,https://www.edunet.net/contsMvGllry/view/152/42594,,2025-04-21,B550629,한국교육학술정보원
전해질을 따라 흐르는 전류,,전해질이 포함된 수용액에 전류가 흐르는 이유;전해질에서 전기가 흐를 수 있는 이유;공유 결합 화합물;중학교 과학 물질의 구성;중학교 과학 전해질과 이온,,,,,https://www.edunet.net/contsMvGllry/view/152/78934,,2025-04-21,B550629,한국교육학술정보원
전해질과 비전해질 수용액,,전해질 수용액;비전해질 수용액;극성을 띠는 물;극성;물 분자의 구조;전해질;비전해질;용액;용매;용질;수용액의 구분;수용액에서의 전류 흐름;중학교 과학 물질의 구성;중학교 과학 전해,,,,,https://www.edunet.net/contsMvGllry/view/152/83646,,2025-04-21,B550629,한국교육학술정보원
전해질의 이용,,전해질의 이용;건전지의 내부 구조;물의 전기 분해;일상 생활에 전해질이 사용 되는 곳;중학교 과학 물질의 구성;중학교 과학 전해질과 이온,,,,,https://www.edunet.net/contsMvGllry/view/152/2014095,,2025-04-21,B550629,한국교육학술정보원
산성과 알칼리성의 의미,,산성;염기성;알칼리성;이온;초등 5학년 2학기 과학;초5 과학;산과 염기;초등 6학년 2학기 과학;초6 과학;연소와 소화;전해질;산성;염기성;알칼리성;이온;알칼리성식품,,,,,https://www.edunet.net/contsMvGllry/view/152/2048938,,2025-04-21,B550629,한국교육학술정보원
화학 전지의 원리,,화학;전기;전지;배터리;중학교 3학년 과학;과학3;중학교 과학;전기와 자기;화학;전기;전지;배터리;화학 전기의 발견;볼타 전지의 작동 원리;배터리를 오래 사용하는 방법,,,,,https://www.edunet.net/contsMvGllry/view/152/2048939,,2025-04-21,B550629,한국교육학술정보원
DNA의 구조,,DNA의 구조;DNA 구성;유전의 비밀;DNA 연구;중학교 과학 생식과 발생,,,,,https://www.edunet.net/contsMvGllry/view/152/67293,,2025-04-21,B550629,한국교육학술정보원
게놈 지도,,게놈 지도;염기 서열;유전자 지도;여러 동물의 게놈 지도;인간 게놈 프로젝트;중학교 과학 생식과 발생,,,,,https://www.edunet.net/contsMvGllry/view/152/71415,,2025-04-21,B550629,한국교육학술정보원
염색체,,염색체;유전 정보;염색체의 구조;상동 염색체;대립 유전자;동원체;사람의 염색체;염색사의 모습;중학교 과학 생식과 발생,,,,,https://www.edunet.net/contsMvGllry/view/152/1986396,,2025-04-21,B550629,한국교육학술정보원
돌연변이가 미치는 영향,,"유전자 돌연변이, 염색체 돌연변이, 유전자 변형 생물체",,,,,https://www.edunet.net/contsMvGllry/view/152/2002740,,2025-04-21,B550629,한국교육학술정보원
DNA의 발견,,DNA;DNA 발견;DNA 구성;그리피스의 형질 전환 실험;중학교 과학 생식과 발생,,,,,https://www.edunet.net/contsMvGllry/view/152/2008867,,2025-04-21,B550629,한국교육학술정보원
화산 활동과 제주도의 지형,,"화산섬, 제주도, 백록담, 한라산, 만장굴, 주상절리",,,,,https://www.edunet.net/contsMvGllry/view/152/5569,,2025-04-21,B550629,한국교육학술정보원
유수에 의한 지표의 변화,,유수에 의한 지표의 변화;곡류 생성;유수의 침식 작용;유수;유수에 의한 곡류 생성;우각호의 생성 과정;우각호 모습;유수의 운반 작용;유수의 퇴적 작용;범람원;유수에 의한 지형 변화,,,,,https://www.edunet.net/contsMvGllry/view/152/94767,,2025-04-21,B550629,한국교육학술정보원
흙의 중요성과 보전 방법,,흙;환경;토양;돌;생명;초등 3학년 1학기 과학;과학 3학년 1학기;초3 과학;초등 6학년 1학기 과학;초6 과학;생물과 환경;지표의 변화;흙;환경;토양;돌;생명;초등 6학년 1학,,,,,https://www.edunet.net/contsMvGllry/view/152/2048911,,2025-04-21,B550629,한국교육학술정보원
생명의 소중함,,"생명, 삶, 죽음, 반려동물, 장례",,,,,https://www.edunet.net/contsMvGllry/view/152/13328,,2025-04-21,B550629,한국교육학술정보원
동물원의 환경 정비,,"동물원, 환경, 동물, 방사장, 정비",,,,,https://www.edunet.net/contsMvGllry/view/152/35961,,2025-04-21,B550629,한국교육학술정보원
"더불어 사는 세상, 동물 복지 상품",,"동물, 복지, 상품, 행복, 소비",,,,,https://www.edunet.net/contsMvGllry/view/152/45077,,2025-04-21,B550629,한국교육학술정보원
절지동물 이야기,,"절지동물, 절지동물의 분류, 절지동물 화석",,,,,https://www.edunet.net/contsMvGllry/view/152/67513,,2025-04-21,B550629,한국교육학술정보원
동물의 분류,,동물의 분류;자연 분류;생물 분류;과학적 분류;계;생물계의 분류;동물계의 분류;척추동물의 분류;무척추동물의 분류;희귀 동물;초등학교 3학년 과학 동물의 생활;초3 과학 동물의 생활,,,,,https://www.edunet.net/contsMvGllry/view/152/90784,,2025-04-21,B550629,한국교육학술정보원
동물간호복지사가 하는 일,,"동물간호복지사, 수의사, 동물복지, 복지, 동물",,,,,https://www.edunet.net/contsMvGllry/view/152/1981665,,2025-04-21,B550629,한국교육학술정보원
동물의 신기한 능력,,"동물, 신기한 능력, 박쥐, 아귀, 펭귄",,,,,https://www.edunet.net/contsMvGllry/view/152/1990548,,2025-04-21,B550629,한국교육학술정보원
동물이란,,동물;식물;동물과 식물의 차이점;보호색을 띠는 동물들;경계색을 띠는 동물들;동충하초;여러가지 동충하초;반려 동물;초등학교 3학년 과학 동물의 생활;초3 과학 동물의 생활;초등학교 ,,,,,https://www.edunet.net/contsMvGllry/view/152/1996285,,2025-04-21,B550629,한국교육학술정보원
동물원의 사육사 이야기,,"동물원, 사육사, 동물, 친구, 물범",,,,,https://www.edunet.net/contsMvGllry/view/152/1999719,,2025-04-21,B550629,한국교육학술정보원
땅에 사는 동물,,땅에 사는 동물;땅 위에 사는 동물;땅 속에 사는 동물;동물 이동 방법;동물들의 다양한 이동 방법;초등학교 3학년 과학 동물의 생활;초3 과학 동물의 생활;초등학교 4학년 과학 동,,,,,https://www.edunet.net/contsMvGllry/view/152/80858,,2025-04-21,B550629,한국교육학술정보원
하늘에 사는 동물,,척추동물;조류;새가 날 수 있는 이유;새가 나는 방법;새의 특징;날개가 없지만 나는 동물;몸의 일부가 날개인 동물;날지 못하는 새;주금류;날개가 퇴화된 동물;초등학교 3학년 과학 ,,,,,https://www.edunet.net/contsMvGllry/view/152/1981602,,2025-04-21,B550629,한국교육학술정보원
물에 사는 동물,,물에 사는 동물;물속 환경 특징;수서 곤충;바다에 사는 동물;강에 사는 동물;호수에 사는 동물;다양한 물고기 모양;초등학교 3학년 과학 동물의 생활;초3 과학 동물의 생활;초등학교,,,,,https://www.edunet.net/contsMvGllry/view/152/1993498,,2025-04-21,B550629,한국교육학술정보원
특수한 환경에 사는 동물,,동굴에 사는 동물;진동굴성 동물;동굴에 사는 동물의 진화;외래성 동물;심해저에 사는 동물;심해저에 사는 동물의 진화;사막에 사는 동물;열수구에 사는 동물;초등학교 3학년 과학 동물,,,,,https://www.edunet.net/contsMvGllry/view/152/1997262,,2025-04-21,B550629,한국교육학술정보원
동물의 생김새와 생활 방식,,광어;바다;환경;초등 3학년 1학기 과학;초3 과학;동물의 한살이;초ㅡㅇ 6학년 1학기;초6 과학;생물과 환경;중학교 3학년 과학;중3 과학;과학3;유전과 진화;광어;바다;환경,,,,,https://www.edunet.net/contsMvGllry/view/152/2048912,,2025-04-21,B550629,한국교육학술정보원
"강력한 인공의 빛, 레이저",,레이저;레이저를 만든 원리;유도 방출의 원리;레이저 빛의 이용;레이저 빛의 특성;레이저 작동 원리;초등학교 6학년 과학 빛;초6 과학 빛;중학교 과학 빛과 파동;고등학교 물리 파동,,,,,https://www.edunet.net/contsMvGllry/view/152/9785,,2025-04-21,B550629,한국교육학술정보원
빛의 합성과 물감의 합성에 대한 이해,,"빛의 합성, 빛의 3원색, 물감의 3원색",,,,,https://www.edunet.net/contsMvGllry/view/152/17258,,2025-04-21,B550629,한국교육학술정보원
빛과 파동 - 빛의 합성,,신기루;신기루 현상;신기루가 일어나는 이유;빛의 굴절 현상이 일어나는 이유;신기루의 원리;초등학교 6학년 과학 빛;초6 과학 빛;중학교 과학 빛과 파동;고등학교 물리 소리와 빛,,,,,https://www.edunet.net/contsMvGllry/view/152/52451,,2025-04-21,B550629,한국교육학술정보원
"완전한 영상의 구현, 홀로그램",,홀로그램;3차원 영상을 기록할 수 있는 이유;간섭 현상;홀로그램 기록;홀로그램 재생 원리;초등학교 6학년 과학 빛;초6 과학 빛;중학교 과학 빛과 파동;고등학교 물리 소리와 빛,,,,,https://www.edunet.net/contsMvGllry/view/152/1964359,,2025-04-21,B550629,한국교육학술정보원
사람의 목소리,,목소리;목소리가 나는 방법;목소리 생성 과정;사람들의 음높이가 다른 이유;목소리가 차이나는 이유;내 목소리를 듣는 과정;듣기 좋은 목소리;초등학교 3학년 과학 소리의 성질;초3 과,,,,,https://www.edunet.net/contsMvGllry/view/152/45865,,2025-04-21,B550629,한국교육학술정보원
악기와 소리,,악기와 소리;고유 진동;공명 현상;악기의 종류;악기의 원리;소리를 구성하는 3가지 요소;현악기;관악기;타악기;현악기 종류;현악기 소리;현악기가 소리 내는 원리;관악기 종류;관악기 ,,,,,https://www.edunet.net/contsMvGllry/view/152/55351,,2025-04-21,B550629,한국교육학술정보원
초음파와 초음속의 세계,,초음파;초음속;초음파를 이용하는 동물;소닉 붐 현상;초음속 비행기;소닉 붐의 원리;소닉 붐;수증기 응축 현상;초등학교 3학년 과학 소리의 성질;초3 과학 소리의 성질초등학교 4학년,,,,,https://www.edunet.net/contsMvGllry/view/152/1999534,,2025-04-21,B550629,한국교육학술정보원
성층권에서 뛰어내리기,,성층권;대기권;높이에 따른 대기권의 분류;기압;끓는접;체액 비등증;자유낙하;펠릭스 바움가르트너의 우주복;초등학교 5학년 날씨와 우리 생활;초5 과학 날씨와 우리 생활;중학교 과학 ,,,,,https://www.edunet.net/contsMvGllry/view/152/10093,,2025-04-21,B550629,한국교육학술정보원
기압과 토리첼리의 실험,,기압; 토리첼리의 실험;수압;손 펌프의 원리;토리첼리의 진공;높이에 따른 기압의 차이;기압계;파스칼;초등학교 5학년 날씨와 우리 생활;초5 과학 날씨와 우리 생활;중학교 과학 기권,,,,,https://www.edunet.net/contsMvGllry/view/152/36582,,2025-04-21,B550629,한국교육학술정보원
회전 킥과 무회전 킥,,회전 킥;무회전 킥;베르누이의 정리;마그누스 효과;카르만 소용돌이;초등학교 5학년 날씨와 우리 생활;초5 과학 날씨와 우리 생활;중학교 과학 기권과 우리 생활,,,,,https://www.edunet.net/contsMvGllry/view/152/2028117,,2025-04-21,B550629,한국교육학술정보원
비만과 다이어트,,비만;다이어트;비만이 몸에 좋지 않은 이유;다이어트의 방법;다이어트 종류;다이어트 효과적인 방법;초등학교 5학년 과학 우리 몸의 구조와 기능;초5 과학 우리 몸의 구조와 기능;초등,,,,,https://www.edunet.net/contsMvGllry/view/152/19985,,2025-04-21,B550629,한국교육학술정보원
미지의 이온 찾기 - 형광 화학 센서,,형광 화학 센서;이온;이온 검출 방법;앙금;불꽃 반응;선 스펙트럼 분석;형광이 반사와 다른 점;형광 화학 센서의 장점;중학교 과학 물질의 구성;화학 반응에서의 규칙성,,,,,https://www.edunet.net/contsMvGllry/view/152/71322,,2025-04-21,B550629,한국교육학술정보원
앙금 생성 반응,,앙금 생성 반응;앙금 생성 반응을 일으키는 이온들;정전기적 인력;화합물;전해질 수용액;앙금이 생성되는 과정;황산바륨의 앙금 생성;실생활 앙금 생성 반응;중학교 과학 물질의 구성;화,,,,,https://www.edunet.net/contsMvGllry/view/152/2026842,,2025-04-21,B550629,한국교육학술정보원
속력 측정 장치,,속력 측정 장치;과속 단속 카메라 종류;고정식 과속 단속 카메라 원리;이동식 과속 단속 카메라 원리;초등학교 5학년 과학 물체의 속력;초5 과학 물체의 속력;고등학교 과학 물체의 ,,,,,https://www.edunet.net/contsMvGllry/view/152/77303,,2025-04-21,B550629,한국교육학술정보원
속력이란,,속력;자동차 속력계;빛의 속력;갈릴레이의 빛의 속력 측정 실험;음식물 속 물 분자들의 정렬 모습;전자기파의 파장;초등학교 5학년 과학 물체의 속력;초5 과학 물체의 속력;고등학교 ,,,,,https://www.edunet.net/contsMvGllry/view/152/97432,,2025-04-21,B550629,한국교육학술정보원
명왕성의 퇴출,,명왕성의 퇴출;명왕성의 위성;명왕성 공전 궤도;해왕성 공전 궤도;플루토이드;왜소행성;초등학교 5학년 과학 태양계와 별;초5 과학 태양계와 별;중학교 과학 태양계,,,,,https://www.edunet.net/contsMvGllry/view/152/38257,,2025-04-21,B550629,한국교육학술정보원
태양,,태양;항성;태양이 만들어진 과정;태양의 구조;흑점 수의 주기;태양의 흑점;핵융합 에너지 발생 원리;초등학교 5학년 과학 태양계와 별;초5 과학 태양계와 별;중학교 과학 태양계,,,,,https://www.edunet.net/contsMvGllry/view/152/94794,,2025-04-21,B550629,한국교육학술정보원
목성·토성·천왕성·해왕성,,목성;토성;천왕성;해왕성;목성형 행성;목성의 생김새;목성의 특징;토성의 생김새;토성의 특징;천왕성의 생김새;천왕성의 특징;해왕성의 생김새;해왕성의 특징;초등학교 5학년 과학 태양계,,,,,https://www.edunet.net/contsMvGllry/view/152/1968795,,2025-04-21,B550629,한국교육학술정보원
위성·소행성·혜성,,위성;소행성;혜성;각 행성의 위성들;태양계 행성의 위성 수;소행성대;소행성 무리;소행성 이름;소행성 크기 비교;최단주기 혜성;단주기 혜성;장주기 혜성;비주기 혜성;초등학교 5학년 ,,,,,https://www.edunet.net/contsMvGllry/view/152/1983565,,2025-04-21,B550629,한국교육학술정보원
쌍둥이 지구,,"태양계, 글리제 581c, 케플러-22b, 브레이크스루 스타샷",,,,,https://www.edunet.net/contsMvGllry/view/152/1985686,,2025-04-21,B550629,한국교육학술정보원
수성·금성·지구·화성,,수성;금성;지구;화성;지구형 행성;수성의 생김새;수성의 특징;금성의 생김새;금성의 특징;지구의 생김새;지구의 특징;화성의 생김새;화성의 특징;초등학교 5학년 과학 태양계와 별;초5,,,,,https://www.edunet.net/contsMvGllry/view/152/1999478,,2025-04-21,B550629,한국교육학술정보원
생태계 파괴와 멸종 위기 동물,,생태계 파괴;멸종 위기 동물;멸종 위기 야생 동물;멸종 위기 야생 식물;초등학교 3학년 과학 동물의 세계;초3 과학 동물의 세계;초등학교 4학년 과학 식물의 세계;초4 과학 식물의,,,,,https://www.edunet.net/contsMvGllry/view/152/23430,,2025-04-21,B550629,한국교육학술정보원
생태계 교란,,생태계 교란;생태계 교란 야생 생물;초등학교 3학년 과학 동물의 세계;초3 과학 동물의 세계;초등학교 4학년 과학 식물의 세계;초4 과학 식물의 세계;초등학교 6학년 과학 생태계와,,,,,https://www.edunet.net/contsMvGllry/view/152/24771,,2025-04-21,B550629,한국교육학술정보원
동물 중 최고는 나,,세상에서 가장 큰 동물;세상에서 가장 못생긴 동물;최고의 시력을 가지고 있는 동물;악취를 풍기는 동물;세상에서 가장 빠른 동물;뛰어난 높이뛰기 선수;세상에서 가장 무서운 동물;초등,,,,,https://www.edunet.net/contsMvGllry/view/152/87412,,2025-04-21,B550629,한국교육학술정보원
공생 관계에 있는 동식물,,공생 관계에 있는 동물;공생 관계에 있는 식물;공생 관계;상리 공생;편리 공생;기생;편해 공생;초등학교 3학년 과학 동물의 세계;초3 과학 동물의 세계;초등학교 4학년 과학 식물의,,,,,https://www.edunet.net/contsMvGllry/view/152/93881,,2025-04-21,B550629,한국교육학술정보원
생태계 평형의 중요성,,갯벌;바다;흙;환경;해양;오염;초등 3학년 2학기 과학;초3 과학;동물의 생활;초등 4학년 2학기 과학;초4 과학;식물의 생활;갯벌;바다;흙;환경;해양;오염;갯벌의 다양한 기능,,,,,https://www.edunet.net/contsMvGllry/view/152/2048924,,2025-04-21,B550629,한국교육학술정보원
벌집군집붕괴현상,,벌집군집붕괴현상;벌;벌집;꿀벌;중학교 3학년 과학;과학3;중학교 과학;유전과 진화;벌집군집붕괴현상;벌;벌집;꿀벌;꿀벌이 사라지는 이유,,,,,https://www.edunet.net/contsMvGllry/view/152/2048936,,2025-04-21,B550629,한국교육학술정보원
일기 예보의 요소,,일기 예보의 요소;일기 예보의 과정;일기 예보가 이루어지는 과정;일기 예보의 각 요소;일기도에 쓰이는 기호;일기도 기입의 예;일기도 예;초등학교 5학년 과학 날씨와 우리 생활;초5,,,,,https://www.edunet.net/contsMvGllry/view/152/39997,,2025-04-21,B550629,한국교육학술정보원
기상청이 하는 일,,기상청이 하는 일;일기 예보;기상청의 역할;일기예보를 위한 자료 수집;기상 예보의 종류;단기 예보;장기 예보;기상 특보;단기 예보와 장기 예보의 비교;특보를 발표하게 되는 기상 현,,,,,https://www.edunet.net/contsMvGllry/view/152/78010,,2025-04-21,B550629,한국교육학술정보원
일기 예보와 기상 위성,,위성;날씨;기상;기상청;초등 6학년 2학기 과학;초6 과학;계절의 변화;중학교 2학년 과학;과학2;중학교 과학;기권과 우리 생활;위성;날씨;기상;기상청;천리안 위성;일기 예보로 전,,,,,https://www.edunet.net/contsMvGllry/view/152/2048926,,2025-04-21,B550629,한국교육학술정보원
펭귄·큰코뿔새·거북의 한살이,,펭귄 한살이;큰코뿔새 한살이;거북 한살이;펭귄 성장과정;펭귄 특징;모래 온도에 따른 바다거북 성별;바다거북 생존 기간;큰코뿔새 생김새;초등학교 3학년 과학 동물의 한살이;초3 과학,,,,,https://www.edunet.net/contsMvGllry/view/152/70943,,2025-04-21,B550629,한국교육학술정보원
잠자리의 한살이,,잠자리 한살이;잠자리 부화;잠자리 성장과정;잠자리 비행;잠자리가 나는 방법;잠자리 짝짓기;초등학교 3학년 과학 동물의 한살이;초3 과학 동물의  한살이;초등학교 4학년 과학 동물의,,,,,https://www.edunet.net/contsMvGllry/view/152/102233,,2025-04-21,B550629,한국교육학술정보원
캥거루·박쥐의 한살이,,캥거루 한살이;박쥐 한살이;캥거루 성장 과정;박쥐 임신;비막;초등학교 3학년 과학 동물의 한살이;초3 과학 동물의  한살이;초등학교 4학년 과학 동물의  한살이;초4 과학 동물의 ,,,,,https://www.edunet.net/contsMvGllry/view/152/1989014,,2025-04-21,B550629,한국교육학술정보원
동물의 한살이,,동물 짝짓기;짝짓기;동물의 한살;구애 활동;구애 행동;난생;태생;초등학교 3학년 과학 동물의 한살이;초3 과학 동물의  한살이;초등학교 4학년 과학 동물의  한살이;초4 과학 동물,,,,,https://www.edunet.net/contsMvGllry/view/152/2000781,,2025-04-21,B550629,한국교육학술정보원
파도에 의한 지표의 변화,,파도에 의한 지표의 변화;해식 작용;해식애;해식 동굴;해식 절벽;해안 단구;사취;사취의 종류;사취의 형성 과정;사주;사주의 형성;강에서 파도가 생기지 않는 이유;초등학교 3학년 과,,,,,https://www.edunet.net/contsMvGllry/view/152/21991,,2025-04-21,B550629,한국교육학술정보원
흙의 생성,,흙의 생성;풍화 작용;풍화의 종류;기계적 풍화;화학적 풍화;풍화 작용으로 생긴 지형;흙의 생성 과정;오래된 토양의 단면;흙이 생성되기 위해 거쳐야 하는 과정;풍화 작용의 시간에 따,,,,,https://www.edunet.net/contsMvGllry/view/152/40254,,2025-04-21,B550629,한국교육학술정보원
전자석이란,,전자석;자기장을 발견한 사람;자기장의 발견;쇠막대로 자석 만드는 방법;쇠막대가 만드는 자기장;전자석의 장점;일상 생활 속 전자석 원리를 응용한 제품;전자석 원리를 응용한 제품;전자,,,,,https://www.edunet.net/contsMvGllry/view/152/2025251,,2025-04-21,B550629,한국교육학술정보원
일기 예보의 역사,,일기 예보 역사;동물들의 날씨 예지력;날씨와 관련된 속담;비를 예보하는 동물;일기도를 처음 만든 사람;일기도;최초의 기상국을 만든 나라;르베리에와 일기 예보;우리나라 최초의 일기도,,,,,https://www.edunet.net/contsMvGllry/view/152/10654,,2025-04-21,B550629,한국교육학술정보원
일기 예보의 정확성,,일기 예보;일기 예보 정확성;일기예보의 발전;천리안위성의 주요 임무;일기예보에 투입되는 기상 자료;초등학교 3학년 과학 날씨와 우리 생활;초3 과학 날씨와 우리 생활;초등학교 6학,,,,,https://www.edunet.net/contsMvGllry/view/152/1996506,,2025-04-21,B550629,한국교육학술정보원
날씨와 우리 생활,,측우기;날씨;비;중학교 2학년 과학;과학2;중학교 과학;기권과 우리 생활;측우기;날씨;비;보물 561호;금영 측우기;측우기의 구성;측우기의 원리;과학적으로 설계된 측우기,,,,,https://www.edunet.net/contsMvGllry/view/152/2048925,,2025-04-21,B550629,한국교육학술정보원
힘에 의해 변하는 기체의 부피,,힘에 의해 변하는 기체의 부피;압력을 높였을 때 기체의 부피;압력을 낮췄을 때 기체의 부피;압력에 따라 변하는 마시멜로우;우주복;우주복 기능;우주인;생활 속 기체의 압력과 부피 관,,,,,https://www.edunet.net/contsMvGllry/view/152/77493,,2025-04-21,B550629,한국교육학술정보원
잠수함 만들기,,잠수함 만들기;솟아오르는 잠수함 만들기;잠수함의 부력 탱크;밸러스터;저절로 부푸는 풍성;다공성;초등학교 3학년 과학 액체와 기체;초3 과학 액체와 기체;초등학교 6학년 과학 여러 ,,,,,https://www.edunet.net/contsMvGllry/view/152/1993493,,2025-04-21,B550629,한국교육학술정보원
온도에 의해 변하는 기체의 부피,,온도에 의해 변하는 기체의 부피;온도를 높였을 때 기체의 부피;온도를 낮췄을 때 기체의 부피;열기구;몽골피에 형제의 열기구;온도와 기체의 부피와의 관계;비닐봉지 열기구 만들기;찌그,,,,,https://www.edunet.net/contsMvGllry/view/152/2020678,,2025-04-21,B550629,한국교육학술정보원
기체의 부피 변화를 이용한 물건,,열;기체;부피;초등 3학년 2학기 과학;초3 과학;액체와 기체;중학교 1학년 과학;과학1;중학교 과학;분자 운동과 상태 변화;열;기체;부피;여름철 타이어 폭발;열에 따른 기체 부피,,,,,https://www.edunet.net/contsMvGllry/view/152/2048927,,2025-04-21,B550629,한국교육학술정보원
신 · 재생 에너지,,신재생에너지;신재생에너지 종류;태양 에너지;태양열;태양광;태양열 발전;태양광 발전;풍력 발전;풍력 발전 장점;조력 발전;조수 간만의 차;바이오매스;소수력;지열;폐기물 에너지;폐기물,,,,,https://www.edunet.net/contsMvGllry/view/152/27770,,2025-04-21,B550629,한국교육학술정보원
대정전,,대정전;전기가 부족하면 나라 전체가 전기를 쓸 수 없는 이유;대정전 예방하는 방법;전력 예비율에 따른 전력 경보 단계;우리나라 전체가 대정전에 빠진다면;우리나라가 대정전에 안전한가,,,,,https://www.edunet.net/contsMvGllry/view/152/64201,,2025-04-21,B550629,한국교육학술정보원
전기 에너지 절약 방법,,전기 에너지 절약 방법;초등학교 6학년 과학 에너지;초6 과학 에너지;중학교 과학 힘과 운동,,,,,https://www.edunet.net/contsMvGllry/view/152/75819,,2025-04-21,B550629,한국교육학술정보원
에너지 하베스팅,,에너지;에너지 하베스팅;재활용;기술;중학교 2학년 과학;과학2;중학교 과학;일과 에너지 전환;에너지;에너지 하베스팅;재활용;기술;에너지 하베스팅의 종류,,,,,https://www.edunet.net/contsMvGllry/view/152/2048928,,2025-04-21,B550629,한국교육학술정보원
에너지 절약을 위한 발명품,,에너지;절약;발명;중학교 2학년 과학;과학2;중학교 과학;일과 에너지 전환;에너지;절약;발명;에너지를 절약해야 하는 이유;압전패드;태양광을 이용한 압축 쓰레기통;레볼루션 도어,,,,,https://www.edunet.net/contsMvGllry/view/152/2048929,,2025-04-21,B550629,한국교육학술정보원
도르래의 이용,,도르래;도르래 이용;도르래 종류;고정 도르래;고정 도르래 이용;움직 도르래;움직 도르래 이용;움직 도르래가 사용되는 곳;복합 도르래;초등학교 6학년 과학 에너지;초6 과학 에너지;,,,,,https://www.edunet.net/contsMvGllry/view/152/487,,2025-04-21,B550629,한국교육학술정보원
지레의 이용,,지레의 이용;지레의 원리;지레를 이용하면 좋은 점;1종 지레의 원리;2종 지레의 원리;3종 지레의 원리;3종 지레의 원리를 응용한 물건;초등학교 6학년 과학 에너지;초6 과학 에너,,,,,https://www.edunet.net/contsMvGllry/view/152/18216,,2025-04-21,B550629,한국교육학술정보원
경사면의 이용,,경사면;경사면 이용;피라미드;생활 속 경사면의 원리;나사못에 사용된 경사면의 원리;나사못의 원리;초등학교 6학년 과학 에너지;초6 과학 에너지;중학교 과학 힘과 운동,,,,,https://www.edunet.net/contsMvGllry/view/152/60038,,2025-04-21,B550629,한국교육학술정보원
축바퀴의 이용,,축바퀴;축바퀴 이용;야구방망이를 통한 축바퀴의 원리;축바퀴의 원리;축바퀴의 이용;초등학교 6학년 과학 에너지;초6 과학 에너지;중학교 과학 힘과 운동,,,,,https://www.edunet.net/contsMvGllry/view/152/2024493,,2025-04-21,B550629,한국교육학술정보원
화재로 인한 문화재 손실,,화재로 인한 문화재 손실;화재로 인한 우리나라 문화재 손실;문화재 손실을 막기 위한 노력;초등학교 6학년 과학 연소와 소화;초6 과학 연소와 소화;고등학교 과학 화학 반응에서의 규,,,,,https://www.edunet.net/contsMvGllry/view/152/1619,,2025-04-21,B550629,한국교육학술정보원
소화(消火)의 조건,,소화의 조건;연소의 조건;냉각 소화법;제거 소화법;질식 소화법;마요네즈로 불끄기;불을 효과적으로 끄는 방법;생활 속 화재 진압 도구;초등학교 6학년 과학 연소와 소화;초6 과학 연,,,,,https://www.edunet.net/contsMvGllry/view/152/83225,,2025-04-21,B550629,한국교육학술정보원
소화기의 구조와 사용법,,소화기의 구조;소화기 사용방법;소화기 종류;분말 소화기 구조;할론 소화기;이산화탄소 소화기;초등학교 6학년 과학 연소와 소화;초6 과학 연소와 소화;고등학교 과학 화학 반응에서의 ,,,,,https://www.edunet.net/contsMvGllry/view/152/1967518,,2025-04-21,B550629,한국교육학술정보원
불꽃 반응 쇼,,불꽃 반응;원소의 종류를 확인하는 방법;여러 가지 원소의 불꽃 반응;불꽃 반응과 불꽃놀이;스펙트럼 분석;스펙트럼;삼각 프리즘;연속 스펙트럼;스펙트럼의 종류;방출 스펙트럼;흡수 스펙,,,,,https://www.edunet.net/contsMvGllry/view/152/27661,,2025-04-21,B550629,한국교육학술정보원
원자 모형의 변화,,원자 모형의 변화;원자;최초의 원자 모형;원자핵의 발견;러터퍼드의 실험;양자역학;현대 원자 모형;원자 모형의 변화 과정;중학교 과학 분자 운동과 상태 변화;중학교 과학 물질의 구성,,,,,https://www.edunet.net/contsMvGllry/view/152/29694,,2025-04-21,B550629,한국교육학술정보원
4원소설,,원소;원자;아리스토텔레스의 4원소설;입자에 대한 논의;4원소설 오류;라부아지에;라부아지에와 물 증류 실험 장치;돌턴 원자설;원소 주기율표;4원소설의 역사;중학교 과학 분자 운동과 ,,,,,https://www.edunet.net/contsMvGllry/view/152/49122,,2025-04-21,B550629,한국교육학술정보원
연금술,,연금술;아리스토텔레스의 4원소설;연금술의 영향;고대 연금술사들이 사용하던 기호;연금술의 역사;연금술 비판;연금술이 근대 화학의 발달에 기여한 점;중학교 과학 분자 운동과 상태 변화,,,,,https://www.edunet.net/contsMvGllry/view/152/61861,,2025-04-21,B550629,한국교육학술정보원
변형된 뿌리와 줄기,,뿌리;줄기;식물;나무;초등 4학년 1학기 과학;초4 과학;식물의 한살이;초등 5학년 1학기 과학;초5 과학;식물의 구조와 기능;중학교 3학년 과학;중학교 과학;과학3;유전과 진화;,,,,,https://www.edunet.net/contsMvGllry/view/152/2048920,,2025-04-21,B550629,한국교육학술정보원
천동설과 지동설,,천동설;지동설;프톨레마이오스의 우주 체계;코페르니쿠스의 우주 체계;지구의 운동;태양의 일주 운동;지구의 자전 주기;별의 일주 운동;초등학교 2학년 과학 낮과 밤이 달라요;초2 과학,,,,,https://www.edunet.net/contsMvGllry/view/152/45540,,2025-04-21,B550629,한국교육학술정보원
백야와 극야,,백야;극야;백야 현상;극야 현상;백야와 극야가 일어나는 이유;백야와 극야를 볼 수 있는 곳;초등학교 2학년 과학 낮과 밤이 달라요;초2 과학 낮과 밤이 달라요;초등학교 5학년 과학,,,,,https://www.edunet.net/contsMvGllry/view/152/72173,,2025-04-21,B550629,한국교육학술정보원
물벼룩 · 해캄 · 플라나리아,,물벼룩;해캄;플라나리아;물속에 사는 작은 생물;물속에 사는 생물;물벼룰 생김새;물벼룩의 구조;물벼룩의 모습;물벼룩의 특징;물벼룩의 생식;물벼룩 관찰;물벼룩을 통한 수질 검사;해캄의,,,,,https://www.edunet.net/contsMvGllry/view/152/34345,,2025-04-21,B550629,한국교육학술정보원
짚신벌레 · 유글레나,,물속에 사는 작은 생물;물속에 사는 생물;짚신벌레;유글레나;짚신벌레의 구조;짚신벌레 생김새;짚신벌레 특징;짚신벌레 짝짓기;짚신벌레 이분법;유글레나의 구조;유글레나 생김새;유글레나 ,,,,,https://www.edunet.net/contsMvGllry/view/152/37305,,2025-04-21,B550629,한국교육학술정보원
심장의 구조와 기능,,심장의 구조;심장의 기능;심장;판막;심장박동의 원리;가로무늬근;민무늬근;거짓말 탐지기;신경의 종류;거짓말 탐지기의 원리;초등학교 5학년 과학 우리 몸;초5 과학 우리 몸;중학교 과,,,,,https://www.edunet.net/contsMvGllry/view/152/21631,,2025-04-21,B550629,한국교육학술정보원
혈관과 혈액,,혈관;혈액;모세혈관;동맥;정맥;혈액의 역할;혈액의 기능;초등학교 5학년 과학 우리 몸;초5 과학 우리 몸;중학교 과학 소화와 순환;중학교 과학 호흡과 배설,,,,,https://www.edunet.net/contsMvGllry/view/152/21662,,2025-04-21,B550629,한국교육학술정보원
동물의 소화 기관,,동물의 소화 기관;초식 동물의 소화 기관;사마귀의 소화 기관;닭의 소화 기관;어류의 소화 기관;초등학교 5학년 과학 우리 몸;초5 과학 우리 몸;중학교 과학 소화와 순환;중학교 과,,,,,https://www.edunet.net/contsMvGllry/view/152/1967866,,2025-04-21,B550629,한국교육학술정보원
우리 몸과 소화,,소화;소화 과정;소화 기관;영양분 흡수;소화와 관련된 잘못된 상식;초등학교 5학년 과학 우리 몸;초5 과학 우리 몸;중학교 과학 소화와 순환;중학교 과학 호흡과 배설,,,,,https://www.edunet.net/contsMvGllry/view/152/2003698,,2025-04-21,B550629,한국교육학술정보원
배설과 배출,,배설;배출;배설과 배출의 중요성;방귀가 만들어지는 과정;방귀를 방출할 때 소리가 나는 이유;동물 배출물의 재탄생;코끼리 똥으로 만든 종이;세계에서 가장 비싼 커피;초등학교 5학년 ,,,,,https://www.edunet.net/contsMvGllry/view/152/1968571,,2025-04-21,B550629,한국교육학술정보원
호흡이란,,호흡;폐에서 가스 교환이 일어나는 과정;호흡이 이루어지는 과정;호흡 과정;딸꾹질;딸꾹질 멈추는 방법;콧물이 생기는 이유;코딱지가 생기는 이유;초등학교 5학년 과학 우리의 몸;초5 ,,,,,https://www.edunet.net/contsMvGllry/view/152/2019313,,2025-04-21,B550629,한국교육학술정보원
호흡 기관의 구조와 기능,,호흡 기관의 구조;호흡 기관의 기능;폐포에서의 기체 교환;기관지의 역할;기관지의 섬모;폐암;미세 먼지;미세 먼지로 인한 피해 예방 방법;미세 먼지 예방;초등학교 5학년 과학 우리의,,,,,https://www.edunet.net/contsMvGllry/view/152/2020379,,2025-04-21,B550629,한국교육학술정보원
건강한 생활 습관,,비만;체중;호흡;지방;신체;초등 5학년 2학기 과학;초5 과학;우리 몸의 구조와 기능;비만;체중;호흡;지방;신체;체중과 호흡량의 관계;체중을 조절하는 방법,,,,,https://www.edunet.net/contsMvGllry/view/152/2048921,,2025-04-21,B550629,한국교육학술정보원
생활 속 용액의 이용,,생활 속 용액의 이용;핫팩의 원리;액체형 핫팩;과포화 용액;손난로가 따뜻해지는 원리;액체형 핫팩의 장점;액체형 핫팩의 단점;저온 화상;부동액;냉각수;부동액의 역할;우리 몸 속 부동,,,,,https://www.edunet.net/contsMvGllry/view/152/13389,,2025-04-21,B550629,한국교육학술정보원
과냉각 액체,,과냉각 액체;유리잔 만드는 과정;유리의 특수성;비정질 고체;콜로이드 상태;콜로이드 졸 상태;콜로이드 겔 상태;탱탱볼 만들기;초등학교 3학년 과학 혼합물의 분리;초3 과학 혼합물의 ,,,,,https://www.edunet.net/contsMvGllry/view/152/2009569,,2025-04-21,B550629,한국교육학술정보원
빛의 굴절,,빛의 굴절;매질이 빛의 속도에 미치는 영향;매질에 따라 빛의 속도가 달라지는 이유;물속에 있는 물체가 더 크게 보이는 이유;물속 물고기 잡는 방법;초등학교 3학년 과학 빛의 직진;,,,,,https://www.edunet.net/contsMvGllry/view/152/67851,,2025-04-21,B550629,한국교육학술정보원
렌즈의 모양과 빛의 굴절,,렌즈의 모양;빛의 굴절;눈의 구조;수정체 역할;수정체가 빛의 굴절을 조절하는 원리;정상안;노안;오목 렌즈;볼록 렌즈;라식 수술의 원리;근시의 교정;원시의 교정;초등학교 3학년 과학,,,,,https://www.edunet.net/contsMvGllry/view/152/68654,,2025-04-21,B550629,한국교육학술정보원
마술인 듯 마술 아닌 보이지 않는 유리,,"빛의 굴절, 빛의 반사",,,,,https://www.edunet.net/contsMvGllry/view/152/2010895,,2025-04-21,B550629,한국교육학술정보원
빛의 굴절을 이용한 착시 현상,,빛의 굴절;착시 현상;빛의 굴절을 통한 착시 현상;빛의 굴절로 인한 현상;빛의 굴절 예;초등학교 3학년 과학 빛의 직진;초3 과학 빛의 직진;초등학교 5학년 과학 빛;초5 과학 빛,,,,,https://www.edunet.net/contsMvGllry/view/152/2011593,,2025-04-21,B550629,한국교육학술정보원
렌즈가 사용되는 예,,망원경;렌즈;굴절;반사;중학교 2학년 과학;중학교 과학;과학2;빛과 파동;망원경;렌즈;굴절;반사;렌즈를 사용하는 대표적인 물건인 망원경,,,,,https://www.edunet.net/contsMvGllry/view/152/2048922,,2025-04-21,B550629,한국교육학술정보원
지시약,,지시약;지시약의 종류;BTB용액;페놀프탈레인 용액;요술 꽃다발 만들기;만능 지시약;여러 가지 지시약의 변색 범위;pH 시험지;소변 검사 시험지의 원리,,,,,https://www.edunet.net/contsMvGllry/view/152/69654,,2025-04-21,B550629,한국교육학술정보원
천연 지시약 만들기,,천연 지시약 만들기;카멜레온 볼 만들기;pH에 따른 카멜레온 볼의 색깔 변화;카멜레온 볼의 색이 바뀌는 이유;안토시아닌을 함유한 지시약의 색깔 변화;pH에 따른 포도 주스의 색깔 ,,,,,https://www.edunet.net/contsMvGllry/view/152/1999139,,2025-04-21,B550629,한국교육학술정보원
지시약을 이용한 마술,,지시약;페놀프탈레인;사라지는 잉크의 비밀;지시약을 이용한 마술;초등학교 3학년 과학 액체와 기체의 부피;초3 과학 액체와 기체의 부피;초등학교 5학년 과학 산과 염시;초5 과학 산,,,,,https://www.edunet.net/contsMvGllry/view/152/2010521,,2025-04-21,B550629,한국교육학술정보원
자석 인간은 가능할까,,자석 인간;자석 인간은 가능한가;정지 마찰력;인체 통신 기술;터치 센서;터치 센서의 원리;인버터 스탠드의 원리;초등학교 3학년 과학 자석의 성질;초3 과학 자석의 성질;초등학교 5,,,,,https://www.edunet.net/contsMvGllry/view/152/8214,,2025-04-21,B550629,한국교육학술정보원
전자석의 마술,,전자석의 마술;개구리 공중 부양 실험;공중 부양 마술;자기부상열차의 원리;렌츠의 법칙;초등학교 3학년 과학 자석의 성질;초3 과학 자석의 성질;초등학교 5학년 과학 전기 회로;초5,,,,,https://www.edunet.net/contsMvGllry/view/152/2003978,,2025-04-21,B550629,한국교육학술정보원
우리 지역을 살리는 사회적 기업,,"사회적 기업, 지역사회, 일자리, 공헌, 개척",,,,,https://www.edunet.net/contsMvGllry/view/152/5563,,2025-04-21,B550629,한국교육학술정보원
사회적 기업의 필요성,,"생산자, 소비자, 로컬푸드, 사회적 기업, 사회적 기업가",,,,,https://www.edunet.net/contsMvGllry/view/152/73879,,2025-04-21,B550629,한국교육학술정보원
친절도 편견이 될 수 있나요,,"친절, 편견, 도움, 배려, 장애인",,,,,https://www.edunet.net/contsMvGllry/view/152/91045,,2025-04-21,B550629,한국교육학술정보원
여러 나라를 돕는 비정부기구,,"비정부기구, NGO, 국경없는 의사회, 그린피스, 세이브 더 칠드런",,,,,https://www.edunet.net/contsMvGllry/view/152/98426,,2025-04-21,B550629,한국교육학술정보원
우월적 지위와 갑질,,"갑질, 경비원, 존엄성, 갑질문화, 인권",,,,,https://www.edunet.net/contsMvGllry/view/152/1966190,,2025-04-21,B550629,한국교육학술정보원
손님은 왕,,"손님, 감정 노동자, 가족, 감정, 서비스직",,,,,https://www.edunet.net/contsMvGllry/view/152/1967281,,2025-04-21,B550629,한국교육학술정보원
"세상을 바르게 가꾸는 거래, 공정 무역",,"카카오, 축구공, 공정 무역, 무역, 공정",,,,,https://www.edunet.net/contsMvGllry/view/152/1970116,,2025-04-21,B550629,한국교육학술정보원
자유주의 정의관과 공동체주의 정의관,,"정의, 자유주의적 정의관, 공동체주의적 정의관",,,,,https://www.edunet.net/contsMvGllry/view/152/1979597,,2025-04-21,B550629,한국교육학술정보원
보편적 복지와 선별적 복지,,"복지, 보편적 복지, 선별적 복지, 복지 국가",,,,,https://www.edunet.net/contsMvGllry/view/152/1998116,,2025-04-21,B550629,한국교육학술정보원
크라우드 펀딩,,"크라우드 펀딩, 아이디어, 투자, 후원, 발명",,,,,https://www.edunet.net/contsMvGllry/view/152/2003197,,2025-04-21,B550629,한국교육학술정보원
복지 국가의 등장,,"복지 국가, 베버리지 보고서",,,,,https://www.edunet.net/contsMvGllry/view/152/2016246,,2025-04-21,B550629,한국교육학술정보원
고려의 국제도시 벽란도,,"고려, 벽란도, 고려의 무역",,,,,https://www.edunet.net/contsMvGllry/view/152/2012636,,2025-04-21,B550629,한국교육학술정보원
"조선 최고의 법, 대동법",,"조선 시대의 수취 체제, 대동법, 방납",,,,,https://www.edunet.net/contsMvGllry/view/152/4967,,2025-04-21,B550629,한국교육학술정보원
조선의 건축물에 나타난 유교 이념,,"조선, 유교, 한양, 조선의 건축물, 향교, 서원",,,,,https://www.edunet.net/contsMvGllry/view/152/24178,,2025-04-21,B550629,한국교육학술정보원
우리나라의 전통윤리,,"전통윤리, 세속오계, 홍익인간, 윤리, 전통",,,,,https://www.edunet.net/contsMvGllry/view/152/1968573,,2025-04-21,B550629,한국교육학술정보원
조선시대 세계문화유산 종묘와 왕릉,,"조선, 종묘, 왕릉, 종묘제례악, 조선왕릉",,,,,https://www.edunet.net/contsMvGllry/view/152/2023768,,2025-04-21,B550629,한국교육학술정보원
커피는 이 지역에서 나는 것이 최고,,"커피, 커피의 역사, 커피 생산국의 기후",,,,,https://www.edunet.net/contsMvGllry/view/152/75808,,2025-04-21,B550629,한국교육학술정보원
해외 유출 문화재 반환 노력,,"문화재 유출, 외규장각 조선왕조 의궤, 문화재 반환",,,,,https://www.edunet.net/contsMvGllry/view/152/62325,,2025-04-21,B550629,한국교육학술정보원
강화도 조약,,"강화도 조약, 개항, 운요호 사건",,,,,https://www.edunet.net/contsMvGllry/view/152/1975785,,2025-04-21,B550629,한국교육학술정보원
일본군 ’위안부’,,"’위안부’, 소녀상, 일본군, 피해자, 일본,",,,,,https://www.edunet.net/contsMvGllry/view/152/13122,,2025-04-21,B550629,한국교육학술정보원
독립 운동가 이야기1,,"독립 운동가, 윤봉길, 김구, 김홍일",,,,,https://www.edunet.net/contsMvGllry/view/152/25955,,2025-04-21,B550629,한국교육학술정보원
일제 강점기의 저항 문학,,"저항 문학, 일제 강점기, 일제 강점기의 문학, 이육사, 윤동주",,,,,https://www.edunet.net/contsMvGllry/view/152/58994,,2025-04-21,B550629,한국교육학술정보원
의열단,,"의열단, 김원봉, 신채호, 김익상, 김상옥, 나석주",,,,,https://www.edunet.net/contsMvGllry/view/152/70422,,2025-04-21,B550629,한국교육학술정보원
독립 운동가 이야기2,,"독립 운동가, 남자현, 독립군의 어머니",,,,,https://www.edunet.net/contsMvGllry/view/152/97666,,2025-04-21,B550629,한국교육학술정보원
학생독립운동기념일,,"항일운동, 독립, 항일, 학생독립운동, 광주",,,,,https://www.edunet.net/contsMvGllry/view/152/1998942,,2025-04-21,B550629,한국교육학술정보원
독립 운동가 이야기3,,"독립 운동가, 이회영 일가, 신흥무관학교",,,,,https://www.edunet.net/contsMvGllry/view/152/2020913,,2025-04-21,B550629,한국교육학술정보원
계절이 변하는 까닭,,계절이 변하는 이유;공전;지구의 공전에 따른 계절 변화;계절에 따른 태양의 고도 변화;빛의 각도와 단위 면적당 빛의 양 비교;초등학교 5학년 과학 지구와 달;초5 과학 지구와 달;,,,,,https://www.edunet.net/contsMvGllry/view/152/50340,,2025-04-21,B550629,한국교육학술정보원
계절에 따른 생활 모습,,4계절;4계절이 뚜렷한 나라;계절의 변화;위도;세계의 여름;세계의 크리스마스;가장 더운 지역;가장 추운 지역;초등학교 5학년 과학 지구와 달;초5 과학 지구와 달;초등학교 6학년 ,,,,,https://www.edunet.net/contsMvGllry/view/152/1970915,,2025-04-21,B550629,한국교육학술정보원
태양의 고도와 그림자,,태양;계절;한옥;처마;남중고도;햇빛;초등 6학년 1학기 과학;초6 과학;지구와 달의 운동;초등 5학년 2학기 과학;초5 과학;날씨와 우리 생활;태양;계절;한옥;처마;남중고도;햇빛;,,,,,https://www.edunet.net/contsMvGllry/view/152/2048923,,2025-04-21,B550629,한국교육학술정보원
뿌리의 구조와 하는 일,,뿌리의 구조;뿌리의 기능;뿌리의 생김새;생장점;뿌리골무;물관;체관;뿌리의 종단면;뿌리가 하는 일;지지 작용;흡수 작용;삼투현상;삼투 현상에 의한 물의 흡수;저장 작용;뿌리의 종류;,,,,,https://www.edunet.net/contsMvGllry/view/152/1985238,,2025-04-21,B550629,한국교육학술정보원
잎의 구조와 하는 일,,잎의 구조;잎이 하는 일;잎의 기능;큐티클;기공;광합성 작용;호흡 작용;증산 작용;식물의 기공;기공의 구조;기공 개폐의 원리;식물이 물을 끌어올리는 원리;식물이 1년 동안 증산하는,,,,,https://www.edunet.net/contsMvGllry/view/152/1997493,,2025-04-21,B550629,한국교육학술정보원
줄기의 구조와 하는 일,,줄기의 구조;줄기가 하는 일;줄기의 역할;줄기 내부의 구조;형성층;나이테;나이테가 생기는 이유;줄기가 하는 일;양분을 저장하는 식물;줄기에 물을 저장하는 식물;줄기의 변형;줄기의 ,,,,,https://www.edunet.net/contsMvGllry/view/152/2018483,,2025-04-21,B550629,한국교육학술정보원
고산병이란 무엇일까,,"고산병, 산소 부족",,,,,https://www.edunet.net/contsMvGllry/view/152/1997814,,2025-04-21,B550629,한국교육학술정보원
유전자 변이,,"유전자의 변이의 원인, 유번자 변이의 교정",,,,,https://www.edunet.net/contsMvGllry/view/152/2009716,,2025-04-21,B550629,한국교육학술정보원
빵을 만들자,,"발효, 연소, 환기",,,,,https://www.edunet.net/contsMvGllry/view/152/68565,,2025-04-21,B550629,한국교육학술정보원
우리 생활 속 석회의 변신,,"석회, 석회석, 석회수",,,,,https://www.edunet.net/contsMvGllry/view/152/78539,,2025-04-21,B550629,한국교육학술정보원
세탁의 과학,,"비누, 친수성, 친유성, 비누의 발달, 합성 세제",,,,,https://www.edunet.net/contsMvGllry/view/152/1980472,,2025-04-21,B550629,한국교육학술정보원
바이러스의 진화,,"인플루엔자, 바이러스의 진화, 신종플루",,,,,https://www.edunet.net/contsMvGllry/view/152/72944,,2025-04-21,B550629,한국교육학술정보원
한 시대를 지배했던 공룡은 어디에 있는가,,"공룡, 공룡의 번식, 공룡의 멸종, 공룡 분류",,,,,https://www.edunet.net/contsMvGllry/view/152/1980878,,2025-04-21,B550629,한국교육학술정보원
항생제 내성 세균,,"항생제, 페니실린, 항생제 내성",,,,,https://www.edunet.net/contsMvGllry/view/152/2012434,,2025-04-21,B550629,한국교육학술정보원
에덴 프로젝트,,"에덴 프로젝트 바이오 돔, 지중해 온실, 열대 우림 온실, 코어",,,,,https://www.edunet.net/contsMvGllry/view/152/94565,,2025-04-21,B550629,한국교육학술정보원
녹조 현상의 진실은,,"녹조 현상, 녹조 라떼, 녹조 현상 방지",,,,,https://www.edunet.net/contsMvGllry/view/152/2006353,,2025-04-21,B550629,한국교육학술정보원
기후 변화,,"기후 변화, 기후 변화의 영향",,,,,https://www.edunet.net/contsMvGllry/view/152/2019329,,2025-04-21,B550629,한국교육학술정보원
신 · 재생 에너지 종류와 이용 사례,,"화석 연료, 핵에너지, 신재생에너지",,,,,https://www.edunet.net/contsMvGllry/view/152/31505,,2025-04-21,B550629,한국교육학술정보원
음식 궁합,,"음식 궁합, 함께 먹으면 좋은 음식, 함께 먹으면 나쁜 음식",,,,,https://www.edunet.net/contsMvGllry/view/152/60438,,2025-04-21,B550629,한국교육학술정보원
식물도 소통해요,,"반려 식물, 화학 물질, 소통, 식물",,,,,https://www.edunet.net/contsMvGllry/view/152/1977941,,2025-04-21,B550629,한국교육학술정보원
무지개의 모든 것,,"무지개, 반사, 물방울, 프리즘, 빛",,,,,https://www.edunet.net/contsMvGllry/view/152/2006763,,2025-04-21,B550629,한국교육학술정보원
듣는 순간 심장이 두근거리는 뮤지컬 넘버,,"뮤지컬, 뮤지컬 넘버, 공연, 가수, 매체",,,,,https://www.edunet.net/contsMvGllry/view/152/2025224,,2025-04-21,B550629,한국교육학술정보원
노래로 공부해요,,"노래,  노래가사 바꾸기, 공부, 장기기억",,,,,https://www.edunet.net/contsMvGllry/view/152/2078898,,2025-04-21,B550629,한국교육학술정보원
"반복의 미학, 오스티나토",,"오스티나토, 리프, 볼레로",,,,,https://www.edunet.net/contsMvGllry/view/152/2078899,,2025-04-21,B550629,한국교육학술정보원
노래의 변신 변주곡의 세계,,"변주곡, 기법, 모차르트, 작은 별, 바꾸기",,,,,https://www.edunet.net/contsMvGllry/view/152/2078900,,2025-04-21,B550629,한국교육학술정보원
1시간 만에 끝내는 우쿨렐레 연주,,"우쿨렐레, 타브악보, 다문화, 악기 연주법, 코드",,,,,https://www.edunet.net/contsMvGllry/view/152/23165,,2025-04-21,B550629,한국교육학술정보원
교실에서도 드럼 연주를,,"드럼, 교실 드럼, 드럼세트",,,,,https://www.edunet.net/contsMvGllry/view/152/2078901,,2025-04-21,B550629,한국교육학술정보원
물건을 이용하여 음악 표현하기,,"물건, 창의적, 악기, 음색, 사물",,,,,https://www.edunet.net/contsMvGllry/view/152/2078902,,2025-04-21,B550629,한국교육학술정보원
타악기의 변신은 무죄물건을 이용하여 음악 표현하기,,"타악기, 스트라빈스키, 팀파니, 탬버린",,,,,https://www.edunet.net/contsMvGllry/view/152/2078903,,2025-04-21,B550629,한국교육학술정보원
오케스트라의 역사,,"오케스트라, 모차르트, 베토벤",,,,,https://www.edunet.net/contsMvGllry/view/152/2078906,,2025-04-21,B550629,한국교육학술정보원
오케스트라 세계 속으로,,"오케스트라, 오케스트라의 악기 구성, 오케스트라의 유형",,,,,https://www.edunet.net/contsMvGllry/view/152/2078907,,2025-04-21,B550629,한국교육학술정보원
교향곡과 하이든,,"교향곡, 하이든, 오케스트라",,,,,https://www.edunet.net/contsMvGllry/view/152/2078924,,2025-04-21,B550629,한국교육학술정보원
상고·삼국·통일신라시대 음악 이야기,,"우리나라, 음악사, 상고시대, 삼국시대, 통일신라시대, 역사",,,,,https://www.edunet.net/contsMvGllry/view/152/15004,,2025-04-21,B550629,한국교육학술정보원
"우리의 음악 유산, 종묘제례악",,"종묘제례악, 제례, 전통 음악, 우리나라 음악, 조선시대",,,,,https://www.edunet.net/contsMvGllry/view/152/21521,,2025-04-21,B550629,한국교육학술정보원
"우리의 음악 유산, 판소리",,"판소리, 판소리의 구성요소, 소리, 아니리, 발림",,,,,https://www.edunet.net/contsMvGllry/view/152/26703,,2025-04-21,B550629,한국교육학술정보원
정간보 보고 노래하기,,"정간보, 국악, 악보, 기보법, 전통 음악, 세종대왕",,,,,https://www.edunet.net/contsMvGllry/view/152/28668,,2025-04-21,B550629,한국교육학술정보원
우리 가까이에 있는 국악,,"국악 동요, 국악의 활용, 생활속의 국악,국악과 친해지기, 국악과 애니메이션",,,,,https://www.edunet.net/contsMvGllry/view/152/43377,,2025-04-21,B550629,한국교육학술정보원
시와 노래의 만남 ‘시조’,,"시조, 평시조, 전통 음악, 역사, 고려시대, 조선시대",,,,,https://www.edunet.net/contsMvGllry/view/152/46532,,2025-04-21,B550629,한국교육학술정보원
세마치장단에 어울리는 말 붙임새 만들기,,"말 붙임새, 세마치장단, 장구, 장단, 리듬",,,,,https://www.edunet.net/contsMvGllry/view/152/57903,,2025-04-21,B550629,한국교육학술정보원
강강술래 놀이 한마당,,"강강술래, 고사리 꺾자, 개고리 개골청, 기와 밟기, 덕석몰자",,,,,https://www.edunet.net/contsMvGllry/view/152/66503,,2025-04-21,B550629,한국교육학술정보원
주기율표와 원소 이야기,,"주기율표, 원소, 멘델레예프",,,,,https://www.edunet.net/contsMvGllry/view/152/1994910,,2025-04-21,B550629,한국교육학술정보원
전기뱀장어가 전기를 어떻게 만드나,,"전기, 뱀장어",,,,,https://www.edunet.net/contsMvGllry/view/152/8904,,2025-04-21,B550629,한국교육학술정보원
생활 속의 전동기,,"전동기의 종류, 전동기의 원리, 전동기",,,,,https://www.edunet.net/contsMvGllry/view/152/41510,,2025-04-21,B550629,한국교육학술정보원
커피 맛의 비밀,,"커피, 추출",,,,,https://www.edunet.net/contsMvGllry/view/152/40178,,2025-04-21,B550629,한국교육학술정보원
소금 이야기,,"소금, 우유니 사막, 석출",,,,,https://www.edunet.net/contsMvGllry/view/152/2019921,,2025-04-21,B550629,한국교육학술정보원
해저 열수광상,,"바다 자원, 해저 열수광상, 심해저 광물 자원 탐사",,,,,https://www.edunet.net/contsMvGllry/view/152/28183,,2025-04-21,B550629,한국교육학술정보원
물의 고갈 현상,,"물의 고갈, 물의 이동",,,,,https://www.edunet.net/contsMvGllry/view/152/54525,,2025-04-21,B550629,한국교육학술정보원
해양 에너지,,"해양 에너지, 조력 에너지, 조류 에너지, 파력 에너지",,,,,https://www.edunet.net/contsMvGllry/view/152/60545,,2025-04-21,B550629,한국교육학술정보원
사막의 오아시스 렌소이스,,"오아시스, 물의 풍화 작용, 사막",,,,,https://www.edunet.net/contsMvGllry/view/152/77609,,2025-04-21,B550629,한국교육학술정보원
북극곰과 소나무,,"산란, 소나무 잎, 북극곰, 추위 극복",,,,,https://www.edunet.net/contsMvGllry/view/152/2019201,,2025-04-21,B550629,한국교육학술정보원
재난 상황에서 안전을 지키는 방법,,"재난, 대피, 비상구, 안전, 재해",,,,,https://www.edunet.net/contsMvGllry/view/152/3338,,2025-04-21,B550629,한국교육학술정보원
직업현장의 안전 장비,,"안전, 안전장비, 직업현장, 장비, 안전대",,,,,https://www.edunet.net/contsMvGllry/view/152/27430,,2025-04-21,B550629,한국교육학술정보원
"직업 안전, 산업안전보건법이 보장해요",,"안전, 법, 재해, 산업안전보건법, 직업안전",,,,,https://www.edunet.net/contsMvGllry/view/152/44280,,2025-04-21,B550629,한국교육학술정보원
태풍의 에너지,,"태풍, 태풍의 발생 과정, 태풍의 힘",,,,,https://www.edunet.net/contsMvGllry/view/152/60711,,2025-04-21,B550629,한국교육학술정보원
수업 중 지진이 일어나면 어떻게 해야 할까,,"지진, 대피, 대피장소, 피해, 공터",,,,,https://www.edunet.net/contsMvGllry/view/152/74620,,2025-04-21,B550629,한국교육학술정보원
내진 설계의 과학적 원리,,"지진, 지진파, 내진 설계",,,,,https://www.edunet.net/contsMvGllry/view/152/1975853,,2025-04-21,B550629,한국교육학술정보원
지진으로부터의 문화재 보호,,"지진, 우리나라의 지진, 제진 구조, 면진 구조",,,,,https://www.edunet.net/contsMvGllry/view/152/2012628,,2025-04-21,B550629,한국교육학술정보원
백색광과 백색 소음,,"백색 소음, 백색광, 사운드 마스킹",,,,,https://www.edunet.net/contsMvGllry/view/152/21388,,2025-04-21,B550629,한국교육학술정보원
눈이 큰 사람 귀가 큰 사람,,"소리, 진동, 반사",,,,,https://www.edunet.net/contsMvGllry/view/152/85731,,2025-04-21,B550629,한국교육학술정보원
생명 현상과 화학 반응,,"화학 반응, 광합성, 소화와 호흡",,,,,https://www.edunet.net/contsMvGllry/view/152/11726,,2025-04-21,B550629,한국교육학술정보원
산소의 접촉을 막아라,,"화학 반응, 산화 반응",,,,,https://www.edunet.net/contsMvGllry/view/152/40096,,2025-04-21,B550629,한국교육학술정보원
"난지도, 쓰레기 산에서 에너지원으로",,"연소, 난지도, 메테인 가스",,,,,https://www.edunet.net/contsMvGllry/view/152/1991384,,2025-04-21,B550629,한국교육학술정보원
명화의 보관,,"온도와 부피, 습도, 빛",,,,,https://www.edunet.net/contsMvGllry/view/152/5483,,2025-04-21,B550629,한국교육학술정보원
눈 결정,,"눈 결정, 눈 결정의 형태",,,,,https://www.edunet.net/contsMvGllry/view/152/21400,,2025-04-21,B550629,한국교육학술정보원
하늘에 떠 있는 구름은,,"구름, 층운, 적운, 난운, 권운",,,,,https://www.edunet.net/contsMvGllry/view/152/39617,,2025-04-21,B550629,한국교육학술정보원
단열 변화,,"단열 변화, 구름의 생성, 단열 수축, 단열 팽창",,,,,https://www.edunet.net/contsMvGllry/view/152/47000,,2025-04-21,B550629,한국교육학술정보원
구름과 번개 이야기,,"구름, 구름의 생성, 번개",,,,,https://www.edunet.net/contsMvGllry/view/152/64657,,2025-04-21,B550629,한국교육학술정보원
자이로드롭과 자유 낙하,,"무중력, 자유 낙하, 자이로드롭",,,,,https://www.edunet.net/contsMvGllry/view/152/66236,,2025-04-21,B550629,한국교육학술정보원
압전 효과,,"전기, 압전 효과",,,,,https://www.edunet.net/contsMvGllry/view/152/69583,,2025-04-21,B550629,한국교육학술정보원
사람의 마음을 읽는 기계,,"거짓말 탐지기, 뇌파 분석, 신경계 반응",,,,,https://www.edunet.net/contsMvGllry/view/152/6147,,2025-04-21,B550629,한국교육학술정보원
호르몬 변화와 갱년기의 원인,,"갱년기, 호르몬의 변화, 남성 호르몬",,,,,https://www.edunet.net/contsMvGllry/view/152/97902,,2025-04-21,B550629,한국교육학술정보원
어지럼의 다양한 원인과 증상,,"난청, 어지럼증, 회전성 어지럼증, 비회전성 어지럼증, 말초성 어지럼증",,,,,https://www.edunet.net/contsMvGllry/view/152/2024539,,2025-04-21,B550629,한국교육학술정보원
생물의 재생 능력,,"생물의 재생 능력, 대식 세포, 도룡뇽, 도마뱀",,,,,https://www.edunet.net/contsMvGllry/view/152/63429,,2025-04-21,B550629,한국교육학술정보원
행성의 에너지를 얻어 우주로,,"우주 여행, 스윙바이 항법, 위치 에너지, 운동 에너지",,,,,https://www.edunet.net/contsMvGllry/view/152/43774,,2025-04-21,B550629,한국교육학술정보원
전기 생산,,"전기, 최초의 발전기, 화력 발전, 원자력 발전, 수력 발전, 송전",,,,,https://www.edunet.net/contsMvGllry/view/152/49228,,2025-04-21,B550629,한국교육학술정보원
식혜와 생체 촉매,,"촉매, 식혜 만들기, 생체 촉매, 무기 촉매, 효소",,,,,https://www.edunet.net/contsMvGllry/view/152/1972608,,2025-04-21,B550629,한국교육학술정보원
스키 점프 선수가 도약 지점에서 빠른 속력을 얻는 이유,,"속력, 위치 에너지, 운동 에너지, 역학적 에너지",,,,,https://www.edunet.net/contsMvGllry/view/152/2005595,,2025-04-21,B550629,한국교육학술정보원
탄산음료 속 산과 염기,,"산성, 염기성, 구연산, 탄산수소 나트륨",,,,,https://www.edunet.net/contsMvGllry/view/152/35489,,2025-04-21,B550629,한국교육학술정보원
"특명, 손대지 않고 변기를 깨끗하게",,"산성, 염기성, 제산제, 중화 반응",,,,,https://www.edunet.net/contsMvGllry/view/152/37814,,2025-04-21,B550629,한국교육학술정보원
마시는 차의 색깔을 바꿀 수 있다고,,"산성, 염기성, 지시약, 안토사이아닌",,,,,https://www.edunet.net/contsMvGllry/view/152/88966,,2025-04-21,B550629,한국교육학술정보원
산성 용액은 모두 다 나쁠까,,"산성, 염기성",,,,,https://www.edunet.net/contsMvGllry/view/152/1979267,,2025-04-21,B550629,한국교육학술정보원
공기는 어떤 기체로 이루어져 있을까,,"공기의 구성 성분, 질소, 산소, 이산화 탄소",,,,,https://www.edunet.net/contsMvGllry/view/152/24315,,2025-04-21,B550629,한국교육학술정보원
이산화 탄소의 두 얼굴,,"이산화 탄소, 광합성, 온실가스",,,,,https://www.edunet.net/contsMvGllry/view/152/35965,,2025-04-21,B550629,한국교육학술정보원
기체가 눈에 보이지 않는 까닭,,"기체, 액체, 고체, 눈에 보이는 기체",,,,,https://www.edunet.net/contsMvGllry/view/152/1982601,,2025-04-21,B550629,한국교육학술정보원
우리 몸속을 들여다보는 내시경의 역사와 원리,,"내시경, 광섬유, 내시경의 활용, 내시경의 역사",,,,,https://www.edunet.net/contsMvGllry/view/152/43075,,2025-04-21,B550629,한국교육학술정보원
"가상 현실, HMD는",,"가상 현실, 증강 현실",,,,,https://www.edunet.net/contsMvGllry/view/152/65948,,2025-04-21,B550629,한국교육학술정보원
약이 되는 열매와 독이 되는 열매,,"솔라닌, 바곳, 마전자, 메드레이크, 옻나무, 주목, 은행열매, 쐐기풀, 미치광이풀, 피마자, 독당근, 독버섯",,,,,https://www.edunet.net/contsMvGllry/view/152/91954,,2025-04-21,B550629,한국교육학술정보원
하늘을 나는 민들레 씨,,"여러해살이풀, 우산풀, 식물의 구조와 기능",,,,,https://www.edunet.net/contsMvGllry/view/152/1976666,,2025-04-21,B550629,한국교육학술정보원
꽃이 하는 일,,"꽃, 산수유, 생강나무, 매화나무, 벗나무",,,,,https://www.edunet.net/contsMvGllry/view/152/2002109,,2025-04-21,B550629,한국교육학술정보원
전자석의 활용,,"전자석, 자기장, 전자석, 자기 공명 영상",,,,,https://www.edunet.net/contsMvGllry/view/152/85065,,2025-04-21,B550629,한국교육학술정보원
크리스마스트리의 비밀,,"크리스마스의 유래, 꼬마전구",,,,,https://www.edunet.net/contsMvGllry/view/152/101459,,2025-04-21,B550629,한국교육학술정보원
놀라운 수혈의 역사,,"수혈, 혈액형, 혈액",,,,,https://www.edunet.net/contsMvGllry/view/152/95965,,2025-04-21,B550629,한국교육학술정보원
똥 이야기,,"배설 기관, 똥",,,,,https://www.edunet.net/contsMvGllry/view/152/1968305,,2025-04-21,B550629,한국교육학술정보원
생명을 살리는 심폐 소생술,,"심폐 소생술, 자동 제세동기",,,,,https://www.edunet.net/contsMvGllry/view/152/2003911,,2025-04-21,B550629,한국교육학술정보원
제로 에너지 하우스-패시브 하우스,,"패시브 하우스, 단열, 에너지 절약",,,,,https://www.edunet.net/contsMvGllry/view/152/67149,,2025-04-21,B550629,한국교육학술정보원
에너지는 어떻게 전환되는 걸까,,"에너지 전환, 운동 에너지, 위치 에너지",,,,,https://www.edunet.net/contsMvGllry/view/152/1982459,,2025-04-21,B550629,한국교육학술정보원
물이 두렵지 않아,,"부력, 사해",,,,,https://www.edunet.net/contsMvGllry/view/152/27978,,2025-04-21,B550629,한국교육학술정보원
마찰력을 이용하는 생물,,"마찰력, 섬모",,,,,https://www.edunet.net/contsMvGllry/view/152/61149,,2025-04-21,B550629,한국교육학술정보원
생물 다양성이 우리에게 미치는 영향,,"꿀벌의 멸종, 바나나의 멸종, 생물의 다양성",,,,,https://www.edunet.net/contsMvGllry/view/152/39614,,2025-04-21,B550629,한국교육학술정보원
생물 다양성 보전 중요 지점,,"생물의 다양성, 생물 다양성 보존 지역",,,,,https://www.edunet.net/contsMvGllry/view/152/100708,,2025-04-21,B550629,한국교육학술정보원
바이오 전자 코,,"전자 코, 확산",,,,,https://www.edunet.net/contsMvGllry/view/152/34074,,2025-04-21,B550629,한국교육학술정보원
질소의 잠수병 이야기,,"질소, 기체, 부피, 압력",,,,,https://www.edunet.net/contsMvGllry/view/152/1994846,,2025-04-21,B550629,한국교육학술정보원
상태 변화를 생활에서 어떻게 이용할까,,"쿨링 포그 시스템, 드라이아이스를 이용한 세척",,,,,https://www.edunet.net/contsMvGllry/view/152/33394,,2025-04-21,B550629,한국교육학술정보원
전기가 필요 없는 냉장고,,"석빙고, 융해열, 기화열, 승화열, 화분 냉장고, 적정 기술",,,,,https://www.edunet.net/contsMvGllry/view/152/1979455,,2025-04-21,B550629,한국교육학술정보원
"독도의 보물, 메테인 하이드레이트",,"메테인 하이드레이트, 불타는 얼음",,,,,https://www.edunet.net/contsMvGllry/view/152/2001011,,2025-04-21,B550629,한국교육학술정보원
드론과 함께 하늘을 날자,,"드론, 무인 항공기",,,,,https://www.edunet.net/contsMvGllry/view/152/40241,,2025-04-21,B550629,한국교육학술정보원
과학과 관련 있는 직업,,"4차 산업 시대의 직업, 과학 관련 직업",,,,,https://www.edunet.net/contsMvGllry/view/152/55855,,2025-04-21,B550629,한국교육학술정보원
암석 출생의 비밀을 밝혀라,,"암석, 화성암, 퇴적암, 변성암",,,,,https://www.edunet.net/contsMvGllry/view/152/10045,,2025-04-21,B550629,한국교육학술정보원
암석의 일생,,"암석의 순환, 퇴적 작용, 변셩 작용, 속성 작용",,,,,https://www.edunet.net/contsMvGllry/view/152/16847,,2025-04-21,B550629,한국교육학술정보원
암석 박편,,"박편 만들기, 현미경으로 본 암석",,,,,https://www.edunet.net/contsMvGllry/view/152/1976813,,2025-04-21,B550629,한국교육학술정보원
이온으로 가득한 우리 몸,,"이온, 나트륨 이온",,,,,https://www.edunet.net/contsMvGllry/view/152/72023,,2025-04-21,B550629,한국교육학술정보원
신두리 해안 사구,,"사막, 사구, 해안 사구, 신두리 해안 사구,",,,,,https://www.edunet.net/contsMvGllry/view/152/76201,,2025-04-21,B550629,한국교육학술정보원
화석의 발굴 과정,,"화석, 공룡 화석, 퇴적암",,,,,https://www.edunet.net/contsMvGllry/view/152/85517,,2025-04-21,B550629,한국교육학술정보원
화석으로 알아보는 지구의 역사,,"화석, 선캄브리아 시대, 스트로마톨라이트, 고생대 시대, 삼엽충, 중생대 시대, 신생대 시대",,,,,https://www.edunet.net/contsMvGllry/view/152/2016113,,2025-04-21,B550629,한국교육학술정보원
"고체에서 기체로, 드라이아이스의 원리",,"드라이아이스, 고체, 기체, 승화, 융해, 기화",,,,,https://www.edunet.net/contsMvGllry/view/152/69657,,2025-04-21,B550629,한국교육학술정보원
액체 위에서 춤을 춘다,,"녹말, 점탄성, 고체, 액체, 아밀로오스, 아밀로펙틴",,,,,https://www.edunet.net/contsMvGllry/view/152/82126,,2025-04-21,B550629,한국교육학술정보원
"초미세 먼지는 기체일까, 고체일까",,"초미세먼지, 환경 오염, 오염 물질, 고체, 기체",,,,,https://www.edunet.net/contsMvGllry/view/152/1994021,,2025-04-21,B550629,한국교육학술정보원
특명 소음을 줄여라,,"층간 소음, 소음, 소음 공해, 소리, 흡음재",,,,,https://www.edunet.net/contsMvGllry/view/152/11125,,2025-04-21,B550629,한국교육학술정보원
박쥐는 왜 어둠 속에서도 잘 날 수 있을까,,"박쥐, 초음파, 주파수",,,,,https://www.edunet.net/contsMvGllry/view/152/1987571,,2025-04-21,B550629,한국교육학술정보원
나무줄기에 페인트칠을 했나,,"무지개 나무, 유칼립투스 디글럽타, 열대 우림, 특이한 식물",,,,,https://www.edunet.net/contsMvGllry/view/152/74369,,2025-04-21,B550629,한국교육학술정보원
앗 그건 위험해,,"약초, 독초, 식물",,,,,https://www.edunet.net/contsMvGllry/view/152/1996118,,2025-04-21,B550629,한국교육학술정보원
천연기념물로 지정된 식물,,"천연기념물, 서식지, 측백나무",,,,,https://www.edunet.net/contsMvGllry/view/152/2024115,,2025-04-21,B550629,한국교육학술정보원
"추운 겨울, 과수원에 왜 물을 뿌릴까",,"응고열, 융해열, 승화열, 응고",,,,,https://www.edunet.net/contsMvGllry/view/152/4824,,2025-04-21,B550629,한국교육학술정보원
결로의 원인을 찾아라,,"결로, 이슬점, 곰팡이, 결로 예방",,,,,https://www.edunet.net/contsMvGllry/view/152/2003158,,2025-04-21,B550629,한국교육학술정보원
얼음은 왜 물에 뜰까,,"빙산, 얼음, 분자 구조",,,,,https://www.edunet.net/contsMvGllry/view/152/2003430,,2025-04-21,B550629,한국교육학술정보원
바다는 어떻게 만들어졌을까,,"바다, 마그마, 지구 표면",,,,,https://www.edunet.net/contsMvGllry/view/152/6693,,2025-04-21,B550629,한국교육학술정보원
만약 공기가 사라진다면,,"공기, 산소, 지구의 대기, 물의 순환, 공기의 진동",,,,,https://www.edunet.net/contsMvGllry/view/152/50468,,2025-04-21,B550629,한국교육학술정보원
만약 달이 사라진다면,,"달, 지구 기후, 소행성 충돌",,,,,https://www.edunet.net/contsMvGllry/view/152/78824,,2025-04-21,B550629,한국교육학술정보원
씨를 뿌려 비를 내리게 한다고,,"비가 내리는 원리, 빙정설, 병합설, 인공비",,,,,https://www.edunet.net/contsMvGllry/view/152/60718,,2025-04-21,B550629,한국교육학술정보원
물의 쉼 없는 여행,,"물, 증발, 수증기, 지하수, 응결",,,,,https://www.edunet.net/contsMvGllry/view/152/86230,,2025-04-21,B550629,한국교육학술정보원
와카 워터,,"물 부족, 와카 워터, 응결",,,,,https://www.edunet.net/contsMvGllry/view/152/1999925,,2025-04-21,B550629,한국교육학술정보원
태양계 행성의 환경,,"태양계, 행성, 명왕성, 왜소 행성",,,,,https://www.edunet.net/contsMvGllry/view/152/48087,,2025-04-21,B550629,한국교육학술정보원
밤하늘의 나침반,,"별의 일주 운동, 북극성",,,,,https://www.edunet.net/contsMvGllry/view/152/1990462,,2025-04-21,B550629,한국교육학술정보원
발효 식품의 비밀,,"부패, 발효",,,,,https://www.edunet.net/contsMvGllry/view/152/53641,,2025-04-21,B550629,한국교육학술정보원
유익 세균과 유해 세균,,"세균, 질병, 호기성 세균, 혐기성 세균, 유익균, 유해균",,,,,https://www.edunet.net/contsMvGllry/view/152/1985552,,2025-04-21,B550629,한국교육학술정보원
동물도 식물도 아닌 이것의 정체는,,"버섯, 곰팡이, 세균, 생물의 분류",,,,,https://www.edunet.net/contsMvGllry/view/152/1997947,,2025-04-21,B550629,한국교육학술정보원
환경오염으로 인한 생태계 파괴와 복원,,"환경 오염, 생태계, 산성비, 지구 온난화",,,,,https://www.edunet.net/contsMvGllry/view/152/55345,,2025-04-21,B550629,한국교육학술정보원
"생물은 환경에, 환경은 생물에게",,"생태계, 생산자, 소비자, 분해자",,,,,https://www.edunet.net/contsMvGllry/view/152/1992922,,2025-04-21,B550629,한국교육학술정보원
귀화 생물로 인한 생태계 파괴와 복원,,"귀화 생물, 귀화 동물, 귀화 식물, 생태계",,,,,https://www.edunet.net/contsMvGllry/view/152/2021947,,2025-04-21,B550629,한국교육학술정보원
비가 내리는 과정과 습도,,"비가 내리는 과정, 빙정설, 병합설, 습도",,,,,https://www.edunet.net/contsMvGllry/view/152/13347,,2025-04-21,B550629,한국교육학술정보원
계절에 따라 날씨가 달라지는 까닭은,,"기단, 시베리아 기단, 양쯔강 기단, 오호츠크해 기단, 북태평양 기단",,,,,https://www.edunet.net/contsMvGllry/view/152/56495,,2025-04-21,B550629,한국교육학술정보원
고기압과 저기압이 생기는 이유는,,"기압, 저기압, 고기압, 기압계",,,,,https://www.edunet.net/contsMvGllry/view/152/79894,,2025-04-21,B550629,한국교육학술정보원
누가 더 빠른 걸까,,"속력, 속도, 평균 속력, 순간 속력",,,,,https://www.edunet.net/contsMvGllry/view/152/18520,,2025-04-21,B550629,한국교육학술정보원
펄럭이는 깃발로 바람의 속력을 측정할 수 있을까,,"풍속, 편동풍, 편서풍, 무역풍, 남동풍",,,,,https://www.edunet.net/contsMvGllry/view/152/58541,,2025-04-21,B550629,한국교육학술정보원
자동차의 속력이 빠르면 왜 위험한가,,"교통사고, 제동 거리, 속력, 수막현상",,,,,https://www.edunet.net/contsMvGllry/view/152/61118,,2025-04-21,B550629,한국교육학술정보원
우리나라의 3대 악성,,"왕산악, 거문고, 우륵, 가야금, 박연, 음악 정비",,,,,https://www.edunet.net/contsMvGllry/view/152/86898,,2025-04-21,B550629,한국교육학술정보원
동일 유전자의 형질 결정,,유전자;형질;형제;유전;중학교 3학년 과학;중3 과학;유전과 진화;유전자;형질;형제;유전;반고흐의 자화상;형제는 왜 닮을까;품종 개량,,,,,https://www.edunet.net/contsMvGllry/view/152/2048893,,2025-04-21,B550629,한국교육학술정보원
상염색체에 의한 유전,,상염색체;염색체;유전;우성;열성;중학교 3학년 과학;중3 과학;유전과 진화;상염색체;염색체;유전;우성;열성;보조개;부모의 형질이 자식에게 유전되는 원리;상염색체에 있는 유전자,,,,,https://www.edunet.net/contsMvGllry/view/152/2048894,,2025-04-21,B550629,한국교육학술정보원
성염색체에 의한 유전,,성염색체;염색체;유전;색맹;중학교 3학년 과학;중3 과학;유전과 진화;성염색체;염색체;유전;색맹;색각 이상 검사표;적록 색맹;반성 유전,,,,,https://www.edunet.net/contsMvGllry/view/152/2048895,,2025-04-21,B550629,한국교육학술정보원
화석을 통한 진화의 증거,,진화;증거;화석;중학교 3학년 과학;중3 과학;유전과 진화;진화;증거;화석;말의 기원;말;말의 진화;육상 식물의 출현;화석을 통한 식물 진화의 증거,,,,,https://www.edunet.net/contsMvGllry/view/152/2048896,,2025-04-21,B550629,한국교육학술정보원
자연 선택설,,자연 선택;다윈;중학교 3학년 과학;중3 과학;유전과 진화;자연 선택;다윈;갈라파고스 섬;핀치 새의 부리가 차이가 나는 이유;들개의 집단 사냥,,,,,https://www.edunet.net/contsMvGllry/view/152/2048897,,2025-04-21,B550629,한국교육학술정보원
격리설,,격리설;협곡;진화;중학교 3학년 과학;중3 과학;유전과 진화;격리설;협곡;진화;다람쥐;그랜드 캐니언;서로 다른 종의 두 다람쥐가 비슷하게 생긴 이유;오스트레일리아에 사는 캥거루;,,,,,https://www.edunet.net/contsMvGllry/view/152/2048898,,2025-04-21,B550629,한국교육학술정보원
네안데르탈인과 호모 사피엔스,,인류;진화;네안데르탈인;호모 사피엔스;경쟁;중학교 3학년 과학;중3 과학;유전과 진화;인류;진화;네안데르탈인;호모 사피엔스;경쟁;네안데르탈인은 왜 사라졌을까;현생인류의 조상,,,,,https://www.edunet.net/contsMvGllry/view/152/2048900,,2025-04-21,B550629,한국교육학술정보원
종의 출현,,돌연변이;조상;출현;멸종;종;중학교 3학년 과학;중3 과학;유전과 진화;돌연변이;조상;출현;멸종;종;지구에는 몇 종의 생명체가 있을까요;새로운 종의 출현;현대의 진화설,,,,,https://www.edunet.net/contsMvGllry/view/152/2048899,,2025-04-21,B550629,한국교육학술정보원
혼천의,,별;혼천의;중학교 3학년 과학;중3 과학;외권과 우주개발;별;혼천의;우리 선조의 과학 유산;혼천의 구조,,,,,https://www.edunet.net/contsMvGllry/view/152/2048901,,2025-04-21,B550629,한국교육학술정보원
우리 은하와 외부 은하,,은하;우리은하;구조;우주;팽창;중학교 3학년 과학;중3 과학;외권과 우주개발;은하;우리은하;구조;우주;팽창;우주의 탄생;빅뱅 이론;외부 은하;,,,,,https://www.edunet.net/contsMvGllry/view/152/2048902,,2025-04-21,B550629,한국교육학술정보원
우주 탐사의 과정과 탐사선,,우주;개발;탐사;탐사선;중학교 3학년 과학;중3 과학;과학과 인류 문명;우주;개발;탐사;탐사선;우주 탐사 방법;우주 정거장;인공위성;우주 로봇;우주 탐사 경쟁;행성 탐사;한국의 우,,,,,https://www.edunet.net/contsMvGllry/view/152/2048903,,2025-04-21,B550629,한국교육학술정보원
자동차의 미래,,"미래의 교통 수단, 미래의 자동차, 친환경 자동차",,,,,https://www.edunet.net/contsMvGllry/view/152/17907,,2025-04-21,B550629,한국교육학술정보원
지능형 로봇,,첨단;과학;로봇;중학교 3학년 과학;중3 과학;과학과 인류 문명;첨단;과학;로봇;반도체,,,,,https://www.edunet.net/contsMvGllry/view/152/2048904,,2025-04-21,B550629,한국교육학술정보원
미래 생활에 영향을 줄 과학 기술,,과학;기술;미래;유전자;생물;GMO;중학교 3학년 과학;중3 과학;유전과 진화;과학;기술;미래;유전자;생물;GMO;유전자 재조합으로 탄생한 파란장미;과학기술이 우리에게 미치는 영향,,,,,https://www.edunet.net/contsMvGllry/view/152/2048905,,2025-04-21,B550629,한국교육학술정보원
식물과 미생물의 공생,,식물;미생물;공생;세균;곰팡이;중학교 3학년 과학;중3 과학;유전과 진화;식물;미생물;공생;세균;곰팡이;뿌리혹박테리아;식물 공생 세균;균근균;식물 공생 곰팡이,,,,,https://www.edunet.net/contsMvGllry/view/152/2048906,,2025-04-21,B550629,한국교육학술정보원
극한 생물,,생물;다양성;환경;극한;중학교 3학년 과학;중3 과학;유전과 진화;생물;다양성;환경;극한;대염호에 사는 세균;극한 생물;깊은 바다에 사는 생물,,,,,https://www.edunet.net/contsMvGllry/view/152/2048907,,2025-04-21,B550629,한국교육학술정보원
항생제,,미생물;질병;항생제;중학교 3학년 과학;중3 과학;과학과 인류 문명;미생물;질병;항생제;항생제의 탄생;항생제의 원리;항생제 오남용,,,,,https://www.edunet.net/contsMvGllry/view/152/2048908,,2025-04-21,B550629,한국교육학술정보원
지구 주위를 둘러싼 공기,,달;지구;하늘;초등 4학년 2학기 과학;초4 과학;지구와 달;초등 5학년 1학기 과학;초5 과학;태양계와 별;달;지구;하늘;하늘은 왜 파랄까;붉은색의 하늘,,,,,https://www.edunet.net/contsMvGllry/view/152/2048919,,2025-04-21,B550629,한국교육학술정보원
"꿈의 신소재, 그래핀",,"그래핀, 나노, 전기, 전자제품, 터치스크린, 신소재",,,,,https://www.edunet.net/contsMvGllry/view/152/7284,,2025-04-21,B550629,한국교육학술정보원
초 발수 물질,,"초 발수, 초 발수 물질, 연잎, 발수성 물질, 친수성 물질, 소수성 물질",,,,,https://www.edunet.net/contsMvGllry/view/152/35043,,2025-04-21,B550629,한국교육학술정보원
형상 기억 물질,,"형상 기억 물질, 형상 기억 합금, 물질의 성질",,,,,https://www.edunet.net/contsMvGllry/view/152/1989716,,2025-04-21,B550629,한국교육학술정보원
고릴라와 오랑우탄,,"고릴라, 오랑우탄, 침팬지, 보노보, 유인원, 닮은 동물",,,,,https://www.edunet.net/contsMvGllry/view/152/26495,,2025-04-21,B550629,한국교육학술정보원
오리너구리 너 정체가 뭐니,,"오리너구리, 단공류, 포유류",,,,,https://www.edunet.net/contsMvGllry/view/152/42677,,2025-04-21,B550629,한국교육학술정보원
동물의 암수 구분,,"동물, 암컷, 수컷, 짝짓기, 혼인색",,,,,https://www.edunet.net/contsMvGllry/view/152/71394,,2025-04-21,B550629,한국교육학술정보원
동물의 양육 과정에서의 암수 역할,,"동물, 동물의 양육 과정, 역할, 짝짓기,",,,,,https://www.edunet.net/contsMvGllry/view/152/88990,,2025-04-21,B550629,한국교육학술정보원
동물에게서 배워요,,"동물의 예지력, 동물, 환경, 변화, 동물의 감각기관, 동물의 시력, 타조,",,,,,https://www.edunet.net/contsMvGllry/view/152/89499,,2025-04-21,B550629,한국교육학술정보원
완전 헷갈리는 해양 포유류,,"해양 포유류, 기각류, 바다동물, 물개, 물범",,,,,https://www.edunet.net/contsMvGllry/view/152/1969546,,2025-04-21,B550629,한국교육학술정보원
물과 얼음이 만든 지형,,"V자 계곡, 계곡, 침식, 퇴적, U자 계곡, 선상지",,,,,https://www.edunet.net/contsMvGllry/view/152/22339,,2025-04-21,B550629,한국교육학술정보원
갯벌,,"갯벌, 바다, 조수, 밀물, 썰물, 조류, 해수의 흐름, 퇴적 지형",,,,,https://www.edunet.net/contsMvGllry/view/152/29907,,2025-04-21,B550629,한국교육학술정보원
폐기물로 에너지 생산하기,,"화석 연료, 신재생 에너지, 폐기물 에너지",,,,,https://www.edunet.net/contsMvGllry/view/152/1971226,,2025-04-21,B550629,한국교육학술정보원
생물이 환경에 적응하는 사례,,생물;환경;적응;초등 3학년 2학기 과학;초3 과학;초4 과학;초등 4학년 2학기 과학;동물의 생활;식물의 생활;생물;환경;적응;물에 사는 생물,,,,,https://www.edunet.net/contsMvGllry/view/152/2048869,,2025-04-21,B550629,한국교육학술정보원
생태계 내 생물들 간의 관계,,생태계;생물;먹이;연쇄;먹이사슬;먹이그물;생태 피라미드;경쟁;공생;기생;초등 3학년 2학기 과학;초3 과학;초4 과학;초등 4학년 2학기 과학;동물의 생활;식물의 생활;생태계;생물,,,,,https://www.edunet.net/contsMvGllry/view/152/2048870,,2025-04-21,B550629,한국교육학술정보원
환경오염과 생태계 파괴,,환경;오염;생태계;파괴;산성비;수질;대기;토양;초등 3학년 2학기 과학;초3 과학;초4 과학;초등 4학년 2학기 과학;동물의 생활;식물의 생활;환경;오염;생태계;파괴;산성비;수질;,,,,,https://www.edunet.net/contsMvGllry/view/152/2048871,,2025-04-21,B550629,한국교육학술정보원
전기력,,전기;정전기;전기력;복사기;공기청정기;중학교 과학;중1 과학;과학1;힘과 운동;중3 과학;과학3;전기와 자기;전기;정전기;전기력;복사기;공기청정기,,,,,https://www.edunet.net/contsMvGllry/view/152/2048872,,2025-04-21,B550629,한국교육학술정보원
실생활에서의 마찰력,,마찰;마찰력;접촉면;중학교 과학;중1 과학;과학1;힘과 운동;마찰;마찰력;접촉면;마찰력이 커서 좋은 경우;마찰력이 작아서 편리한 경우,,,,,https://www.edunet.net/contsMvGllry/view/152/2048873,,2025-04-21,B550629,한국교육학술정보원
타이어 무늬와 마찰력,,자동차;바퀴;무늬;마찰력;타이어;중학교 과학;중1 과학;과학1;힘과 운동;자동차;바퀴;무늬;마찰력;타이어,,,,,https://www.edunet.net/contsMvGllry/view/152/2048874,,2025-04-21,B550629,한국교육학술정보원
속력과 방향이 일정한 운동,,속력;방향;운동;등속직선운동;에스컬레이터;컨베이어;중학교 과학;중1 과학;과학1;힘과 운동;속력;방향;운동;등속직선운동;에스컬레이터;컨베이어,,,,,https://www.edunet.net/contsMvGllry/view/152/2048875,,2025-04-21,B550629,한국교육학술정보원
속력 또는 방향이 변하는 운동,,속력;방향;운동;관람차;바이킹;가속도;중학교 과학;중1 과학;과학1;힘과 운동;속력;방향;운동;관람차;바이킹;가속도,,,,,https://www.edunet.net/contsMvGllry/view/152/2048876,,2025-04-21,B550629,한국교육학술정보원
스포츠와 속력,,스포츠;속력;육상;구기;중학교 과학;중1 과학;과학1;힘과 운동;스포츠;속력;육상;구기;속력 경쟁;구기 종목 공의 속력;육상 선수들의 속력,,,,,https://www.edunet.net/contsMvGllry/view/152/2048877,,2025-04-21,B550629,한국교육학술정보원
동물의 빠르기,,동물;빠르기;속력;중학교 과학;중1 과학;과학1;힘과 운동;동물;빠르기;속력,,,,,https://www.edunet.net/contsMvGllry/view/152/2048878,,2025-04-21,B550629,한국교육학술정보원
헬리코박터 파일로리,,소화;질병;헬리코박터 파일로리;중학교 2학년 과학;중2 과학;소화;순환;호흡;배설;소화;질병;헬리코박터 파일로리;위에도 생명체가 살 수 있을까,,,,,https://www.edunet.net/contsMvGllry/view/152/2048879,,2025-04-21,B550629,한국교육학술정보원
비만이란,,소화;비만;식욕;포만감;중학교 2학년 과학;중2 과학;소화;순환;호흡;배설;소화;비만;식욕;포만감;비만 질환;,,,,,https://www.edunet.net/contsMvGllry/view/152/2048880,,2025-04-21,B550629,한국교육학술정보원
기체 교환과 운반,,기체;교환;운반;셰르파;중학교 2학년 과학;중2 과학;소화;순환;호흡;배설;기체;교환;운반;셰르파;고산 지대의 기압 변화;네팔,,,,,https://www.edunet.net/contsMvGllry/view/152/2048881,,2025-04-21,B550629,한국교육학술정보원
통풍이란,,배설;질병;통풍;중학교 2학년 과학;중2 과학;소화;순환;호흡;배설;배설;질병;통풍;왕의 병;통풍의 원인;배설 기능의 중요성,,,,,https://www.edunet.net/contsMvGllry/view/152/2048882,,2025-04-21,B550629,한국교육학술정보원
혈액의 구성 성분,,혈액;구성;기능;증거;루미놀;중학교 2학년 과학;중2 과학;소화;순환;호흡;배설;혈액;구성;기능;증거;루미놀;과학수사대;혈액의 구성 성분;혈액의 기능,,,,,https://www.edunet.net/contsMvGllry/view/152/2048883,,2025-04-21,B550629,한국교육학술정보원
물리 변화와 화학 변화,,물리;화학;변화;자연;예술;동굴;석회;중학교 3학년 과학;중3 과학;화학 반응에서의 규칙성;물질의 변화;물리;화학;변화;자연;예술;동굴;석회;석회 동굴이 생성되는 원리,,,,,https://www.edunet.net/contsMvGllry/view/152/2048884,,2025-04-21,B550629,한국교육학술정보원
브라우니와 초콜릿 케이크,,화학;반응;빵;가열;중학교 3학년 과학;중3 과학;화학 반응에서의 규칙성;물질의 변화;화학;반응;빵;가열,,,,,https://www.edunet.net/contsMvGllry/view/152/2048885,,2025-04-21,B550629,한국교육학술정보원
물질의 성질과 쓰임새,,물질;염화칼슘;눈;초등 3학년 1학기 과학;과학 3학년 1학기;초3 과학;액체와 기체;초등 3학년 2학기 과학;우리 생활과 물질;초등 5학년 1학기 과학;과학 5학년 1학기;초5 ,,,,,https://www.edunet.net/contsMvGllry/view/152/2048909,,2025-04-21,B550629,한국교육학술정보원
위성을 많이 거느린 행성,,행성;위성;태양계;중학교 3학년 과학;중3 과학;태양계;행성;위성;위성을 가장 많이 거느린 행성,,,,,https://www.edunet.net/contsMvGllry/view/152/2048886,,2025-04-21,B550629,한국교육학술정보원
태양의 특성,,태양;특성;표면;고체;중학교 3학년 과학;중3 과학;태양계;태양;특성;표면;고체;태양계의 중심;태양의 내부,,,,,https://www.edunet.net/contsMvGllry/view/152/2048887,,2025-04-21,B550629,한국교육학술정보원
델린저 현상,,태양;활동;무선;통신;델린저;중학교 3학년 과학;중3 과학;태양계;태양;활동;무선;통신;델린저;통신기술의 발전,,,,,https://www.edunet.net/contsMvGllry/view/152/2048888,,2025-04-21,B550629,한국교육학술정보원
금속의 반응성을 이용한 레몬 전지 만들기,,산;성질;이용;레몬;전지;중학교 3학년 과학;중3 과학;여러 가지 화학 반응;산;성질;이용;레몬;전지;과일을 이용해서 전구를 켤 수 있다;레몬 전지가 작동하는 원리,,,,,https://www.edunet.net/contsMvGllry/view/152/2048889,,2025-04-21,B550629,한국교육학술정보원
우리나라에 산성비가 내리는 까닭은,,화학;반응;산성비;산;중학교 3학년 과학;중3 과학;여러 가지 화학 반응;화학;반응;산성비;산;산성도;pH;산성비의 생성 과정,,,,,https://www.edunet.net/contsMvGllry/view/152/2048890,,2025-04-21,B550629,한국교육학술정보원
일상생활 속 중화 반응,,중화;반응;식초;도마;산;염기;중학교 3학년 과학;중3 과학;여러 가지 화학 반응;중화;반응;식초;도마;산;염기;어패류;산과 염기의 중화 반응;식초로 도마를 닦는 이유,,,,,https://www.edunet.net/contsMvGllry/view/152/2048891,,2025-04-21,B550629,한국교육학술정보원
중화 반응과 염,,중화;반응;염;진주;중학교 3학년 과학;중3 과학;여러 가지 화학 반응;중화;반응;염;진주;산과 염기의 중화 반응,,,,,https://www.edunet.net/contsMvGllry/view/152/2048892,,2025-04-21,B550629,한국교육학술정보원
암은 유전되는 것일까,,"유전, 암의 발생, 우리나라 사람들이 많이 걸리는 암",,,,,https://www.edunet.net/contsMvGllry/view/152/32773,,2025-04-21,B550629,한국교육학술정보원
곤충의 서로 다른 한살이,,완전;불완전;탈바꿈;한 살이;초등 3학년 1학기 과학;과학 3학년 1학기;초3 과학;동물의 한살이;중학교 3학년 과학;과학3;생식과 발생;완전;불완전;탈바꿈;한 살이;자연발생설,,,,,https://www.edunet.net/contsMvGllry/view/152/2048844,,2025-04-21,B550629,한국교육학술정보원
지층이 쌓이는 순서와 시간,,지층;층;퇴적;퇴적암;암석;자갈;모래;초등 3학년 2학기 과학;과학 3학년 2학기;초3 과학;지층과 화석;초등 6학년 1학기 과학;과학 6학년 1학기;초6 과학; 생물과 환경;지층,,,,,https://www.edunet.net/contsMvGllry/view/152/2048845,,2025-04-21,B550629,한국교육학술정보원
부서진 돌이 퇴적암이 되는 과정,,풍화;퇴적암;돌;암석;셰일;이암;사암;역암;석회암;초등 3학년 2학기 과학;과학 3학년 2학기;초3 과학;지층과 화석;초등 3학년 1학기 과학;과학 3학년 1학기;초3 과학;지표의,,,,,https://www.edunet.net/contsMvGllry/view/152/2048846,,2025-04-21,B550629,한국교육학술정보원
퇴적암의 특징과 관찰,,퇴적물;퇴적암;격포리;지층;화석;풍화;암석;초등 3학년 2학기 과학;과학 3학년 2학기;초3 과학;지층과 화석;초등 3학년 1학기 과학;과학 3학년 1학기;초3 과학;지표의 변화;,,,,,https://www.edunet.net/contsMvGllry/view/152/2048847,,2025-04-21,B550629,한국교육학술정보원
지층 속 생물의 흔적,,지층;생물;흔적;화석;과정;초등 3학년 2학기 과학;과학 3학년 2학기;초3 과학;지층과 화석;지층;생물;흔적;화석;과정,,,,,https://www.edunet.net/contsMvGllry/view/152/2048848,,2025-04-21,B550629,한국교육학술정보원
지층과 화석,,"지층;화석;공룡;멸종;시조새;미크로랍토르,;벨로키랍토르;초등 4학년 1학기 과학;과학 4학년 1학기;초4 과학;화산과 지진;중학교 1학년 과학;중1 과학;지구계와 지권의 변화;지층",,,,,https://www.edunet.net/contsMvGllry/view/152/2048849,,2025-04-21,B550629,한국교육학술정보원
물의 증발과 일상생활의 예,,물;증발;소금;수증기;초등 4학년 2학기 과학;과학 4학년 2학기;초4 과학;물의 상태 변화; 물과 우리 생활;물;증발;소금;수증기;운동장의 빗물;세탁물 빨리 말리는 방법,,,,,https://www.edunet.net/contsMvGllry/view/152/2048850,,2025-04-21,B550629,한국교육학술정보원
열의 움직임을 추적하라,,"열전도, 단열, 이글루",,,,,https://www.edunet.net/contsMvGllry/view/152/59176,,2025-04-21,B550629,한국교육학술정보원
뚝배기에 들어 있는 음식은 왜 다 먹을 때까지 뜨거울까,,"비열, 생활 속 비열",,,,,https://www.edunet.net/contsMvGllry/view/152/95023,,2025-04-21,B550629,한국교육학술정보원
차가운 것과 따뜻한 것,,차가운;따뜻한;온도계;초등 3학년 1학기 과학;과학 3학년 1학기;초3 과학;우리 생활과 물질;초등 5학년 1학기 과학;과학 5학년 1학기;초5 과학;온도와 열;중2 과학;중학교 ,,,,,https://www.edunet.net/contsMvGllry/view/152/2048853,,2025-04-21,B550629,한국교육학술정보원
두 물질이 접촉할 때의 온도 변화,,물질;접촉;온도;사람;열평형;초등 3학년 1학기 과학;과학 3학년 1학기;초3 과학;우리 생활과 물질;초등 5학년 1학기 과학;과학 5학년 1학기;초5 과학;온도와 열;중2 과학;,,,,,https://www.edunet.net/contsMvGllry/view/152/2048854,,2025-04-21,B550629,한국교육학술정보원
대류 현상에서의 열 이동,,온도;물체;관찰;냉장고;대류;지각;초등 3학년 1학기 과학;과학 3학년 1학기;초3 과학;우리 생활과 물질;초등 5학년 1학기 과학;과학 5학년 1학기;초5 과학;온도와 열;중2 ,,,,,https://www.edunet.net/contsMvGllry/view/152/2048855,,2025-04-21,B550629,한국교육학술정보원
구름의 생성 과정,,구름;생성;열대;증발;응결;초등 4학년 2학기 과학;과학 4학년 2학기;초4 과학;물의 상태 변화; 초등 5학년 2학기 과학;초5 과학;날씨와 우리 생활’중학교 2학년 과학;과학2,,,,,https://www.edunet.net/contsMvGllry/view/152/2048856,,2025-04-21,B550629,한국교육학술정보원
바람이 부는 원인,,바람;원인;원동력;계절;열용량;초등 4학년 2학기 과학;과학 4학년 2학기;초4 과학;물의 상태 변화; 초등 5학년 2학기 과학;초5 과학;날씨와 우리 생활’중학교 2학년 과학;과,,,,,https://www.edunet.net/contsMvGllry/view/152/2048857,,2025-04-21,B550629,한국교육학술정보원
날씨가 우리 생활에 미치는 영향,,날씨;생활;영향;경영;농사;초등 5학년 2학기 과학;초5 과학;날씨와 우리 생활’중학교 2학년 과학;과학2;기권과 우리 생활;날씨;생활;영향;경영;농사,,,,,https://www.edunet.net/contsMvGllry/view/152/2048858,,2025-04-21,B550629,한국교육학술정보원
물에 녹은 설탕은 다 어디로 간 걸까,,"용액, 용해",,,,,https://www.edunet.net/contsMvGllry/view/152/51493,,2025-04-21,B550629,한국교육학술정보원
용해 현상,,용해;약수;정수;물;초등 3학년 1학기 과학;과학 3학년 1학기;초3 과학;액체와 기체;초등 5학년 1학기 과학;과학 5학년 1학기;초5 과학;용해와 용액;중2 과학;중학교 2학년,,,,,https://www.edunet.net/contsMvGllry/view/152/2048859,,2025-04-21,B550629,한국교육학술정보원
용액의 진하기 비교,,용액;비교;신문;소금;바다;사해;농도;진하기;초등 3학년 1학기 과학;과학 3학년 1학기;초3 과학;액체와 기체;초등 5학년 1학기 과학;과학 5학년 1학기;초5 과학;용해와 용액,,,,,https://www.edunet.net/contsMvGllry/view/152/2048860,,2025-04-21,B550629,한국교육학술정보원
온도와 녹는 양 사이의 관계,,온도;물;설탕;운동에너지;초등 3학년 1학기 과학;과학 3학년 1학기;초3 과학;액체와 기체;초등 5학년 1학기 과학;과학 5학년 1학기;초5 과학;용해와 용액;중2 과학;중학교 ,,,,,https://www.edunet.net/contsMvGllry/view/152/2048861,,2025-04-21,B550629,한국교육학술정보원
신화와 별자리,,"별자리, 신화, 계절별 별자리",,,,,https://www.edunet.net/contsMvGllry/view/152/30221,,2025-04-21,B550629,한국교육학술정보원
계절별 별자리,,계절;별자리;밤하늘;봄;여름;가을;겨울;초등 5학년 1학기 과학;초5 과학 태양계와 별;초등 6학년 1학기 과학;초6 과학;지구와 달의 운동;중학교 3학년 과학;중3 과학;태양계;,,,,,https://www.edunet.net/contsMvGllry/view/152/2048864,,2025-04-21,B550629,한국교육학술정보원
별자리의 기원과 신화,,별자리;기원;신화;관측;초등 5학년 1학기 과학;초5 과학 태양계와 별;초등 6학년 1학기 과학;초6 과학;지구와 달의 운동;중학교 3학년 과학;중3 과학;태양계;외권과 우주 개발,,,,,https://www.edunet.net/contsMvGllry/view/152/2048865,,2025-04-21,B550629,한국교육학술정보원
우주 탐사,,우주;탐사;인터스텔라;비밀;상대성;웜홀;초등 5학년 1학기 과학;초5 과학 태양계와 별;초등 6학년 1학기 과학;초6 과학;지구와 달의 운동;중학교 3학년 과학;중3 과학;태양계;,,,,,https://www.edunet.net/contsMvGllry/view/152/2048866,,2025-04-21,B550629,한국교육학술정보원
낮과 밤이 생기는 까닭,,낮;밤;지구;자전;공전;태양;행성;천동설;지동설;초등 5학년 1학기 과학;초5 과학 태양계와 별;초등 6학년 1학기 과학;초6 과학;지구와 달의 운동;중학교 3학년 과학;중3 과학,,,,,https://www.edunet.net/contsMvGllry/view/152/2048867,,2025-04-21,B550629,한국교육학술정보원
계절에 따라 별자리가 다른 까닭,,계절;별자리;초등 5학년 1학기 과학;초5 과학 태양계와 별;초등 6학년 1학기 과학;초6 과학;지구와 달의 운동;중학교 3학년 과학;중3 과학;태양계;외권과 우주 개발;계절;별자,,,,,https://www.edunet.net/contsMvGllry/view/152/2048868,,2025-04-21,B550629,한국교육학술정보원
신비한 바다 갈라짐,,"지구와 달의 운동, 태양계, 태양계의 이해, 수권의 구성과 순환, 초6 과학, 초등학교 6학년 과학, 중3 과학, 중학교 3학년 과학, 중1 과학, 중학교 1학년 과학, 지구, 달",,,,,https://www.edunet.net/contsMvGllry/view/152/2052827,,2025-04-21,B550629,한국교육학술정보원
달 탐사선 우주인의 생활,,지구;달;탐사선;우주인;초등 4학년 2학기 과학;과학 4학년 2학기;초4 과학;지구와 달;지구;달;탐사선;우주인;우주 비행사,,,,,https://www.edunet.net/contsMvGllry/view/152/2048852,,2025-04-21,B550629,한국교육학술정보원
Hooke의 법칙,,Hooke의 법칙;탄성력의 크기;탄성력;탄성력의 크기에 영향을 주는 것;훅의 법칙;탄성 계수;용수철 상수;탄성 한계;소성;로버트 훅;초등학교 4학년 과학 무게 재기;초4 과학 무게,,,,,https://www.edunet.net/contsMvGllry/view/152/12541,,2025-04-21,B550629,한국교육학술정보원
용수철을 연결하면,,용수철;혹의 법칙;용수철의 직렬 연결;용수철의 병렬 연결;용수철 직렬 연결과 병렬 연결의 차이;중학교 과학 힘과 운동,,,,,https://www.edunet.net/contsMvGllry/view/152/89448,,2025-04-21,B550629,한국교육학술정보원
탄성의 이용,,탄성의 이용;탄성을 이용하는 물체;용수철 저울;용수철 저울 사용 방법;초등학교 4학년 과학 무게 재기;초4 과학 무게 재기;중학교 과학 힘과 운동,,,,,https://www.edunet.net/contsMvGllry/view/152/2010846,,2025-04-21,B550629,한국교육학술정보원
대륙에 대한 과거의 가설,,대륙에 대한 과거의 가설;지구 수축설;육교설;대륙 이동설;판구조론;중학교 과학 지구계와 지권의 변화,,,,,https://www.edunet.net/contsMvGllry/view/152/20967,,2025-04-21,B550629,한국교육학술정보원
베게너와 대륙 이동설,,베게너;대륙 이동설;판게아;대륙 이동;중학교 과학 지구계와 지권의 변화,,,,,https://www.edunet.net/contsMvGllry/view/152/1982234,,2025-04-21,B550629,한국교육학술정보원
판구조론이 탄생하기까지,,판구조론 탄생;홈즈의 맨틀 대류설;맨틀의 대류;해저 확장설;변환 단층;신지구 구조론;중학교 과학 지구계와 지권의 변화,,,,,https://www.edunet.net/contsMvGllry/view/152/2009090,,2025-04-21,B550629,한국교육학술정보원
우리나라 주변의 해류,,우리나라 주변의 해류;해류의 대순환;쿠로시오 해류;리만 해류;조경 수역;조경 수역 위치;중학교 과학 수권의 구성과 순환;고등학교 과학 해수의 운동과 순환,,,,,https://www.edunet.net/contsMvGllry/view/152/52478,,2025-04-21,B550629,한국교육학술정보원
엘니뇨와 라니냐,,엘니뇨;라니냐;엘니뇨 현상;라니냐 현상;엘니뇨와 기상 이변;라니냐에 의한 기상 이변;중학교 과학 수권의 구성과 순환;고등학교 과학 해수의 운동과 순환,,,,,https://www.edunet.net/contsMvGllry/view/152/2011474,,2025-04-21,B550629,한국교육학술정보원
현미경의 종류,,현미경의 종류;광학 현미경;광학 현미경에 사용되는 렌즈;생물 현미경;생물 현미경의 구조;현미경의 구조;현미경 사용방법;실체 현미경;위상차 현미경;편광 현미경;전자 현미경;광학 현미,,,,,https://www.edunet.net/contsMvGllry/view/152/10606,,2025-04-21,B550629,한국교육학술정보원
현미경의 역사,,현미경의 역사;현미경의 발명;현미경;현미경의 발전;최초의 현미경;초등학교 3학년 과학 동물의 세계;초3 과학 동물의 시계;초등학교 5학년 과학 작은 생물의 세계;초5 과학 작은 생,,,,,https://www.edunet.net/contsMvGllry/view/152/79209,,2025-04-21,B550629,한국교육학술정보원
혼합물이란,,혼합물;순물질;균일 혼합물;불균일 혼합물;우리 주변의 혼합물;혈액;혈액을 구성하는 물질들;암석;콘크리트;공기;초등학교 3학년 과학 혼합물의 분리;초3 과학 혼합물의 분리;초등학교 ,,,,,https://www.edunet.net/contsMvGllry/view/152/14211,,2025-04-21,B550629,한국교육학술정보원
고체 혼합물의 분리,,고체 혼합물의 분리;대추 선별기;자석을 이용한 혼합물 분리;체를 이용한 혼합물 분리;소금과 깨의 분리;철 캔과 알루미늄캔 분리;초등학교 3학년 과학 혼합물의 분리;초3 과학 혼합물,,,,,https://www.edunet.net/contsMvGllry/view/152/63348,,2025-04-21,B550629,한국교육학술정보원
액체 혼합물의 분리,,액체 혼합물의 분리;증류;증류주;증류주를 만드는 소줏고리;물과 기름의 분리;한지로 요리 기름 제거;한지로 기름 제거;바다에 유출된 기름의 제거;흡유볼;흡유볼을 이용한 기름의 제거;,,,,,https://www.edunet.net/contsMvGllry/view/152/66200,,2025-04-21,B550629,한국교육학술정보원
알록달록 사인펜 색깔의 비밀,,"사인펜, 크로마토그래피",,,,,https://www.edunet.net/contsMvGllry/view/152/80195,,2025-04-21,B550629,한국교육학술정보원
"얼지 않는 물, 부동액은 어떻게 만들까",,"얼지 않는 물, 부동액",,,,,https://www.edunet.net/contsMvGllry/view/152/97769,,2025-04-21,B550629,한국교육학술정보원
해수 담수화,,해수 담수화;증류법;증류법의 단점;증류법의 기본 원리;냉동법;냉동법의 단점;역삼투법;역삼투법의 단점;전기 투석법;신재생 에너지;압력지연삼투;역전기투석;압력지연삼투 발전;압력지연삼투,,,,,https://www.edunet.net/contsMvGllry/view/152/4691,,2025-04-21,B550629,한국교육학술정보원
염분,,염분;염류;염화나트륨;염화마그네슘;염분을 나타내는 단위;세계에서 가장 염분이 높은 곳;염분 측정 방법;중학교 과학 수권의 구성과 순환;고등학교 과학 해수의 운동과 순환,,,,,https://www.edunet.net/contsMvGllry/view/152/1970249,,2025-04-21,B550629,한국교육학술정보원
염분의 변화,,염분의 변화;위도별 증발량;위도별 강수량;우리나라 주변 바다의 표층 염분;염분에 영향을 미치는 요인;염분비 일정의 법칙;해류 대순환의 원리;지구 온난화;중학교 과학 수권의 구성과 ,,,,,https://www.edunet.net/contsMvGllry/view/152/2013398,,2025-04-21,B550629,한국교육학술정보원
해양 자원 개발,,해양;광물;자원;바다;중학교 1학년 과학;과학1;중학교 과학;지구계와 지권의 변화;해양;광물;자원;바다;다양한 해양 자원,,,,,https://www.edunet.net/contsMvGllry/view/152/2048931,,2025-04-21,B550629,한국교육학술정보원
대류의 이용,,대류의 이용;에어컨과 난로의 위치;공기의 이동;열기구의 모습;열기구 조종 방법;미지근한 물 만들기;초등학교 5학년 과학 온도와 열;초5 과학 온도와 열;중학교 과학 열과 우리 생활,,,,,https://www.edunet.net/contsMvGllry/view/152/74763,,2025-04-21,B550629,한국교육학술정보원
지구 규모의 대류,,지구 규모의 대류;대기의 대류;대류현상;대기 대순환;해류;구름의 이동;우리나라 주변 구름의 이동 방향;대기의 순환 이유;바닷물 대류;표층해류;심층해류;해류의 흐름 지도;초등학교 5,,,,,https://www.edunet.net/contsMvGllry/view/152/1979482,,2025-04-21,B550629,한국교육학술정보원
대류란 무엇인가,,대류;유체에서 열이 이동하는 방법;열 이동하는 방법;전도;대류;복사;대류 현상 확인할 수 있는 실험;초등학교 5학년 과학 온도와 열;초5 과학 온도와 열;중학교 과학 열과 우리 생,,,,,https://www.edunet.net/contsMvGllry/view/152/2020937,,2025-04-21,B550629,한국교육학술정보원
우리나라의 식용 곤충들,,"식용 곤충, 미래 식량, 곤충 산업",,,,,https://www.edunet.net/contsMvGllry/view/152/2000286,,2025-04-21,B550629,한국교육학술정보원
곤충의 한살이 관찰 계획,,곤충;관찰;한 살이;파브르;연구;자연;경험주의;초등 3학년 1학기 과학;과학 3학년 1학기;초3 과학;동물의 한살이;곤충;관찰;한 살이;파브르;연구;자연;경험주의,,,,,https://www.edunet.net/contsMvGllry/view/152/2048842,,2025-04-21,B550629,한국교육학술정보원
곤충의 번식 과정,,곤충;번식;짝짓기;산란;암컷;수컷;모성애;부성애;초등 3학년 1학기 과학;과학 3학년 1학기;초3 과학;동물의 한살이;중학교 3학년 과학;과학3;생식과 발생;곤충;번식;짝짓기;산란,,,,,https://www.edunet.net/contsMvGllry/view/152/2048843,,2025-04-21,B550629,한국교육학술정보원
"우리의 음악 유산, 처용무",,"처용무, 국악, 궁중 무용, 삼현육각, 설화",,,,,https://www.edunet.net/contsMvGllry/view/152/88756,,2025-04-21,B550629,한국교육학술정보원
중력 가속도,,중력 가속도;중력의 크기에 미치는 요인;중력의 크기;갈릴레이 실험;피사의 사탑에서 공 낙하 실험;중학교 과학 힘과 운동;고등학교 과학 태양계와 지구,,,,,https://www.edunet.net/contsMvGllry/view/152/2014871,,2025-04-21,B550629,한국교육학술정보원
중력의 영향,,스마트폰;중력;감지;중력;중학교 1학년 과학;과학1;중학교 과학;힘과 운동;스마트폰;중력;감지;중력;디지털 기기의 중력 센서;감지 장치;다양한 센서의 발달,,,,,https://www.edunet.net/contsMvGllry/view/152/2048930,,2025-04-21,B550629,한국교육학술정보원
지구의 생김새,,천동설;지동설;프톨레마이오스의 우주 체계;코페르니쿠스의 우주 체계;지구의 운동;태양의 일주 운동;지구의 자전 주기;별의 일주 운동;초등학교 2학년 과학 낮과 밤이 달라요;초2 과학,,,,,https://www.edunet.net/contsMvGllry/view/152/61654,,2025-04-21,B550629,한국교육학술정보원
달의 생김새,,달의 생김새;달의 모습;달의 바다;달의 육지;크레이터;달의 낮과 밤;지구에서 보았을 때 달의 모양이 바뀌는 이유;달의 모양 변화;달의 탄생;초등학교 3학년 과학 지구와 달;초3 과,,,,,https://www.edunet.net/contsMvGllry/view/152/98967,,2025-04-21,B550629,한국교육학술정보원
지구와 달의 공통점과 차이점,,지구와 달의 공통점;지구와 달의 차이점;지구의 표면;달의 표면;지구와 달에서 보는 하늘;초등학교 3학년 과학 지구와 달;초3 과학 지구와 달;초등학교 4학년 과학 지구와 달;초4 ,,,,,https://www.edunet.net/contsMvGllry/view/152/1999338,,2025-04-21,B550629,한국교육학술정보원
달의 생김새,,달;발자국;행성;물;공기;초등 4학년 2학기 과학;과학 4학년 2학기;초4 과학;지구와 달;달;발자국;행성;물;공기,,,,,https://www.edunet.net/contsMvGllry/view/152/2048851,,2025-04-21,B550629,한국교육학술정보원
국악 기악 음악의 연주 형태,,"국악, 기악, 독주, 병주, 합주, 기악곡, 대취타, 시나위, 사물놀이, 풍물놀이",,,,,https://www.edunet.net/contsMvGllry/view/152/1965803,,2025-04-21,B550629,한국교육학술정보원
고려시대~근현대 음악 이야기,,"우리나라, 음악사, 고려시대, 조선시대, 근현대, 역사",,,,,https://www.edunet.net/contsMvGllry/view/152/1968816,,2025-04-21,B550629,한국교육학술정보원
"우리의 음악 유산, 아리랑·가곡·농악·남사당놀이",,"아리랑, 가곡, 농악, 남사당놀이, 세계인류무형문화유산",,,,,https://www.edunet.net/contsMvGllry/view/152/1994176,,2025-04-21,B550629,한국교육학술정보원
국악과 서양 음악의 만남 : Crossover,,"크로스오버, 국악, 판소리, 재즈, 대중음악",,,,,https://www.edunet.net/contsMvGllry/view/152/2001410,,2025-04-21,B550629,한국교육학술정보원
"우리의 음악 유산, 강강술래",,"강강술래, 강강수월래, 민속놀이, 중요무형문화재, 전통 놀이",,,,,https://www.edunet.net/contsMvGllry/view/152/2001790,,2025-04-21,B550629,한국교육학술정보원
우리의 소리를 찾아서 - 아리랑,,"아리랑, 경기 아리랑, 정선 아리랑, 밀양 아리랑, 진도 아리랑,  세계 문화유산",,,,,https://www.edunet.net/contsMvGllry/view/152/2078908,,2025-04-21,B550629,한국교육학술정보원
사물놀이,,"사물놀이, 풍물 놀이, 김덕수, 가락, 난타",,,,,https://www.edunet.net/contsMvGllry/view/152/2078909,,2025-04-21,B550629,한국교육학술정보원
지역별 탈놀이,,"탈놀이, 서민문화, 탈춤, 지역별",,,,,https://www.edunet.net/contsMvGllry/view/152/2078910,,2025-04-21,B550629,한국교육학술정보원
랩과 힙합의 세계,,"랩, 힙합, 디제잉, 그래피티, 브레이크 댄스",,,,,https://www.edunet.net/contsMvGllry/view/152/2078911,,2025-04-21,B550629,한국교육학술정보원
광고 음악,,"광고 음악, 소닉 브랜딩, 징글, BGM, 배경음악, 로고사운드",,,,,https://www.edunet.net/contsMvGllry/view/152/23350,,2025-04-21,B550629,한국교육학술정보원
버스킹,,"버스킹, 버스커, 거리 공연, 가수, 문화",,,,,https://www.edunet.net/contsMvGllry/view/152/57187,,2025-04-21,B550629,한국교육학술정보원
케이팝,,"케이팝, K-pop, 아이돌, 빌보드, 연예인, 가수",,,,,https://www.edunet.net/contsMvGllry/view/152/2012730,,2025-04-21,B550629,한국교육학술정보원
뮤지컬 이야기,,"뮤지컬, 오페라, 뮤지컬의 특성, 뮤지컬의 구성요소",,,,,https://www.edunet.net/contsMvGllry/view/152/2078912,,2025-04-21,B550629,한국교육학술정보원
음악의 미래 - 인공지능,,"인공지능, 4차 산업,  음악의 미래",,,,,https://www.edunet.net/contsMvGllry/view/152/2078927,,2025-04-21,B550629,한국교육학술정보원
다양한 음악인들의 세계(1),,"음악인, 음악과 관련된 직업, 음악관련 직업",,,,,https://www.edunet.net/contsMvGllry/view/152/2078928,,2025-04-21,B550629,한국교육학술정보원
다양한 음악인들의 세계(2),,"음악인, 음악과 관련된 직업, 음악관련 직업",,,,,https://www.edunet.net/contsMvGllry/view/152/2078929,,2025-04-21,B550629,한국교육학술정보원
크롬 뮤직랩 송 메이커를 활용한 작곡 놀이,,"작곡, 작곡 놀이, 리듬 창작, 가락 창작, 크롬 뮤직랩, 송 메이커, 멜로디 메이커",,,,,https://www.edunet.net/contsMvGllry/view/152/79786,,2025-04-21,B550629,한국교육학술정보원
정간보를 활용한 리듬 말놀이,,"리듬, 정간보, 리듬놀이, 전통 음악, 악보",,,,,https://www.edunet.net/contsMvGllry/view/152/87689,,2025-04-21,B550629,한국교육학술정보원
스마트폰과 음악교육,,"스마트폰, 앱, 가상 악기, 작곡, 음악 교육",,,,,https://www.edunet.net/contsMvGllry/view/152/1971444,,2025-04-21,B550629,한국교육학술정보원
컵으로 연주하는 난타,,"컵타, 난타, 리듬, 연주하기, 타악기, 실습",,,,,https://www.edunet.net/contsMvGllry/view/152/2005495,,2025-04-21,B550629,한국교육학술정보원
몸타,,"몸타, 스텀프, 스텝핑, 검부츠, 연주하기",,,,,https://www.edunet.net/contsMvGllry/view/152/2012959,,2025-04-21,B550629,한국교육학술정보원
노래가 있는 전래놀이 이야기,,"전래놀이, 고무줄 놀이, 흙집짓기, 손뼉치기, 전래동요",,,,,https://www.edunet.net/contsMvGllry/view/152/2078913,,2025-04-21,B550629,한국교육학술정보원
서양 음악의 형식,,"서양 음악, 성악곡, 기악곡, 형식, 동기, 마디, 악절",,,,,https://www.edunet.net/contsMvGllry/view/152/35674,,2025-04-21,B550629,한국교육학술정보원
여러 가지 박자와 리듬꼴,,"박, 박자, 일정박, 박자표, 리듬, 셈여림",,,,,https://www.edunet.net/contsMvGllry/view/152/62404,,2025-04-21,B550629,한국교육학술정보원
피타고라스 음계,,"음악사, 음계, 게이름, 화음, 피타고라스, 귀도 다레초",,,,,https://www.edunet.net/contsMvGllry/view/152/1977728,,2025-04-21,B550629,한국교육학술정보원
우리 음악의 형식,,"우리나라 음악, 형식, 국악, 성악곡, 기악곡",,,,,https://www.edunet.net/contsMvGllry/view/152/2003821,,2025-04-21,B550629,한국교육학술정보원
음표의 종류와 길이,,"음표, 음표의 종류, 음표의 길이, 셋잇단음표, 마디",,,,,https://www.edunet.net/contsMvGllry/view/152/2022423,,2025-04-21,B550629,한국교육학술정보원
반복 구조의 아름다움,,"반복 구조, 형식, 후크송, 루프 기법, 론도",,,,,https://www.edunet.net/contsMvGllry/view/152/2078914,,2025-04-21,B550629,한국교육학술정보원
오페라 속 이야기(1) - 사랑의 묘약,,"오페라 속 이야기, 사랑의 묘약, 도나체티, 남 몰래 흘리는 눈물, 파바로티",,,,,https://www.edunet.net/contsMvGllry/view/152/2078915,,2025-04-21,B550629,한국교육학술정보원
오페라 속 이야기(2) - 여성 아리아,,"오페라 속 이야기, 여성 아리아, 모차르트, 마술 피리, 밤의 여왕의 아리아",,,,,https://www.edunet.net/contsMvGllry/view/152/2078916,,2025-04-21,B550629,한국교육학술정보원
오페라 속 이야기(3) - 남성 아리아,,"오페라 속 이야기, 남성 아리아, 넬슨 도르마, 아무도 잠들지 못하고, 푸치니",,,,,https://www.edunet.net/contsMvGllry/view/152/2078917,,2025-04-21,B550629,한국교육학술정보원
"발레곡의 대가, 차이콥스키",,"차이콥스키, 백조의 호수, 호두까기 인형, 잠자는 숲 속의 공주, 발레 음악",,,,,https://www.edunet.net/contsMvGllry/view/152/2078918,,2025-04-21,B550629,한국교육학술정보원
악기 만들기,,"소리의 높낮이, 악기 만들기, 연주하기, 실습",,,,,https://www.edunet.net/contsMvGllry/view/152/38024,,2025-04-21,B550629,한국교육학술정보원
"음악의 재료, 소리",,"소리, 소리의 3요소, 진동, 진동수, 진폭, 음색",,,,,https://www.edunet.net/contsMvGllry/view/152/2000326,,2025-04-21,B550629,한국교육학술정보원
"부드럽게, 강하게, 우아하게",,"음악의 셈여림, 하이든, 소나타 형식, 교향곡 놀람",,,,,https://www.edunet.net/contsMvGllry/view/152/2078919,,2025-04-21,B550629,한국교육학술정보원
즐거운 리듬과 박자,,"리듬, 박자, 음표, 아름답고 푸른 도나우강",,,,,https://www.edunet.net/contsMvGllry/view/152/2078920,,2025-04-21,B550629,한국교육학술정보원
빠른 음악 느린 음악,,"빠르기표, 빠르기, 메트로놈, 림스키 코르사코프, 왕벌의 비행",,,,,https://www.edunet.net/contsMvGllry/view/152/2078921,,2025-04-21,B550629,한국교육학술정보원
아름다운 선율과 화성,,"음, 음정, 선율, 화성, 음자리표, 음이름, 계이름, 바흐, 화음",,,,,https://www.edunet.net/contsMvGllry/view/152/2078922,,2025-04-21,B550629,한국교육학술정보원
우리와 늘 함께하는 음악,,"생활 속 음악, 일상, 음악과 삶, 축제, 무언의 메시지",,,,,https://www.edunet.net/contsMvGllry/view/152/10375,,2025-04-21,B550629,한국교육학술정보원
"음악으로 희망을, ‘엘 시스테마’",,"엘시스테마, 베네수엘라, 오케스트라, 음악 교육, 비전, 꿈",,,,,https://www.edunet.net/contsMvGllry/view/152/50423,,2025-04-21,B550629,한국교육학술정보원
음악의 효과,,"음악의 효과, 음악 치료, 심리치료, 능률, 음악의 즐거움",,,,,https://www.edunet.net/contsMvGllry/view/152/1993867,,2025-04-21,B550629,한국교육학술정보원
꿈의 오케스트라,,"엘 시스테마, 오케스트라, 꿈의 오케스트라, 시스테마 고텐버그, SEYO, 음악 교육",,,,,https://www.edunet.net/contsMvGllry/view/152/1995358,,2025-04-21,B550629,한국교육학술정보원
세상에서 가장 아름다운 피리를 연주하다,,"피리 연주가, 최명화",,,,,https://www.edunet.net/contsMvGllry/view/152/2078923,,2025-04-21,B550629,한국교육학술정보원
애니메이션과 음악,,"음악과 애니메이션, 애니메이션 음악, BGM, 영화, 만화",,,,,https://www.edunet.net/contsMvGllry/view/152/64523,,2025-04-21,B550629,한국교육학술정보원
음악을 눈으로 보다,,"클래식, 음악, 애니메이션, 환타지아, 판타지아, 뒤가, 뒤카 마법사의 제자, 마법사와 도제, 차이코프스키, 호두까기 인형",,,,,https://www.edunet.net/contsMvGllry/view/152/2015453,,2025-04-21,B550629,한국교육학술정보원
"The Classic, 영화 같은 삶",,"영화 음악, 아마데우스, 불멸의 연인, 카핑베토벤",,,,,https://www.edunet.net/contsMvGllry/view/152/2078925,,2025-04-21,B550629,한국교육학술정보원
영화보다 빛나는 영화음악,,"영화 음악, 자라투스트는 이렇게 말했다, 현을 위한 아다지오, 스타워즈, 넬라 판타지아",,,,,https://www.edunet.net/contsMvGllry/view/152/2078926,,2025-04-21,B550629,한국교육학술정보원
우쿨렐레 - 하와이를 넘어 세계로,,"우쿨렐레, 민속 악기, 하와이, 마체테",,,,,https://www.edunet.net/contsMvGllry/view/152/2020071,,2025-04-21,B550629,한국교육학술정보원
음악의 아버지와 어머니 - 바흐와 헨델,,"바흐, 헨델, 음악의 아버지, 음악의 어머니, 바로크 시대",,,,,https://www.edunet.net/contsMvGllry/view/152/2078930,,2025-04-21,B550629,한국교육학술정보원
낭만주의 음악가들,,"낭만주의, 슈베르트, 베를리오즈, 무소르그스키, 표제음악",,,,,https://www.edunet.net/contsMvGllry/view/152/2078931,,2025-04-21,B550629,한국교육학술정보원
"피아노, 클래식 음악 역사의 중심에 서다",,"피아노, 바흐, 모차르트, 베토벤, 슈베르트, 벨라 바르톡",,,,,https://www.edunet.net/contsMvGllry/view/152/2078932,,2025-04-21,B550629,한국교육학술정보원
슈베르트 - 낭만주의의 시작,,"낭만주의, 슈베르트, 가곡의 왕, 엘렌의 세번째 노래",,,,,https://www.edunet.net/contsMvGllry/view/152/2078933,,2025-04-21,B550629,한국교육학술정보원
드보르작  - 낭만주의 속의 고전파,,"드보르작, 민족주의 음악가, 신세계에서, 아메리카",,,,,https://www.edunet.net/contsMvGllry/view/152/2078934,,2025-04-21,B550629,한국교육학술정보원
"낭만시대 피아노의 시인, ‘쇼팽’",,"클래식, 서양, 쇼팽, 낭만시대, 작곡가",,,,,https://www.edunet.net/contsMvGllry/view/152/39899,,2025-04-21,B550629,한국교육학술정보원
"피아노 비르투오소, ‘리스트’",,"비르투오소, 리스트, 서양 음악, 작곡가, 피아노",,,,,https://www.edunet.net/contsMvGllry/view/152/2004903,,2025-04-21,B550629,한국교육학술정보원
세기의 연주가 - 파가니니,,"파가니니, 악마의 바이올리니스트",,,,,https://www.edunet.net/contsMvGllry/view/152/2078935,,2025-04-21,B550629,한국교육학술정보원
세기의 연주가 - 스비아토슬라프 리히터,,"스비아토슬라프 리히터, 피아니스트",,,,,https://www.edunet.net/contsMvGllry/view/152/2078936,,2025-04-21,B550629,한국교육학술정보원
"엄지손가락 피아노, ‘칼림바’",,"칼림바, 아프리카, 민속악기, 엄지피아노, 체명악기",,,,,https://www.edunet.net/contsMvGllry/view/152/1422,,2025-04-21,B550629,한국교육학술정보원
리코더의 역사와 종류,,"리코더, 리코더의 역사, 리코더의 종류, 소프라노 리코더, 알토 리코더",,,,,https://www.edunet.net/contsMvGllry/view/152/26348,,2025-04-21,B550629,한국교육학술정보원
장구로 민요 장단을 연주해요,,"세마치장단, 굿거리장단, 자진모리장단, 장구, 전통 악기",,,,,https://www.edunet.net/contsMvGllry/view/152/68823,,2025-04-21,B550629,한국교육학술정보원
"쇠, 돌, 바가지, 흙, 가죽, 나무로 만든 악기",,"편종, 꽹과리, 나발, 편경, 특경, 생황, 훈, 부, 장구, 박",,,,,https://www.edunet.net/contsMvGllry/view/152/70108,,2025-04-21,B550629,한국교육학술정보원
자연을 닮은 악기 재료 8음,,"8음, 악기 재료, 국악, 전통 악기, 악학궤범",,,,,https://www.edunet.net/contsMvGllry/view/152/70688,,2025-04-21,B550629,한국교육학술정보원
"실, 대나무로 만든 악기",,"8음, 사부, 죽부, 가야금, 거문고, 해금, 아쟁, 피리, 대금, 소금, 단소",,,,,https://www.edunet.net/contsMvGllry/view/152/74704,,2025-04-21,B550629,한국교육학술정보원
리코더에 어떻게 숨을 불어 넣을까,,"리코더, 리코더의 구조, 리코더 텅잉, 리코더 운지법, 리코더 연주",,,,,https://www.edunet.net/contsMvGllry/view/152/1992521,,2025-04-21,B550629,한국교육학술정보원
현악기의 세계 - 바이올린,,"바이올린, 주요 선율",,,,,https://www.edunet.net/contsMvGllry/view/152/2078904,,2025-04-21,B550629,한국교육학술정보원
피아노의 세계에 여러분을 초대합니다현악기의 세계 - 바이올린,,"피아노, 악기의 제왕, 타현악기, 하프시코드",,,,,https://www.edunet.net/contsMvGllry/view/152/2078905,,2025-04-21,B550629,한국교육학술정보원
시와 노래와 피아노 반주의 일체 ‘예술가곡’,,"예술가곡, 시, 성악곡, 독창, 독일 음악, 19세기, 낭만주의",,,,,https://www.edunet.net/contsMvGllry/view/152/17836,,2025-04-21,B550629,한국교육학술정보원
서양 기악 음악의 연주 형태,,"기악, 기악곡, 서양 음악, 연주, 모차르트, 중주, 합주",,,,,https://www.edunet.net/contsMvGllry/view/152/77456,,2025-04-21,B550629,한국교육학술정보원
오토마타 장치 실험실,,"오토마타, 융합, 키네틱아트, 기계, 장난감",,,,,https://www.edunet.net/contsMvGllry/view/152/44218,,2025-04-21,B550629,한국교육학술정보원
모션 실험실,,"스톱모션 애니메이션, 컷 편집, 장노출, 영화, 모션 그래픽",,,,,https://www.edunet.net/contsMvGllry/view/152/1977235,,2025-04-21,B550629,한국교육학술정보원
빛과 카메라 옵스큐라,,"카메라 옵스큐라, 빛, 레오나르도 다빈치, 정약용",,,,,https://www.edunet.net/contsMvGllry/view/152/2078856,,2025-04-21,B550629,한국교육학술정보원
"물과 기름의 예술, 마블링",,"마블링, 에브루",,,,,https://www.edunet.net/contsMvGllry/view/152/2078857,,2025-04-21,B550629,한국교육학술정보원
명화야 놀자 모나리자의 변신,,"패러디, 오마주, 모나리자, 레오나르도 다빈치, 마르셀 뒤샹",,,,,https://www.edunet.net/contsMvGllry/view/152/1990224,,2025-04-21,B550629,한국교육학술정보원
반전과 평화의 상징 ’게르니카’,,"파블로 피카소, 게르니카, 청색시대, 입체파",,,,,https://www.edunet.net/contsMvGllry/view/152/2078858,,2025-04-21,B550629,한국교육학술정보원
미술 용어 속 이야기1 - 트롱프 뢰유,,"트롱프 뢰유, 정물화, 3D 스트리트 아트",,,,,https://www.edunet.net/contsMvGllry/view/152/2078867,,2025-04-21,B550629,한국교육학술정보원
미술 용어 속 이야기2 - 스탕달 신드롬,,"스탕달 신드롬, 비너스의 탄생, 다비드 상, 로스코",,,,,https://www.edunet.net/contsMvGllry/view/152/2078868,,2025-04-21,B550629,한국교육학술정보원
"폴 세잔, 사과로 세상을 지배하다",,"폴 세잔, 사과, 정물화",,,,,https://www.edunet.net/contsMvGllry/view/152/2078869,,2025-04-21,B550629,한국교육학술정보원
"상징적 색채의 시작, 폴 고갱",,"폴 고갱, 반 고흐, 상징주의, 종합주의",,,,,https://www.edunet.net/contsMvGllry/view/152/2078870,,2025-04-21,B550629,한국교육학술정보원
읽을까 볼까 타이포그래피,,"타이포그래피, 표현 방법, 조형 요소, 조형 원리, 서체 디자인, 글씨 디자인",,,,,https://www.edunet.net/contsMvGllry/view/152/12787,,2025-04-21,B550629,한국교육학술정보원
마술적인 사진 촬영,,"사진, 카메라, 촬영 기법, 착시사진, 다중노출, 연속 촬영",,,,,https://www.edunet.net/contsMvGllry/view/152/69644,,2025-04-21,B550629,한국교육학술정보원
바나나가 작품이라고,,"현대 미술, 개념 미술, 패러디, 설치 미술, 미켈란젤로 부오나로티, 마우리치오 카텔란",,,,,https://www.edunet.net/contsMvGllry/view/152/76468,,2025-04-21,B550629,한국교육학술정보원
데이터가 말을 한다고,,"정보 시각화, 인포그래픽, 표현 방법, 소재, 주제",,,,,https://www.edunet.net/contsMvGllry/view/152/82262,,2025-04-21,B550629,한국교육학술정보원
여러 가지 표현 기법,,"프로타주, 콜라주, 마블링, 배틱",,,,,https://www.edunet.net/contsMvGllry/view/152/82888,,2025-04-21,B550629,한국교육학술정보원
빛으로 그리는 그림,,"라이트 아트, 셔터 스피드, DSLR 카메라, 사진, 빛",,,,,https://www.edunet.net/contsMvGllry/view/152/1963477,,2025-04-21,B550629,한국교육학술정보원
"미술일까, 아닐까 AI 아트의 세계",,"AI 아트, 머신 아트, 로봇 아트, 제너레이티브 아트, 컴퓨터 아트, 알고리즘",,,,,https://www.edunet.net/contsMvGllry/view/152/1970465,,2025-04-21,B550629,한국교육학술정보원
"세상에서 가장 큰 미술, 대지미술",,"대지미술, 가장 큰 미술, 자연을 이용한",,,,,https://www.edunet.net/contsMvGllry/view/152/2078859,,2025-04-21,B550629,한국교육학술정보원
관객과 작품이 서로 소통하는 미술  인터렉티브 아트,,"인터렉티브 아트, 상호작용, 디지털 미디어, 관객, 소통",,,,,https://www.edunet.net/contsMvGllry/view/152/2078860,,2025-04-21,B550629,한국교육학술정보원
"음식으로 표현하는 예술, 푸드아트",,"푸드아트, 음식",,,,,https://www.edunet.net/contsMvGllry/view/152/2078861,,2025-04-21,B550629,한국교육학술정보원
미술작품 100배 즐기기,,"체험하는 미술, 설치 미술, 행위 예술",,,,,https://www.edunet.net/contsMvGllry/view/152/2078862,,2025-04-21,B550629,한국교육학술정보원
세계의 미술 축제,,"미술축제, 바젤 아트 페어, 베니스 비엔날레, 카셀 도큐멘타,뮌스터 조각 프로젝트",,,,,https://www.edunet.net/contsMvGllry/view/152/2078871,,2025-04-21,B550629,한국교육학술정보원
미술관 밖으로 나간 미술,,"현대미술, 상호작용, 전시 공간",,,,,https://www.edunet.net/contsMvGllry/view/152/2078872,,2025-04-21,B550629,한국교육학술정보원
현대조각,,"현대조각, 극사실주의 조각, 빛의 조각, 낯섦",,,,,https://www.edunet.net/contsMvGllry/view/152/2078873,,2025-04-21,B550629,한국교육학술정보원
몸,,"몸, 인간, 움직임, 세상, 현대미술",,,,,https://www.edunet.net/contsMvGllry/view/152/2078874,,2025-04-21,B550629,한국교육학술정보원
유니버설 디자인,,"모두를 위한 디자인, 유니버설 디자인, 일반성, 보편성, 소외 계층",,,,,https://www.edunet.net/contsMvGllry/view/152/2309,,2025-04-21,B550629,한국교육학술정보원
웰컴 투 방구석 미술관,,"구글 아트 앤 컬처, AR, VR, 가상미술관",,,,,https://www.edunet.net/contsMvGllry/view/152/20225,,2025-04-21,B550629,한국교육학술정보원
가치를 Up 업사이클링 디자인,,"업사이클링, 새활용, 재활용, 환경 보호, 리사이클링",,,,,https://www.edunet.net/contsMvGllry/view/152/22580,,2025-04-21,B550629,한국교육학술정보원
나도 마법 지도가 갖고 싶어요,,"장소감, 지도, 주제도, 표현 방법, 재료와 용구, 메이커, 메이커 교육, 융합인재교육, 미술 중심 융합인재교육",,,,,https://www.edunet.net/contsMvGllry/view/152/47226,,2025-04-21,B550629,한국교육학술정보원
재미있는 패키지 디자인,,"패키지 디자인, 포장 디자인, 상품, 상업 디자인, 시각 디자인",,,,,https://www.edunet.net/contsMvGllry/view/152/49131,,2025-04-21,B550629,한국교육학술정보원
우리들의 놀이터는 우리 손으로,,"입체 조형, 발상, 놀이터 디자인, 건축, 테오 반 데어부르크, 알도 반 아이크",,,,,https://www.edunet.net/contsMvGllry/view/152/93909,,2025-04-21,B550629,한국교육학술정보원
"상상력 뿜뿜 움직이는 그림, 애니메이션",,"애니메이션, 영상, 만화, 영화, 소마트로프, 페나키스토스코프, 조이트로프",,,,,https://www.edunet.net/contsMvGllry/view/152/1966794,,2025-04-21,B550629,한국교육학술정보원
그림을 공동구매한다고,,"그림 공동구매, 재테크, 경제, 경매, 투자, 아트테크",,,,,https://www.edunet.net/contsMvGllry/view/152/1983948,,2025-04-21,B550629,한국교육학술정보원
휴대폰 속 앱은 누가 디자인할까,,"UX 디자이너, UX, UI, GUI, 스마트폰",,,,,https://www.edunet.net/contsMvGllry/view/152/1989593,,2025-04-21,B550629,한국교육학술정보원
딱이야 내 마음을 더 잘 전달하는 그림,,"이모티콘, 이모티콘 디자이너, 스마트폰, SNS, 메신저, 아이콘, 감정 표현",,,,,https://www.edunet.net/contsMvGllry/view/152/1992572,,2025-04-21,B550629,한국교육학술정보원
공판화로 우리의 삶 풍요롭게 만들기,,"판화, 공판화, 스텐실, 실크스크린, 라떼아트, 실습",,,,,https://www.edunet.net/contsMvGllry/view/152/2004365,,2025-04-21,B550629,한국교육학술정보원
우리 가까이 있는 판화,,"볼록판화, 오목판화, 목판화, 화폐, 도장",,,,,https://www.edunet.net/contsMvGllry/view/152/2006126,,2025-04-21,B550629,한국교육학술정보원
우리 동네 공공 미술,,"공공 미술, 현대 미술, 설치 미술, 동상, 일상",,,,,https://www.edunet.net/contsMvGllry/view/152/2010071,,2025-04-21,B550629,한국교육학술정보원
상징 속에 숨겨진 메시지를 찾아서,,"상징, 메시지, 의미, 구스타프 클림트",,,,,https://www.edunet.net/contsMvGllry/view/152/2078863,,2025-04-21,B550629,한국교육학술정보원
미술과 관련된 여러 가지 직업들,,"미술 관련 직업, 공업 디자이너, 패션 디자이너, 공예가, 일러스트레이터, 웹툰작가",,,,,https://www.edunet.net/contsMvGllry/view/152/2078880,,2025-04-21,B550629,한국교육학술정보원
"그 해의 핫이슈 작품을 만나다, KIAF",,"KIAF, 아트페어, 미술시장, 미술관, 축제",,,,,https://www.edunet.net/contsMvGllry/view/152/101639,,2025-04-21,B550629,한국교육학술정보원
세계의 수중 미술관,,"수중 미술관, 환경, 제이슨 테일러",,,,,https://www.edunet.net/contsMvGllry/view/152/2078864,,2025-04-21,B550629,한국교육학술정보원
"자신의 전 재산으로 우리 문화재를 지키다, 간송 전형필",,"간송미술관, 전형필, 최초의 사립 미술관, 문화재, 역사",,,,,https://www.edunet.net/contsMvGllry/view/152/12313,,2025-04-21,B550629,한국교육학술정보원
바우하우스로 떠나는 미술 여행,,"바우하우스, 조형 요소, 조형 원리, 공감각, 산업 디자인",,,,,https://www.edunet.net/contsMvGllry/view/152/92135,,2025-04-21,B550629,한국교육학술정보원
과거를 사죄하는 일본인,,"이우치 이사오, 하치우마 다다스, 가네코 가즈시게, 국립중앙박물관, 박물관, 기증, 역사",,,,,https://www.edunet.net/contsMvGllry/view/152/2006046,,2025-04-21,B550629,한국교육학술정보원
궁궐 속 그림 이야기,,"경복궁, 해태, 일월오봉도, 단청",,,,,https://www.edunet.net/contsMvGllry/view/152/2078865,,2025-04-21,B550629,한국교육학술정보원
천재 예술가들의 향연,,"천재 예술가, 르네상스, 레오나르도 다 빈치, 미켈란젤로, 라파엘로",,,,,https://www.edunet.net/contsMvGllry/view/152/2078881,,2025-04-21,B550629,한국교육학술정보원
시간을 달리는 화가들1,,"시간을 달리는 화가들, 초현실주의, 벨라스케스",,,,,https://www.edunet.net/contsMvGllry/view/152/2078882,,2025-04-21,B550629,한국교육학술정보원
시간을 달리는 화가들2,,"시간을 달리는 화가들, 팝아트, 구스타프 클림트, 에곤 쉴레",,,,,https://www.edunet.net/contsMvGllry/view/152/2078883,,2025-04-21,B550629,한국교육학술정보원
역사를 담은 명화이야기,,"역사의 기록자, 명화, 역사화",,,,,https://www.edunet.net/contsMvGllry/view/152/2078884,,2025-04-21,B550629,한국교육학술정보원
"화성행행도, 정조대왕의 8일간의 축제",,"사도세자, 정조대왕, 수원화성, 화성행행도",,,,,https://www.edunet.net/contsMvGllry/view/152/2078885,,2025-04-21,B550629,한국교육학술정보원
프리다 칼로 - 절망에서 피어난 예술,,"프리다 칼로, 데이고 리베라, 자화상, 여성 화가",,,,,https://www.edunet.net/contsMvGllry/view/152/2078866,,2025-04-21,B550629,한국교육학술정보원
위로와 추모의 기념비,,"기념비, 베트남전 참전 용사 기념비, 추모",,,,,https://www.edunet.net/contsMvGllry/view/152/2078886,,2025-04-21,B550629,한국교육학술정보원
구조 실험실,,"해체주의, 기하 공간, 비유클리드 기하학, 정형, 비정형",,,,,https://www.edunet.net/contsMvGllry/view/152/99431,,2025-04-21,B550629,한국교육학술정보원
빛의 건축,,"빛의 건축, 카타콤, 안도 타다오, 르 코르뷔지에, 장 누벨",,,,,https://www.edunet.net/contsMvGllry/view/152/2078875,,2025-04-21,B550629,한국교육학술정보원
"건축의 마술사, 가우디",,"가우디, 자연에서 영감, 건축의 마법사, 성가족 성당",,,,,https://www.edunet.net/contsMvGllry/view/152/2078876,,2025-04-21,B550629,한국교육학술정보원
미래 학교 디자인,,"건축, 입체 조형, 디자인 씽킹, 미래 학교, 전략",,,,,https://www.edunet.net/contsMvGllry/view/152/32847,,2025-04-21,B550629,한국교육학술정보원
"비 오는 날 전하는 메시지, 레인 웍스(Rain Works)",,"날씨, 비, 레인 웍스, Rain Works, 특수 페인트, 페레그린 처치",,,,,https://www.edunet.net/contsMvGllry/view/152/83436,,2025-04-21,B550629,한국교육학술정보원
변화하는 디자인,,"디자인, 산업디자인, 제품디자인, 조형 요소와 원리",,,,,https://www.edunet.net/contsMvGllry/view/152/100010,,2025-04-21,B550629,한국교육학술정보원
디자인이 바꾼 풍경,,"넛지 효과, 넛지 디자인, 옐로우카펫, 사회 영향, 사회 변화",,,,,https://www.edunet.net/contsMvGllry/view/152/1980096,,2025-04-21,B550629,한국교육학술정보원
미래 교통수단 디자인,,"산업 디자인, 연상, 상상, 미래 교통수단, 교통 디자인",,,,,https://www.edunet.net/contsMvGllry/view/152/1985967,,2025-04-21,B550629,한국교육학술정보원
거리의 미술가 JR,,"JR, 사진작가, 포토트럭, 사진",,,,,https://www.edunet.net/contsMvGllry/view/152/2078877,,2025-04-21,B550629,한국교육학술정보원
뱅크시를 아시나요,,"뱅크시, 그래피티 아티스트, 익명, 스텐실 기법",,,,,https://www.edunet.net/contsMvGllry/view/152/2078878,,2025-04-21,B550629,한국교육학술정보원
지구를 살리는 착한 디자인,,"환경, 착한 디자인, 제로 디자인, 업사이클링 디자인,",,,,,https://www.edunet.net/contsMvGllry/view/152/2078879,,2025-04-21,B550629,한국교육학술정보원
뭣이 중헌디 동서양 초상화,,"전신사조, 동서양, 초상화, 동양 미술, 서양 미술, 묘사",,,,,https://www.edunet.net/contsMvGllry/view/152/1995222,,2025-04-21,B550629,한국교육학술정보원
동양 미술의 공간,,"동양 미술, 산수화, 전통 산수화",,,,,https://www.edunet.net/contsMvGllry/view/152/2078887,,2025-04-21,B550629,한국교육학술정보원
다양한 표구 방법,,"표구, 대련, 배첩장",,,,,https://www.edunet.net/contsMvGllry/view/152/2078888,,2025-04-21,B550629,한국교육학술정보원
"아름다운 쓸모, 전통 매듭",,"전통 매듭, 전통 공예",,,,,https://www.edunet.net/contsMvGllry/view/152/20160,,2025-04-21,B550629,한국교육학술정보원
"세계문화유산, 석굴암",,"세계문화유산, 유적, 석굴암, 석가여래불상, 전통, 역사",,,,,https://www.edunet.net/contsMvGllry/view/152/86197,,2025-04-21,B550629,한국교육학술정보원
해학이 담긴 그림,,"해학, 김홍도, 신윤복, 민화",,,,,https://www.edunet.net/contsMvGllry/view/152/2078889,,2025-04-21,B550629,한국교육학술정보원
지폐 속에 숨어있는 우리 그림,,"지폐, 신사임당",,,,,https://www.edunet.net/contsMvGllry/view/152/2078890,,2025-04-21,B550629,한국교육학술정보원
문인화의 백미 ’세한도’,,"세한도, 추사 김정희, 추사체",,,,,https://www.edunet.net/contsMvGllry/view/152/2078891,,2025-04-21,B550629,한국교육학술정보원
되찾아야 할 우리 문화재,,"우리 문화제, 해외 반출, 몽유도원도, 직지심체요절",,,,,https://www.edunet.net/contsMvGllry/view/152/2078892,,2025-04-21,B550629,한국교육학술정보원
상호 작용하는 색,,"색의 대비, 계시대비, 색상대비, 명도대비, 채도대비, 보색대비",,,,,https://www.edunet.net/contsMvGllry/view/152/2006013,,2025-04-21,B550629,한국교육학술정보원
점과 선으로 표현하기,,"점, 선, 점묘법, 그래피티 아트",,,,,https://www.edunet.net/contsMvGllry/view/152/2078893,,2025-04-21,B550629,한국교육학술정보원
공간 표현하기,,"설치미술, 원근법, 인상주의, 입체파, 공간",,,,,https://www.edunet.net/contsMvGllry/view/152/2078894,,2025-04-21,B550629,한국교육학술정보원
작품 제작 의도 이해하기,,"감상, 소재와 주제, 발상, 조형 요소, 공감각",,,,,https://www.edunet.net/contsMvGllry/view/152/97348,,2025-04-21,B550629,한국교육학술정보원
나의 기억을 담는 미술 작품,,"소재, 주제, 발상, 비유, 상징, 영감",,,,,https://www.edunet.net/contsMvGllry/view/152/1979749,,2025-04-21,B550629,한국교육학술정보원
"같은 꽃, 다른 의미",,"소재, 주제, 미술 감상, 비교 감상, 비유, 상징",,,,,https://www.edunet.net/contsMvGllry/view/152/2000765,,2025-04-21,B550629,한국교육학술정보원
쉿 너에게만 알려주는 자화상의 비밀,,"자화상, 초상화, 내면, 렘브란트, 백남준, 뒤러, 실습, 캐릭터 디자인",,,,,https://www.edunet.net/contsMvGllry/view/152/2013090,,2025-04-21,B550629,한국교육학술정보원
감정 시각화,,"낭만주의, 표현주의, 색면 추상, 데이터 시각화, 신경건축학",,,,,https://www.edunet.net/contsMvGllry/view/152/2021556,,2025-04-21,B550629,한국교육학술정보원
그림책 작가,,"그림책 , 유진 작가",,,,,https://www.edunet.net/contsMvGllry/view/152/2078895,,2025-04-21,B550629,한국교육학술정보원
따뜻한 세상을 그리는 만화가,,"만화가, 홍연식 만화가, 가족 만화",,,,,https://www.edunet.net/contsMvGllry/view/152/2078896,,2025-04-21,B550629,한국교육학술정보원
붉게 그려가는 풍경 속에 표현하는 세상,,"화가, 이세현 작가, 모노톤",,,,,https://www.edunet.net/contsMvGllry/view/152/2078897,,2025-04-21,B550629,한국교육학술정보원
"노란 의자 줄까, 빨간 의자 줄까",,"소재, 주제, 비교, 감상, 표현",,,,,https://www.edunet.net/contsMvGllry/view/152/6543,,2025-04-21,B550629,한국교육학술정보원
신기한 관찰 도구 이야기,,"카메라 루시다, 카메라 옵스큐라, 사진기, 마르셀 뒤샹, 관찰 도구",,,,,https://www.edunet.net/contsMvGllry/view/152/7131,,2025-04-21,B550629,한국교육학술정보원
재료 실험실,,"재료, 용구, 표현 방법, 조형 요소, 조형 원리",,,,,https://www.edunet.net/contsMvGllry/view/152/17396,,2025-04-21,B550629,한국교육학술정보원
"낯설게 보기, 스캠퍼 기법",,"창의성, 아이디어 발산, 스캠퍼, SCAMPER, 질문법",,,,,https://www.edunet.net/contsMvGllry/view/152/21708,,2025-04-21,B550629,한국교육학술정보원
원근법이 달라 달라,,"원근법, 삼원법, 산점 투시, 투시 원근법, 동양 미술, 서양 미술",,,,,https://www.edunet.net/contsMvGllry/view/152/92151,,2025-04-21,B550629,한국교육학술정보원
질감의 재발견,,"조형 요소, 조형 원리, 임파스토, 프로타주, 콜라주, 아상블라주, 디지털아트",,,,,https://www.edunet.net/contsMvGllry/view/152/2003908,,2025-04-21,B550629,한국교육학술정보원
"관찰, 연상, 상상의 방법으로 보는 세상",,"발상, 관찰, 연상, 상상, 구상",,,,,https://www.edunet.net/contsMvGllry/view/152/2025389,,2025-04-21,B550629,한국교육학술정보원
팝콘 브레인을 예방하자,,"건강, 팝콘브레인, 전자기기, 디지털기기, 휴대폰사용",,,,,https://www.edunet.net/contsMvGllry/view/152/2392,,2025-04-21,B550629,한국교육학술정보원
스트레칭으로 건강한 습관 만들기,,"건강, 운동, 홈 트레이닝, 스트레칭, 폼롤러, 마사지 볼, 스트레칭 밴드",,,,,https://www.edunet.net/contsMvGllry/view/152/11326,,2025-04-21,B550629,한국교육학술정보원
해수욕장 감염병 예방 수칙,,"해수욕장, 감염병, 예방, 건강, 안전",,,,,https://www.edunet.net/contsMvGllry/view/152/19371,,2025-04-21,B550629,한국교육학술정보원
NEAT 운동으로 지키는 나의 신체 건강,,"NEAT, 운동, 건강, 체력, 생활",,,,,https://www.edunet.net/contsMvGllry/view/152/21577,,2025-04-21,B550629,한국교육학술정보원
우리 동네 산책 코스 만들기,,"건강, 산책, 걷기, 둘레길, 코스",,,,,https://www.edunet.net/contsMvGllry/view/152/23647,,2025-04-21,B550629,한국교육학술정보원
직업병의 종류와 예방법,,"예방, 직업병, 난청, 화상, 바이러스",,,,,https://www.edunet.net/contsMvGllry/view/152/30372,,2025-04-21,B550629,한국교육학술정보원
손씻기의 중요함,,"손씻기, 비누, 바이러스, 건강, 예방",,,,,https://www.edunet.net/contsMvGllry/view/152/98345,,2025-04-21,B550629,한국교육학술정보원
PAPS와 건강 체력 두 마리 토끼 잡기,,"PAPS, 건강체력, 비만 예방, 건강, 운동",,,,,https://www.edunet.net/contsMvGllry/view/152/1971259,,2025-04-21,B550629,한국교육학술정보원
바이러스에 대해 알아보자.,,"바이러스, 질병, 독, 복제, 증식, 유전",,,,,https://www.edunet.net/contsMvGllry/view/152/2003286,,2025-04-21,B550629,한국교육학술정보원
비만에서 탈출하기,,"비만, 과체중, 운동, 식사습관",,,,,https://www.edunet.net/contsMvGllry/view/152/2078937,,2025-04-21,B550629,한국교육학술정보원
건강한 삶을 위한 체력,,"체력, 근력, 근지구력, 유연성, 신체지구력",,,,,https://www.edunet.net/contsMvGllry/view/152/2078938,,2025-04-21,B550629,한국교육학술정보원
내 몸을 스스로 지켜요,,"성폭력, 예방법, 대처방안",,,,,https://www.edunet.net/contsMvGllry/view/152/2078939,,2025-04-21,B550629,한국교육학술정보원
건강한 몸짱’ 나도 할 수 있다,,"몸짱, 체력, 운동",,,,,https://www.edunet.net/contsMvGllry/view/152/2078959,,2025-04-21,B550629,한국교육학술정보원
저글링으로 집중력 UP,,"도전, 저글링, 집중력, 워밍업, 스포츠",,,,,https://www.edunet.net/contsMvGllry/view/152/41670,,2025-04-21,B550629,한국교육학술정보원
플라잉 디스크를 활용한 다양한 놀이,,"플라잉 디스크, 놀이 활동",,,,,https://www.edunet.net/contsMvGllry/view/152/2078940,,2025-04-21,B550629,한국교육학술정보원
건강한 여가 생활 즐기기,,"여가, 여가활동, 생활형 여가, 자연형 여가",,,,,https://www.edunet.net/contsMvGllry/view/152/2078941,,2025-04-21,B550629,한국교육학술정보원
"우리 몸을 지켜주는 축, 코어 운동",,"홈 트레이닝, 척추, 코어, 복근, 골반, 허리, 힙",,,,,https://www.edunet.net/contsMvGllry/view/152/66455,,2025-04-21,B550629,한국교육학술정보원
"짧지만 강렬하게, 타바타 운동",,"건강, 운동, 홈 트레이닝, 타바타, 버피테스트, 스쿼트, 팔굽혀펴기, 크런치",,,,,https://www.edunet.net/contsMvGllry/view/152/1971931,,2025-04-21,B550629,한국교육학술정보원
3대 운동으로 배워보는 근력 운동,,"헬스, 피트니스, 스쿼트, 데드리프트, 벤치프레스",,,,,https://www.edunet.net/contsMvGllry/view/152/1997063,,2025-04-21,B550629,한국교육학술정보원
달리기를 통한 체력의 향상,,"달리기, 육상",,,,,https://www.edunet.net/contsMvGllry/view/152/2078942,,2025-04-21,B550629,한국교육학술정보원
나도 달리기왕 끈기왕이 될 수 있다,,"달리기, 끈기왕, 끈기",,,,,https://www.edunet.net/contsMvGllry/view/152/2078943,,2025-04-21,B550629,한국교육학술정보원
날아가는 공에 숨겨진 과학의 비밀,,"공, 마그누스 효과, 과학과 체육, 바나나킥, 변화구",,,,,https://www.edunet.net/contsMvGllry/view/152/89867,,2025-04-21,B550629,한국교육학술정보원
도전 활동과 운동 역학,,"운동 역학,  운동 법칙",,,,,https://www.edunet.net/contsMvGllry/view/152/2078944,,2025-04-21,B550629,한국교육학술정보원
도전 활동과 첨단기술,,"첨단기술, 미래, 정확도",,,,,https://www.edunet.net/contsMvGllry/view/152/2078945,,2025-04-21,B550629,한국교육학술정보원
매서운 눈으로 인간을 돕는 AI 인공지능 심판,,"심판, AI, 로봇, 호크아이, VAR",,,,,https://www.edunet.net/contsMvGllry/view/152/100473,,2025-04-21,B550629,한국교육학술정보원
"스포츠의 기본, 체조",,"체조, 기계체조",,,,,https://www.edunet.net/contsMvGllry/view/152/2078946,,2025-04-21,B550629,한국교육학술정보원
대한민국에 도전하는 대한민국 양궁,,"양궁, 대한민국 양궁",,,,,https://www.edunet.net/contsMvGllry/view/152/2078960,,2025-04-21,B550629,한국교육학술정보원
페트병으로 즐기는 볼링 게임,,"페트병, 볼링, 게임, 놀이, 활동",,,,,https://www.edunet.net/contsMvGllry/view/152/11903,,2025-04-21,B550629,한국교육학술정보원
총이 없어도 명사수,,"표적놀이, 교실 체육, 다트, 과녁, 경기",,,,,https://www.edunet.net/contsMvGllry/view/152/63446,,2025-04-21,B550629,한국교육학술정보원
생활용품으로 만드는 표적 도전 놀이,,"표적, 생활용품, 페트병, 돗자리, 교실게임",,,,,https://www.edunet.net/contsMvGllry/view/152/1980408,,2025-04-21,B550629,한국교육학술정보원
단순한 게임 체험,,"게임, 놀이, 경쟁, 간단한 게임",,,,,https://www.edunet.net/contsMvGllry/view/152/2078947,,2025-04-21,B550629,한국교육학술정보원
축구의 기초 기술형 게임,,"축구, 기초 기술",,,,,https://www.edunet.net/contsMvGllry/view/152/2078948,,2025-04-21,B550629,한국교육학술정보원
축구형 게임 활동의 역사와 현재,,"축구, 축구형 게임",,,,,https://www.edunet.net/contsMvGllry/view/152/2078949,,2025-04-21,B550629,한국교육학술정보원
미니축구 - 풋살(Futsal),,"풋살, 풋살 기본 규정",,,,,https://www.edunet.net/contsMvGllry/view/152/2078950,,2025-04-21,B550629,한국교육학술정보원
골프가 어렵다면 게이트골프부터,,"스포츠, 골프, 게이트골프, 게임, 뉴스포츠",,,,,https://www.edunet.net/contsMvGllry/view/152/13721,,2025-04-21,B550629,한국교육학술정보원
"피구인 듯, 발야구인 듯 신나는 킥볼",,"피구, 발야구, 킥볼, 뉴스포츠, 경기",,,,,https://www.edunet.net/contsMvGllry/view/152/22955,,2025-04-21,B550629,한국교육학술정보원
핸드볼만큼 재미있는 추크볼,,"스포츠, 추크볼, 핸드볼, 게임, 뉴스포츠",,,,,https://www.edunet.net/contsMvGllry/view/152/35189,,2025-04-21,B550629,한국교육학술정보원
친구와 함께 만드는 티볼 골프 게임,,"간이 골프, 티볼 골프, 표적 게임, 경기, 골프",,,,,https://www.edunet.net/contsMvGllry/view/152/36751,,2025-04-21,B550629,한국교육학술정보원
팡팡 터지는 소프트발리볼,,"배구, 소프트발리볼, 뉴스포츠, 경기, 스포츠",,,,,https://www.edunet.net/contsMvGllry/view/152/37585,,2025-04-21,B550629,한국교육학술정보원
손으로 치는 제기 인디아카,,"제기, 인디아카, 뉴스포츠, 페테카, 배구, 탁구, 배드민턴",,,,,https://www.edunet.net/contsMvGllry/view/152/41132,,2025-04-21,B550629,한국교육학술정보원
야구와 닮은 꼴 티볼,,"야구, 티볼, 뉴스포츠, 경기, 타자",,,,,https://www.edunet.net/contsMvGllry/view/152/43262,,2025-04-21,B550629,한국교육학술정보원
플라잉디스크로 즐기는 디스크골프,,"플라잉디스크, 뉴스포츠, 디스크골프, 골프, 경기",,,,,https://www.edunet.net/contsMvGllry/view/152/54256,,2025-04-21,B550629,한국교육학술정보원
박진감 넘치는 실내용 하키 플로어볼,,"하키, 플로어볼, 뉴스포츠, 실내스포츠, 경기",,,,,https://www.edunet.net/contsMvGllry/view/152/70671,,2025-04-21,B550629,한국교육학술정보원
"모두가 즐기는 농구형 게임, 넷볼",,"스포츠, 넷볼, 농구, 게임, 뉴스포츠",,,,,https://www.edunet.net/contsMvGllry/view/152/2005395,,2025-04-21,B550629,한국교육학술정보원
고리로 즐기는 컬링형 게임,,"스포츠, 고리, 컬링, 뉴스포츠, 경기",,,,,https://www.edunet.net/contsMvGllry/view/152/2009321,,2025-04-21,B550629,한국교육학술정보원
탁구와 배드민턴의 만남 핸들러,,"뉴스포츠, 셔틀콕, 핸들러, 네트형 경쟁, 탁구, 배드민턴",,,,,https://www.edunet.net/contsMvGllry/view/152/2011724,,2025-04-21,B550629,한국교육학술정보원
지구만큼 큰 공으로 협동심을 발휘하는 킨볼,,"큰 공, 공, 킨볼, 협동, 뉴스포츠",,,,,https://www.edunet.net/contsMvGllry/view/152/2015803,,2025-04-21,B550629,한국교육학술정보원
얼티미트 경기의 이해,,"얼티미트 경기, 플라잉디스크",,,,,https://www.edunet.net/contsMvGllry/view/152/2078951,,2025-04-21,B550629,한국교육학술정보원
세계적인 농구 천재들,,"농구 천재, 농구, 마이클 조던, 스테픈 커리",,,,,https://www.edunet.net/contsMvGllry/view/152/2078952,,2025-04-21,B550629,한국교육학술정보원
배드민턴의 기초와 훈련 방법,,"배드민턴, 배드민턴 기본 기술",,,,,https://www.edunet.net/contsMvGllry/view/152/2078953,,2025-04-21,B550629,한국교육학술정보원
떠오르는 스포츠 카바디,,"카바디, 인도 전통 스포츠, 격투기, 술래잡기",,,,,https://www.edunet.net/contsMvGllry/view/152/2078963,,2025-04-21,B550629,한국교육학술정보원
우리가 함께 만드는 뮤직비디오,,"뮤직비디오, 체조, 무용, 창조, 표현",,,,,https://www.edunet.net/contsMvGllry/view/152/1699,,2025-04-21,B550629,한국교육학술정보원
신나는 비트에 맞춰 스포츠 리듬 트레이닝,,"댄스, 표현, 춤, 리듬, 스포츠, 스포츠 리듬 트레이닝",,,,,https://www.edunet.net/contsMvGllry/view/152/36892,,2025-04-21,B550629,한국교육학술정보원
응원의 마음을 전하는 치어리딩,,"표현, 응원, 치어리딩, 율동, 마음",,,,,https://www.edunet.net/contsMvGllry/view/152/67025,,2025-04-21,B550629,한국교육학술정보원
손과 팔로만 만드는 손댄스의 세계,,"댄스, 표현, 터팅, 손댄스, 춤, 리듬",,,,,https://www.edunet.net/contsMvGllry/view/152/1993961,,2025-04-21,B550629,한국교육학술정보원
"모두의 마음이 하나로, 라인댄스",,"표현, 라인댄스, 춤, 스텝, 단체",,,,,https://www.edunet.net/contsMvGllry/view/152/2006423,,2025-04-21,B550629,한국교육학술정보원
줄넘기로 다양한 동작 표현하기,,"줄넘기, 음악 줄넘기",,,,,https://www.edunet.net/contsMvGllry/view/152/2078954,,2025-04-21,B550629,한국교육학술정보원
표현 활동으로 알아보는 인체의 아름다움,,"인체, 발레, 현대무용, 비보잉",,,,,https://www.edunet.net/contsMvGllry/view/152/2078955,,2025-04-21,B550629,한국교육학술정보원
세계 여러 나라의 민속 표현,,"민속 표현, 민속 무용, 민속춤, 문화적",,,,,https://www.edunet.net/contsMvGllry/view/152/2078956,,2025-04-21,B550629,한국교육학술정보원
소중한 생명을 구하는 심폐소생술,,"안전, 생명, 심폐소생술, CPR, 자동심장충격기, 응급처치",,,,,https://www.edunet.net/contsMvGllry/view/152/6682,,2025-04-21,B550629,한국교육학술정보원
도핑의 문제점과 방지 교육,,"도핑, 약물, 부정행위, 스포츠, 윤리",,,,,https://www.edunet.net/contsMvGllry/view/152/31419,,2025-04-21,B550629,한국교육학술정보원
"안전사고, 어떻게 대처해야 할까",,"화상, 물집, 상처, 안전사고, 대처",,,,,https://www.edunet.net/contsMvGllry/view/152/70514,,2025-04-21,B550629,한국교육학술정보원
스포츠 폭력 위험성과 예방,,"스포츠, 폭력, 예방, 교육, 건강",,,,,https://www.edunet.net/contsMvGllry/view/152/1984248,,2025-04-21,B550629,한국교육학술정보원
여름과 겨울의 안전 운동 수칙,,"겨울 스포츠, 동계 스포츠, 여름 스포츠, 하계 스포츠, 안전수칙",,,,,https://www.edunet.net/contsMvGllry/view/152/2009445,,2025-04-21,B550629,한국교육학술정보원
불법 스포츠 도박과 승부조작,,"도박, 승부조작, 불법, 윤리, 도덕, 스포츠",,,,,https://www.edunet.net/contsMvGllry/view/152/2015217,,2025-04-21,B550629,한국교육학술정보원
운동 장비의 올바른 사용 방법,,"운동 장비, 올바른 사용 방법",,,,,https://www.edunet.net/contsMvGllry/view/152/2078957,,2025-04-21,B550629,한국교육학술정보원
물이 무섭지 않아요 - 생존수영,,"생존 수영, 물에서 살아남기",,,,,https://www.edunet.net/contsMvGllry/view/152/2078958,,2025-04-21,B550629,한국교육학술정보원
페럴림픽의 재조명,,"패럴림픽, 올림픽, 장애인",,,,,https://www.edunet.net/contsMvGllry/view/152/2078961,,2025-04-21,B550629,한국교육학술정보원
한계에 도전하는 사람들,,"한계, 도전, 철인 3종 경기, 익스트림 스포츠",,,,,https://www.edunet.net/contsMvGllry/view/152/2078962,,2025-04-21,B550629,한국교육학술정보원
스포츠와 책의 만남,,"스포츠, 책, 국어, 독서, 인문적 스포츠",,,,,https://www.edunet.net/contsMvGllry/view/152/6167,,2025-04-21,B550629,한국교육학술정보원
씨름의 화려한 부활,,"씨름, 전통 스포츠, 민속놀이, 전통놀이, 경기",,,,,https://www.edunet.net/contsMvGllry/view/152/44767,,2025-04-21,B550629,한국교육학술정보원
스포츠와 영화의 만남,,"스포츠, 영화, 인문적 스포츠, 감상, 여가",,,,,https://www.edunet.net/contsMvGllry/view/152/1994786,,2025-04-21,B550629,한국교육학술정보원
스포츠와 미술의 만남,,"스포츠, 미술, 작품, 예술, 인문적 스포츠",,,,,https://www.edunet.net/contsMvGllry/view/152/2007777,,2025-04-21,B550629,한국교육학술정보원
스포츠 명언으로 배워보는 삶의 지혜,,"스포츠, 명언, 교훈, 지혜, 인문적 스포츠",,,,,https://www.edunet.net/contsMvGllry/view/152/2022751,,2025-04-21,B550629,한국교육학술정보원
"스포츠, 4차 산업혁명에 빠지다",,"스포츠, 4차 산업혁명, IoT, 사물인터넷",,,,,https://www.edunet.net/contsMvGllry/view/152/2078964,,2025-04-21,B550629,한국교육학술정보원
인종 차별과 스포츠,,"인종 차별, 유색 인종, 동양인, 평등",,,,,https://www.edunet.net/contsMvGllry/view/152/2078965,,2025-04-21,B550629,한국교육학술정보원
내 몸을 먼저 이해하자,,"건강, 체형, 인바디, 체성분, 분석",,,,,https://www.edunet.net/contsMvGllry/view/152/71652,,2025-04-21,B550629,한국교육학술정보원
"건강을 지키는 세가지 요소 - 영양, 운동, 휴식",,"건강, 영양, 운동, 휴식, 균형",,,,,https://www.edunet.net/contsMvGllry/view/152/81981,,2025-04-21,B550629,한국교육학술정보원
나에게 필요한 운동은 무엇일까,,"유산소, 무산소, 밸런스 운동, 복합 운동, 운동 처방",,,,,https://www.edunet.net/contsMvGllry/view/152/2013859,,2025-04-21,B550629,한국교육학술정보원
스포츠 상해의 종류와 대처방법,,"부상, 스포츠 상해, 구급처치",,,,,https://www.edunet.net/contsMvGllry/view/152/2078966,,2025-04-21,B550629,한국교육학술정보원
관절이 건강해야 스포츠가 즐겁다,,"관절, 부상, 보호방법, 관절의 보상작용",,,,,https://www.edunet.net/contsMvGllry/view/152/2078967,,2025-04-21,B550629,한국교육학술정보원
무더위와 추위를 극복하는 계절 스포츠의 매력,,"계절 스포츠, 겨울, 스키, 스노보드, 스케이팅, 여름, 서핑, 수상스키, 래프팅",,,,,https://www.edunet.net/contsMvGllry/view/152/1977808,,2025-04-21,B550629,한국교육학술정보원
안전한 계절 스포츠 즐기기,,"스키, 스노우 보드, 겨울 스포츠",,,,,https://www.edunet.net/contsMvGllry/view/152/2078968,,2025-04-21,B550629,한국교육학술정보원
스포츠와 심판,,"심판, 오심, 판정",,,,,https://www.edunet.net/contsMvGllry/view/152/2078969,,2025-04-21,B550629,한국교육학술정보원
체육 계열 진로 탐색,,"체육, 진로, 스포츠 진로, 스포츠 에이전트, 재활 운동 치료",,,,,https://www.edunet.net/contsMvGllry/view/152/473,,2025-04-21,B550629,한국교육학술정보원
스포츠 직업별 특성,,"체육교사, 스포츠 에이전트, 트레이너, 스포츠 크리에이터, 진로",,,,,https://www.edunet.net/contsMvGllry/view/152/86202,,2025-04-21,B550629,한국교육학술정보원
스포츠 관련 자격증,,"스포츠, 자격증, 스포츠 지도사, 체육 지도자, 진로",,,,,https://www.edunet.net/contsMvGllry/view/152/87923,,2025-04-21,B550629,한국교육학술정보원
식품의 영양성분표를 알아볼까요,,"식품 표시, HACCP, 건강기능식품, 나트륨 함량 비교 , 영양 정보",,,,,https://www.edunet.net/contsMvGllry/view/152/20597,,2025-04-21,B550629,한국교육학술정보원
바른 먹거리 선택하기,,"카페인, 불량식품, 먹거리, 음료, 커피",,,,,https://www.edunet.net/contsMvGllry/view/152/68296,,2025-04-21,B550629,한국교육학술정보원
우리가 만드는 한그릇 음식,,"한 그릇 음식, 요리, 식생활, 영양소, 레시피",,,,,https://www.edunet.net/contsMvGllry/view/152/87952,,2025-04-21,B550629,한국교육학술정보원
다양한 나라의 식생활 예절,,"음식, 식생활, 식사 예절, 식사 문화, 글로벌 문화",,,,,https://www.edunet.net/contsMvGllry/view/152/1980470,,2025-04-21,B550629,한국교육학술정보원
내 식단을 컬러풀하게,,"컬러 푸드, 영양소, 채소, 과일, 건강",,,,,https://www.edunet.net/contsMvGllry/view/152/2012197,,2025-04-21,B550629,한국교육학술정보원
건강한 간식 선택하기,,"간식, 1일 영양소기준치, 1회 제공량",,,,,https://www.edunet.net/contsMvGllry/view/152/2078820,,2025-04-21,B550629,한국교육학술정보원
건강한 음식 조리하기,,"음식, 조리, 조리 과정, 건강 간식",,,,,https://www.edunet.net/contsMvGllry/view/152/2078821,,2025-04-21,B550629,한국교육학술정보원
안전하고 건강한 식재료 선택하기,,"먹을거리, 인증제,  동물 복지, 로컬푸드",,,,,https://www.edunet.net/contsMvGllry/view/152/2078822,,2025-04-21,B550629,한국교육학술정보원
식품 개발 연구원,,"식품공학, 식품개발, 시즈닝, 개발연구원, 기성식품",,,,,https://www.edunet.net/contsMvGllry/view/152/1996705,,2025-04-21,B550629,한국교육학술정보원
맛은 어떻게 느끼나요,,"음식, 맛, 미각, 오감, 혀, 감각",,,,,https://www.edunet.net/contsMvGllry/view/152/2011577,,2025-04-21,B550629,한국교육학술정보원
"설탕, 얼마나 먹고 있나요",,"설탕, 설탕 섭취 권장량, 설탕 중독",,,,,https://www.edunet.net/contsMvGllry/view/152/2078823,,2025-04-21,B550629,한국교육학술정보원
먹어도 될까요,,"신품종, GMO, 유전자 조작",,,,,https://www.edunet.net/contsMvGllry/view/152/2078824,,2025-04-21,B550629,한국교육학술정보원
의복의 표현 기능과 색깔,,"의류, 패션, 컬러리스트, 시즌, 트렌드",,,,,https://www.edunet.net/contsMvGllry/view/152/61418,,2025-04-21,B550629,한국교육학술정보원
언제 어떤 옷을 입어야 할까요(때와 장소에 따른 옷차림),,"TPO, 의복, 스타일링, 센스, 장소",,,,,https://www.edunet.net/contsMvGllry/view/152/2008642,,2025-04-21,B550629,한국교육학술정보원
나를 표현하는 옷차림,,"옷, 옷차림, 옷의 기능",,,,,https://www.edunet.net/contsMvGllry/view/152/2078825,,2025-04-21,B550629,한국교육학술정보원
의복의 완성 - 단추,,"단추, 단추의 변화, 단추 스타일",,,,,https://www.edunet.net/contsMvGllry/view/152/2078826,,2025-04-21,B550629,한국교육학술정보원
주거 속 유니버설 디자인,,"주거, 유니버설 디자인, 안전, 편리, 평등",,,,,https://www.edunet.net/contsMvGllry/view/152/6871,,2025-04-21,B550629,한국교육학술정보원
생활 안전사고의 종류와 예방 방법,,"생활 안전, 안전사고의 종류, 가정, 학교, 실외",,,,,https://www.edunet.net/contsMvGllry/view/152/16769,,2025-04-21,B550629,한국교육학술정보원
우리가 즐겨먹는 음식에는 무엇이 들어있을까,,"식품첨가물, 식품, 음식, 안전, 맛",,,,,https://www.edunet.net/contsMvGllry/view/152/83168,,2025-04-21,B550629,한국교육학술정보원
안전을 지키는 우리의 옷,,"보호설, 재귀반사, 감온변색, 방염, 방탄, 소재",,,,,https://www.edunet.net/contsMvGllry/view/152/83841,,2025-04-21,B550629,한국교육학술정보원
안전사고로부터 안전하기,,"안전, 안전 사고, 예방",,,,,https://www.edunet.net/contsMvGllry/view/152/2078827,,2025-04-21,B550629,한국교육학술정보원
가정일도 나누면 행복해져요,,"가정일, 살림살이, 가사분담",,,,,https://www.edunet.net/contsMvGllry/view/152/2078828,,2025-04-21,B550629,한국교육학술정보원
"스스로 운전하는 자동차, 자율주행자동차",,"자율주행, 딜레마, 인공지능, 자동차, 자율주행자동차",,,,,https://www.edunet.net/contsMvGllry/view/152/35055,,2025-04-21,B550629,한국교육학술정보원
코딩으로 움직이는 자율주행버스,,"자율주행차, 4차 산업혁명, 오조봇, 코딩",,,,,https://www.edunet.net/contsMvGllry/view/152/2078829,,2025-04-21,B550629,한국교육학술정보원
양말목 공예로 알아보는 업사이클링,,"업사이클링, 리사이클링, 재활용, 의복, 양말",,,,,https://www.edunet.net/contsMvGllry/view/152/64581,,2025-04-21,B550629,한국교육학술정보원
재활용품 분리배출 이것만은 기억하자,,"재활용, 분리 배출",,,,,https://www.edunet.net/contsMvGllry/view/152/2078830,,2025-04-21,B550629,한국교육학술정보원
자전거를 안전하게 관리해요,,"수송 수단, 자전거, 안전 점검, 안전 관리, 안전",,,,,https://www.edunet.net/contsMvGllry/view/152/71246,,2025-04-21,B550629,한국교육학술정보원
시간 관리의 비법,,"시간, 절약, 계획, 시간 도둑",,,,,https://www.edunet.net/contsMvGllry/view/152/2078831,,2025-04-21,B550629,한국교육학술정보원
옷장 및 옷정리 꿀팁,,"옷장, 옷 정리, 보관법",,,,,https://www.edunet.net/contsMvGllry/view/152/2078832,,2025-04-21,B550629,한국교육학술정보원
절차적 사고를 알아볼까요,,"절차적 사고, 소프트웨어, 프로그램, 생활, 순서",,,,,https://www.edunet.net/contsMvGllry/view/152/8412,,2025-04-21,B550629,한국교육학술정보원
인공지능 로봇(알파고와 왓슨),,"AI, 인공지능, 로봇, 알파고, 왓슨",,,,,https://www.edunet.net/contsMvGllry/view/152/33314,,2025-04-21,B550629,한국교육학술정보원
언플러그드 활동,,"컴퓨팅 사고력, 언플러그드 활동, 순차구조, 소프트웨어, 규칙",,,,,https://www.edunet.net/contsMvGllry/view/152/53604,,2025-04-21,B550629,한국교육학술정보원
소프트웨어가 세상을 움직인다,,"소프트웨어, 초연결 사회, 미래 산업",,,,,https://www.edunet.net/contsMvGllry/view/152/2078833,,2025-04-21,B550629,한국교육학술정보원
엔트리로 계산기 만들기,,"엔트리, 계산기, 만들기, 코딩",,,,,https://www.edunet.net/contsMvGllry/view/152/2078834,,2025-04-21,B550629,한국교육학술정보원
엔트리 블록 정복하기,,"엔트리, 엔트리 블록, 코딩, 블록 코딩",,,,,https://www.edunet.net/contsMvGllry/view/152/2078835,,2025-04-21,B550629,한국교육학술정보원
애완견과 펫티켓,,"애완견, 페티켓, 공공예절, 반려동물, 예의범절",,,,,https://www.edunet.net/contsMvGllry/view/152/50240,,2025-04-21,B550629,한국교육학술정보원
토피어리로 실내 조경을 해봐요,,"토피어리, 조경, 인테리어, 실내, 장식",,,,,https://www.edunet.net/contsMvGllry/view/152/77139,,2025-04-21,B550629,한국교육학술정보원
우리의 토착 동물과 식물을 지켜요,,"도착 동물, 식물, 환경오염, 보호",,,,,https://www.edunet.net/contsMvGllry/view/152/2078836,,2025-04-21,B550629,한국교육학술정보원
생활 속 식물의 활용과 가꾸기,,"식물, 활용, 가꾸기",,,,,https://www.edunet.net/contsMvGllry/view/152/2078837,,2025-04-21,B550629,한국교육학술정보원
여러분이 알았으면 하는 동물실험에 대한 불편한 진실,,"동물실험, 동물실험 찬반, 윤리, 동물실험 최근 동향",,,,,https://www.edunet.net/contsMvGllry/view/152/2078838,,2025-04-21,B550629,한국교육학술정보원
재활용품으로 만드는 나만의 풍력자동차,,"풍력자동차, 재활용, 작용-반작용의 원리",,,,,https://www.edunet.net/contsMvGllry/view/152/2078839,,2025-04-21,B550629,한국교육학술정보원
글루 건 Hacker,,"글루 건, 작품 만들기, hacker, 준비",,,,,https://www.edunet.net/contsMvGllry/view/152/2078849,,2025-04-21,B550629,한국교육학술정보원
사회적 배려 대상자를 위한 발명,,"발명, 발명품, 사회적 배려 대상자, 노약자, 장애인",,,,,https://www.edunet.net/contsMvGllry/view/152/10945,,2025-04-21,B550629,한국교육학술정보원
인공지능이 우리 삶을 어떻게 변화시킬까요,,"일자리, 인공지능, 대체자, 조력자, 변화",,,,,https://www.edunet.net/contsMvGllry/view/152/11310,,2025-04-21,B550629,한국교육학술정보원
코로나 바이러스와 PCR,,"바이러스, 코로나19, 검사, PCR, 감염병",,,,,https://www.edunet.net/contsMvGllry/view/152/13839,,2025-04-21,B550629,한국교육학술정보원
번개처럼 빠르게 하이퍼루프,,"기술, 수송, 열차, 고속, 하이퍼루프",,,,,https://www.edunet.net/contsMvGllry/view/152/19483,,2025-04-21,B550629,한국교육학술정보원
데이터 과학자,,"데이터, 과학자, 빅 데이터, 기술발전, 컴퓨터",,,,,https://www.edunet.net/contsMvGllry/view/152/26819,,2025-04-21,B550629,한국교육학술정보원
자동차를 타고 날아볼까,,"기술, 플라잉카, 미래의 교통수단, 수송 기술, 발전",,,,,https://www.edunet.net/contsMvGllry/view/152/28189,,2025-04-21,B550629,한국교육학술정보원
지식재산의 의미와 종류,,"지식재산, 지식재산권, 특허권, 실용신안권, 디자인권, 상표권",,,,,https://www.edunet.net/contsMvGllry/view/152/36272,,2025-04-21,B550629,한국교육학술정보원
발명 기법으로 창의적인 아이디어 생각하기,,"발명, 발명품, 발명 기법, 아이디어, 생각하기",,,,,https://www.edunet.net/contsMvGllry/view/152/36385,,2025-04-21,B550629,한국교육학술정보원
"여성 사업가, 리사 수",,"리사수, 사업가, 인공지능, 반도체, 컴퓨터",,,,,https://www.edunet.net/contsMvGllry/view/152/40197,,2025-04-21,B550629,한국교육학술정보원
"인공지능이 공부하는 방법, 딥러닝",,"인공지능, 딥러닝, 머신러닝, 프로그래밍, 데이터",,,,,https://www.edunet.net/contsMvGllry/view/152/43059,,2025-04-21,B550629,한국교육학술정보원
생활 속에서 로봇이 활용되는 사례를 알아봅시다.,,"로봇, 생활, 활용, AI, 기술",,,,,https://www.edunet.net/contsMvGllry/view/152/50027,,2025-04-21,B550629,한국교육학술정보원
천년고찰 ‘황룡사’를 복원하다.,,"AR, 황룡사, 경주, 증강현실, 복원",,,,,https://www.edunet.net/contsMvGllry/view/152/64465,,2025-04-21,B550629,한국교육학술정보원
로봇 개발자들은 어떻게 일을 하고 있을까요,,"로봇, 개발자, 공학자, 휴머노이드, 생활",,,,,https://www.edunet.net/contsMvGllry/view/152/1965874,,2025-04-21,B550629,한국교육학술정보원
가상현실과 증강현실의 차이점,,"가상현실, 증강현실, AR, VR, 체험",,,,,https://www.edunet.net/contsMvGllry/view/152/2007514,,2025-04-21,B550629,한국교육학술정보원
"지구를 살리는 인공 태양, 핵융합 발전",,"신재생 에너지, 핵융합, 전기 에너지, 에너지 개발, 핵분열",,,,,https://www.edunet.net/contsMvGllry/view/152/2008179,,2025-04-21,B550629,한국교육학술정보원
세상을 바꾸는 발명,,"발명, 발명 기법, 아이디어, 창의적",,,,,https://www.edunet.net/contsMvGllry/view/152/2078840,,2025-04-21,B550629,한국교육학술정보원
센서 하우스,,"센서 하우스, 자동 감지, 코딩, 엔트리",,,,,https://www.edunet.net/contsMvGllry/view/152/2078841,,2025-04-21,B550629,한국교육학술정보원
새로운 직업의 탄생,,"직업, 4차산업, IT, 미래사회, 직업세계",,,,,https://www.edunet.net/contsMvGllry/view/152/2928,,2025-04-21,B550629,한국교육학술정보원
전기 자동차의 종류,,"전기 자동차, 하이브리드 자동차, 플러그인 하이브리드 자동차, 친환경 자동차, 수송 수단",,,,,https://www.edunet.net/contsMvGllry/view/152/63650,,2025-04-21,B550629,한국교육학술정보원
크리에이터에 대하여 알고 싶어요,,"유투브, 크리에이터, 직업, 장래희망, 콘텐츠",,,,,https://www.edunet.net/contsMvGllry/view/152/2003515,,2025-04-21,B550629,한국교육학술정보원
빅데이터의 활용,,"4차산업혁명, 빅데이터, 정보통신기술, 기술, 생활",,,,,https://www.edunet.net/contsMvGllry/view/152/2006463,,2025-04-21,B550629,한국교육학술정보원
생활 속 생체모방기술,,"생체모방기술, 자연, 생활",,,,,https://www.edunet.net/contsMvGllry/view/152/2078842,,2025-04-21,B550629,한국교육학술정보원
태양전지,,"태양전지, 무공해 청정 에너지원, 에너지 절감",,,,,https://www.edunet.net/contsMvGllry/view/152/2078843,,2025-04-21,B550629,한국교육학술정보원
카드보드 의자 만들기,,"기술, 카드보드, 의자, 만들기, 재생종이",,,,,https://www.edunet.net/contsMvGllry/view/152/8257,,2025-04-21,B550629,한국교육학술정보원
지진 대비 설계 실험,,"지진, 설계, 실험, 내진, 건설",,,,,https://www.edunet.net/contsMvGllry/view/152/1967406,,2025-04-21,B550629,한국교육학술정보원
간단한 생활 소품 만들기,,"생활 소품, 면 마스크, 손바느질, 마스크, DIY",,,,,https://www.edunet.net/contsMvGllry/view/152/1989125,,2025-04-21,B550629,한국교육학술정보원
콘덴서 비행기 만들기,,"수송, 기술, 비행기, 문제해결, 콘덴서",,,,,https://www.edunet.net/contsMvGllry/view/152/2001934,,2025-04-21,B550629,한국교육학술정보원
낙하산을 탄 달걀은 어떻게 될까,,"낙하산, 달걀, 실험, 낙하실험, 수송 장치",,,,,https://www.edunet.net/contsMvGllry/view/152/2010587,,2025-04-21,B550629,한국교육학술정보원
바느질의 종류와 방법,,"손바느질, 바느질, 홈질, 박음질, 시침질",,,,,https://www.edunet.net/contsMvGllry/view/152/2018543,,2025-04-21,B550629,한국교육학술정보원
DIY 책상 꾸미기,,"DIY, 디자인, 소품, 스스로",,,,,https://www.edunet.net/contsMvGllry/view/152/2078844,,2025-04-21,B550629,한국교육학술정보원
미세먼지측정기 DIY,,"미세먼지측정기, 에어포칼립스, 미세먼지, 만들기",,,,,https://www.edunet.net/contsMvGllry/view/152/2078853,,2025-04-21,B550629,한국교육학술정보원
무선 충전기,,"무선 충전기, 편리성, 원리, 자기장",,,,,https://www.edunet.net/contsMvGllry/view/152/2078845,,2025-04-21,B550629,한국교육학술정보원
사례로 살펴보는 책임있는 소비생활,,"소비자, 권리, 블랙컨슈머, 악덕소비자, 노쇼, 갑질",,,,,https://www.edunet.net/contsMvGllry/view/152/39526,,2025-04-21,B550629,한국교육학술정보원
푸드 마일리지란 무엇일까,,"푸드 마일리지, 로컬 푸드, 마일리지, 환경보호, 환경",,,,,https://www.edunet.net/contsMvGllry/view/152/85779,,2025-04-21,B550629,한국교육학술정보원
패스트 패션과 환경,,"패스트 패션, SPA, 환경, 의복, 제작, 처분",,,,,https://www.edunet.net/contsMvGllry/view/152/90852,,2025-04-21,B550629,한국교육학술정보원
윤리적 소비의 실천,,"윤리적 소비, 공정무역, 소비, 폐기, 생산",,,,,https://www.edunet.net/contsMvGllry/view/152/2024847,,2025-04-21,B550629,한국교육학술정보원
옷의 일생,,"옷의 일생, 섬유의 종류, 옷",,,,,https://www.edunet.net/contsMvGllry/view/152/2078846,,2025-04-21,B550629,한국교육학술정보원
"1리터의 기적, 페트병 전구 만들기",,"기술, 적정기술, 페트병 전구, 전력 공급, 태양열, 누전",,,,,https://www.edunet.net/contsMvGllry/view/152/1981083,,2025-04-21,B550629,한국교육학술정보원
재생가능에너지 100 도시로 가는 길,,"재생가능에너지, 지구 온난화, 화석 연료, 미래 도시",,,,,https://www.edunet.net/contsMvGllry/view/152/2078847,,2025-04-21,B550629,한국교육학술정보원
청소와 세제(계면활성제의 독성에 관한 내용),,"청소, 세제, 세정제, 계면활성제, 천연 세정제",,,,,https://www.edunet.net/contsMvGllry/view/152/18453,,2025-04-21,B550629,한국교육학술정보원
전통 한옥에서 엿보는 선조의 지혜,,"한옥, 건설 기술, 건축, 전통, 조상",,,,,https://www.edunet.net/contsMvGllry/view/152/94151,,2025-04-21,B550629,한국교육학술정보원
알고 쓰는 금속의 종류,,"기술, 금속, 금, 은, 구리, 납, 수은, 주석",,,,,https://www.edunet.net/contsMvGllry/view/152/1967121,,2025-04-21,B550629,한국교육학술정보원
공기청정기 올바른 활용법,,"쾌적한 생활 공간, 공기청정기, 공기 정화, 미세먼지, 공기오염",,,,,https://www.edunet.net/contsMvGllry/view/152/1976797,,2025-04-21,B550629,한국교육학술정보원
내가 생각하는 최고의 발명품,,"발명, 적정기술, 쏠라 카우, 냉장고, 생활",,,,,https://www.edunet.net/contsMvGllry/view/152/1998000,,2025-04-21,B550629,한국교육학술정보원
찌리릿 전기는 무엇일까요,,"전기, 안전, 재생가능에너지",,,,,https://www.edunet.net/contsMvGllry/view/152/2078848,,2025-04-21,B550629,한국교육학술정보원
레이저 커팅기를 활용한 업사이클링 에코백 만들기,,"업사이클링, 에코 디자인, 에코백, 만들기",,,,,https://www.edunet.net/contsMvGllry/view/152/2078850,,2025-04-21,B550629,한국교육학술정보원
기술적 문제해결과정,,"발명, 문제해결과정, 확산적 사고기법, 수렴적 사고기법,",,,,,https://www.edunet.net/contsMvGllry/view/152/2078851,,2025-04-21,B550629,한국교육학술정보원
한류열풍의 비타민 응원봉으로 알아보는 지식재산권,,"응원봉, 브레인라이팅, 브레인스토밍, 문제해결과정, 발명",,,,,https://www.edunet.net/contsMvGllry/view/152/2078852,,2025-04-21,B550629,한국교육학술정보원
정보윤리의식 - 사이버 속에서도 지켜야 하는 예절,,"정보윤리의식, 저작권, 계정 도용, 사이버 예절",,,,,https://www.edunet.net/contsMvGllry/view/152/2078854,,2025-04-21,B550629,한국교육학술정보원
반가운 소리 택배왔어요,,"택배, 물류, 수송기술, 허브, 스포크 방식",,,,,https://www.edunet.net/contsMvGllry/view/152/2078855,,2025-04-21,B550629,한국교육학술정보원
나는 누구인가,,"2차 성징, 발달, 자아 존중감, 자아 정체감, 사춘기",,,,,https://www.edunet.net/contsMvGllry/view/152/95030,,2025-04-21,B550629,한국교육학술정보원
우리 몸은 어떻게 바뀌고 있을까요,,"2차 성징, 성, 발달, 사춘기, 변화",,,,,https://www.edunet.net/contsMvGllry/view/152/97369,,2025-04-21,B550629,한국교육학술정보원
중독과 뇌,,"중독, 중독과 뇌, 중독 요인, 중독의 원인, 쾌락, 중독 질환, 중독의 기전",,,,,https://www.edunet.net/contsMvGllry/view/152/239,,2025-04-21,B550629,한국교육학술정보원
사이버 폭력이란,,"사이버 폭력, 사이버 폭력 유형, 사이버 언어 폭력, 사이버 명예 훼손, 사이버 스토킹, 사이버 따돌림, 사이버 성폭력",,,,,https://www.edunet.net/contsMvGllry/view/152/1750,,2025-04-21,B550629,한국교육학술정보원
전자담배도 담배예요,,"전자담배 사용 예방, 전자담배 종류, 액상형 전자담배, 궐련형 전자담배, 전자담배의 위험성",,,,,https://www.edunet.net/contsMvGllry/view/152/2127,,2025-04-21,B550629,한국교육학술정보원
건강을 위한 근력 운동,,"근력, 운동, 호르몬, 성장, 에너지",,,,,https://www.edunet.net/contsMvGllry/view/152/2144,,2025-04-21,B550629,한국교육학술정보원
아동기에는 인지적으로 어떤 변화가 일어날까요,,"아동기, 생각, 인지적, 인지적 발달, 두뇌",,,,,https://www.edunet.net/contsMvGllry/view/152/2587,,2025-04-21,B550629,한국교육학술정보원
응급처치의 필요성,,"응급처치, 필요성, 사례, 심폐소생술, 하임리히법",,,,,https://www.edunet.net/contsMvGllry/view/152/3336,,2025-04-21,B550629,한국교육학술정보원
나의 몸에 나타나는 건강한 변화,,"성장, 신체, 발달, 신체 변화, 2차 성징, 월경, 몽정",,,,,https://www.edunet.net/contsMvGllry/view/152/4695,,2025-04-21,B550629,한국교육학술정보원
"안전한 비행, 즐거운 여행",,"안전한 비행, 항공기 탑승, 항공기 사고  발생 시 행동 요령, 버드 스트라이크, 항공기 좌석벨트 착용, 산소마스크, 구명조끼, 90초 법칙, 비상 행동 요령",,,,,https://www.edunet.net/contsMvGllry/view/152/5417,,2025-04-21,B550629,한국교육학술정보원
생명의 물,,"건강, 물, 생명",,,,,https://www.edunet.net/contsMvGllry/view/152/5960,,2025-04-21,B550629,한국교육학술정보원
"신나는 물놀이, 안전하게 즐겨요",,"여름철 물놀이, 물놀이 안전 수칙, 물놀이 안전 사고 유형, 안전한 물놀이",,,,,https://www.edunet.net/contsMvGllry/view/152/6295,,2025-04-21,B550629,한국교육학술정보원
가정폭력 유형 알아보고 신고하기,,"가정폭력 유형, 가정폭력 신고 방법, 아동학대, 가정폭력 종류, 아이지킴콜 어플, 안전한 사회 만들기",,,,,https://www.edunet.net/contsMvGllry/view/152/6552,,2025-04-21,B550629,한국교육학술정보원
아동학대 유형 및 대처방법,,"아동학대, 아동학대의 유형, 아동의 권리, 모두의 관심",,,,,https://www.edunet.net/contsMvGllry/view/152/6590,,2025-04-21,B550629,한국교육학술정보원
"청소년 음주, 무엇이 문제일까",,"청소년 음주, 청소년 음주의 유해성, 청소년이 술을 마시면 안 되는 이유, 청소년 음주 예방",,,,,https://www.edunet.net/contsMvGllry/view/152/6874,,2025-04-21,B550629,한국교육학술정보원
양성평등,,"성 고정관념, 양성평등, 편견, 불평등",,,,,https://www.edunet.net/contsMvGllry/view/152/8155,,2025-04-21,B550629,한국교육학술정보원
"신나는 산행, 안전하게 즐겨요",,"산행, 산행 안전 행동 요령, 등산 시 주의할 점, 산의 위험 요소, 안전한 등산",,,,,https://www.edunet.net/contsMvGllry/view/152/9796,,2025-04-21,B550629,한국교육학술정보원
"황사와 미세먼지, 어떻게 대처할까요",,"황사, 미세먼지, 피해, 대처 방법",,,,,https://www.edunet.net/contsMvGllry/view/152/9916,,2025-04-21,B550629,한국교육학술정보원
상황에 따른 응급처치,,"응급처치, 상황, 방법, 임시 처치, 회복",,,,,https://www.edunet.net/contsMvGllry/view/152/10644,,2025-04-21,B550629,한국교육학술정보원
가정폭력의 대처 방법,,"가정폭력, 가정폭력 대처 방법, 평등한 가족, 안전한 가족",,,,,https://www.edunet.net/contsMvGllry/view/152/11275,,2025-04-21,B550629,한국교육학술정보원
스마트폰 중독과 올바른 사용법,,"사이버 중독, 인체, 중독, 증상, 스마트폰, 컴퓨터",,,,,https://www.edunet.net/contsMvGllry/view/152/11901,,2025-04-21,B550629,한국교육학술정보원
폭우 발생 시 대처 방법,,"폭우, 피해, 대처 방법, 재난, 집중호우, 폭우 경보",,,,,https://www.edunet.net/contsMvGllry/view/152/12169,,2025-04-21,B550629,한국교육학술정보원
학교폭력 대처 방법,,"학교폭력, 학교폭력 대처방법, 친구사랑, 친구, 폭력",,,,,https://www.edunet.net/contsMvGllry/view/152/13392,,2025-04-21,B550629,한국교육학술정보원
사이버 중독이 인체에 미치는 영향,,"사이버 중독, 인체, 중독, 증상, 스마트폰, 컴퓨터",,,,,https://www.edunet.net/contsMvGllry/view/152/13431,,2025-04-21,B550629,한국교육학술정보원
바닷가 물놀이 안전수칙,,"물놀이, 여름, 바닷가",,,,,https://www.edunet.net/contsMvGllry/view/152/13537,,2025-04-21,B550629,한국교육학술정보원
불량 식품 이제 그만,,"영양, 균형, 불량 식품, 건강",,,,,https://www.edunet.net/contsMvGllry/view/152/14003,,2025-04-21,B550629,한국교육학술정보원
식품 알레르기와 안전한 식생활,,"식품 알레르기의 이해, 식품 알레르기의 예방법, 안전한 식생활, 면역체계의 오작동, 알레르기 종류, 식품 알레르기 관리",,,,,https://www.edunet.net/contsMvGllry/view/152/14943,,2025-04-21,B550629,한국교육학술정보원
"평생 건강의 지름길, 생활 습관을 알아보아요",,"건강한 생활 습관, 건강검진, 바른 식습관, 규칙적인 운동, 수면과 휴식, 스트레스 관리, 금연, 금주, 예방접종",,,,,https://www.edunet.net/contsMvGllry/view/152/15209,,2025-04-21,B550629,한국교육학술정보원
안전하고 즐거운 등산,,"등산, 산행, 안전 수칙, 산",,,,,https://www.edunet.net/contsMvGllry/view/152/16488,,2025-04-21,B550629,한국교육학술정보원
"안전한 가정, 행복한 가정",,"가정, 안전, 안전 수칙, 예방",,,,,https://www.edunet.net/contsMvGllry/view/152/16619,,2025-04-21,B550629,한국교육학술정보원
학교에 있는 소방시설 알고 있나요,,"학교 소방시설, 학교 소방시설의 기능, 학교 소방시설의 사용법, 화재의 종류, 소화기 사용법, 완강기 사용법, 스프링클러",,,,,https://www.edunet.net/contsMvGllry/view/152/18608,,2025-04-21,B550629,한국교육학술정보원
소중한 나,,"나의 소중함, 행복, 자살예방, 존재의 이유, 건강한 마음",,,,,https://www.edunet.net/contsMvGllry/view/152/19179,,2025-04-21,B550629,한국교육학술정보원
인터넷의 올바른 사용법,,"게임, 습관, 사이버 중독, 게임 중독, 컴퓨터, 스마트폰",,,,,https://www.edunet.net/contsMvGllry/view/152/20460,,2025-04-21,B550629,한국교육학술정보원
소중한 생명을 살리는 심폐소생술 우리도 할 수 있어요,,"심폐소생술, 심정지 환자, 심정지 환자 응급처치법, 심폐소생술 골든 타임, 심장의 구조, 심폐소생술 시행 방법, 가슴 압박 소생술, 자동심장충격기 사용법",,,,,https://www.edunet.net/contsMvGllry/view/152/22006,,2025-04-21,B550629,한국교육학술정보원
에너지를 올리는 에너지 음료,,"고카페인 음료, 고카페인 음료가 건강에 미치는 영향, 청소년 카페인 적정량, 카페인 함유량, 카페인 일일 섭취 권고량",,,,,https://www.edunet.net/contsMvGllry/view/152/23033,,2025-04-21,B550629,한국교육학술정보원
"점점 더 강력해지는 집중호우와 태풍, 어떻게 대비할까",,"집중호우, 태풍, 자연재해, 행동 요령, 침수, 범람, 산사태, 해일, 해난사고",,,,,https://www.edunet.net/contsMvGllry/view/152/23342,,2025-04-21,B550629,한국교육학술정보원
응급상황의 종류와 특징,,"응급상황, 응급상황 종류, 응급상황 원인, 응급상황 특징, 응급상황 증상",,,,,https://www.edunet.net/contsMvGllry/view/152/24020,,2025-04-21,B550629,한국교육학술정보원
"개인형 이동장치(PM, Personal Mobility) 안전하게 이용해요",,"개인형 이동장치, 개인형 이동장치 안전 수칙, 도로교통법, 전동 킥보드, 전동 이륜평행차, 전기자전거",,,,,https://www.edunet.net/contsMvGllry/view/152/24376,,2025-04-21,B550629,한국교육학술정보원
안전한 등굣길을 돕는 스쿨존,,"스쿨존, 안전, 등굣길",,,,,https://www.edunet.net/contsMvGllry/view/152/24520,,2025-04-21,B550629,한국교육학술정보원
올바른 사이버 예절,,"사이버 예절, 개인 정보, 저작권 침해, 개인 정보 보호, 사이버",,,,,https://www.edunet.net/contsMvGllry/view/152/24905,,2025-04-21,B550629,한국교육학술정보원
성폭력을 해서는 안돼요,,"성폭력, 성 의식, 성범죄, 처벌",,,,,https://www.edunet.net/contsMvGllry/view/152/27726,,2025-04-21,B550629,한국교육학술정보원
"내 목이 일자목, 거북목이라고",,"건강, 성장, 자세, 신체, 바른자세",,,,,https://www.edunet.net/contsMvGllry/view/152/27899,,2025-04-21,B550629,한국교육학술정보원
헬스 리터러시를 아시나요,,"건강에 유익한 정보, 건강에 유익한 자원, 올바른 건강정보, 헬스 리터러시, 건강정보, 올바른 건강정보 선택",,,,,https://www.edunet.net/contsMvGllry/view/152/28378,,2025-04-21,B550629,한국교육학술정보원
화재 발생 시 대처 방법,,"화재, 원인, 예방법, 대피 요령, 소화기 사용법, 119 신고 방법",,,,,https://www.edunet.net/contsMvGllry/view/152/28673,,2025-04-21,B550629,한국교육학술정보원
내 몸에 독이되는 환경 호르몬,,"환경 호르몬, 건강, 생태계, 성장, 안전, 환경, 지속 가능발전",,,,,https://www.edunet.net/contsMvGllry/view/152/29092,,2025-04-21,B550629,한국교육학술정보원
안전하게 이용하는 엘리베이터,,"엘리베이터, 갇힘 사고, 끼임 사고, 추락 사고, 비상 버튼",,,,,https://www.edunet.net/contsMvGllry/view/152/29466,,2025-04-21,B550629,한국교육학술정보원
안전한 놀잇감,,"안전사고, 어린이, 어린이 안전사고, 마음, 놀잇감, 장난감",,,,,https://www.edunet.net/contsMvGllry/view/152/29920,,2025-04-21,B550629,한국교육학술정보원
전자담배는 안전할까,,"전자담배, 전자담배의 위험성, 청소년 흡연, 전자담배의 구성, 니코틴, 궐련형 전자담배, 액상형 전자담배, 전자담배의 오해, 전자담배의 위해성",,,,,https://www.edunet.net/contsMvGllry/view/152/30623,,2025-04-21,B550629,한국교육학술정보원
위험한 음주 운전,,"음주, 음주운전, 과음, 술",,,,,https://www.edunet.net/contsMvGllry/view/152/30984,,2025-04-21,B550629,한국교육학술정보원
안전하게 놀이터를 이용해볼까요,,"놀이터, 놀이기구, 미끄럼튼, 그네, 시소",,,,,https://www.edunet.net/contsMvGllry/view/152/31182,,2025-04-21,B550629,한국교육학술정보원
스몸비 무엇이 문제일까,,"스몸비, 스마트폰 중독, 스마트폰 중독 예방법, 스마트폰, 좀비, 스마트폰 사용의 위험성, 스몸비 대책, 스마트폰 사고 예방,",,,,,https://www.edunet.net/contsMvGllry/view/152/31752,,2025-04-21,B550629,한국교육학술정보원
"우리 몸을 아프게 하는 물질, 환경 호르몬",,"환경, 환경 호르몬, 호르몬, 환경 호르몬 종류, 환경 호르몬 영향",,,,,https://www.edunet.net/contsMvGllry/view/152/32020,,2025-04-21,B550629,한국교육학술정보원
알레르기 이해하기,,"알레르기 질환, 알레르기 관리법, 알레르기 기전, 알레르기 원인, 알레르기 증상, 알레르기 치료 방법",,,,,https://www.edunet.net/contsMvGllry/view/152/34572,,2025-04-21,B550629,한국교육학술정보원
건강한 체중 유지를 위한 한 걸음,,"건강, 비만, 체중, 식습관, 운동",,,,,https://www.edunet.net/contsMvGllry/view/152/35258,,2025-04-21,B550629,한국교육학술정보원
나는 건강한 수면을 하고 있을까,,"건강한 수면 습관, 건강한 수면 방법, 불면증, 양질의 수면, 수면의 중요성",,,,,https://www.edunet.net/contsMvGllry/view/152/37308,,2025-04-21,B550629,한국교육학술정보원
위험한 성폭력,,"성폭력, 피해, 2차 피해, 2차 가해, 성적 자기 결정권",,,,,https://www.edunet.net/contsMvGllry/view/152/39190,,2025-04-21,B550629,한국교육학술정보원
비누로 손을 씻어야 하는 이유,,"올바른 손 씻기, 비누를 사용한 손 씻기 효과, 비누로 손 씻어야 하는 이유, 감염병 예방, 올바른 손 씻기 방법",,,,,https://www.edunet.net/contsMvGllry/view/152/41958,,2025-04-21,B550629,한국교육학술정보원
아동기에는 정서적으로 어떤 변화가 일어날까요,,"아동기, 정서적 발달, 감정의 변화, 자존감, 자아존중감",,,,,https://www.edunet.net/contsMvGllry/view/152/42389,,2025-04-21,B550629,한국교육학술정보원
다양한 감염병과 예방 행동 수칙,,"면역, 면역력, 건강, 겅강한 습관",,,,,https://www.edunet.net/contsMvGllry/view/152/43669,,2025-04-21,B550629,한국교육학술정보원
월경용품 사용법: 면 월경대,,"월경용품 사용법, 면 월경대, 면 월경대 사용법, 면 월경대 사이즈, 면 월경대 세탁법",,,,,https://www.edunet.net/contsMvGllry/view/152/46377,,2025-04-21,B550629,한국교육학술정보원
교통 표지판과 교통규칙,,"교통표지판, 위험 요인, 신호등, 도로, 거리",,,,,https://www.edunet.net/contsMvGllry/view/152/46612,,2025-04-21,B550629,한국교육학술정보원
어린이 교통사고 유형과 원인,,"어린이, 교통사고, 신호등, 횡단보도, 교통안전",,,,,https://www.edunet.net/contsMvGllry/view/152/49474,,2025-04-21,B550629,한국교육학술정보원
나도 모르는 사이에 성매매 피해자가 될 수 있다,,"청소년 성매매 과정, 청소년 성매매 위험성, 청소년 성매매 피해 예방법, 청소년 성매매 피해 사례, 청소년 지원 센터",,,,,https://www.edunet.net/contsMvGllry/view/152/51321,,2025-04-21,B550629,한국교육학술정보원
건강한 간식,,"간식, 유통기한, 사용기한, 해썹(HACCP)인증, 어린이 기호식품 품질인증, 식품영양표시",,,,,https://www.edunet.net/contsMvGllry/view/152/52284,,2025-04-21,B550629,한국교육학술정보원
인터넷 중독,,"인터넷, 습관, 사이버 중독, 사용법, 컴퓨터, 스마트폰",,,,,https://www.edunet.net/contsMvGllry/view/152/52718,,2025-04-21,B550629,한국교육학술정보원
"낙상, 위험할 수 있어요.",,"낙상, 안전, 넘어짐, 낙상사고, 사고예방",,,,,https://www.edunet.net/contsMvGllry/view/152/53005,,2025-04-21,B550629,한국교육학술정보원
자전거 보호 장구는 무엇이 있을까,,"자전거 보호 장구, 자전거 보호 장구의 종류, 자전거 헬멧, 팔꿈치 보호대, 무릎 보호대, 타박상, 찰과상, 자전거 사고 예방법",,,,,https://www.edunet.net/contsMvGllry/view/152/55584,,2025-04-21,B550629,한국교육학술정보원
도로에서 지켜야 할 규칙,,"도로, 보행자, 운전자, 안전",,,,,https://www.edunet.net/contsMvGllry/view/152/56759,,2025-04-21,B550629,한국교육학술정보원
폭발 및 붕괴 사고 발생 시 대처 방법,,"폭발 사고, 붕괴 사고, 폭발, 붕괴의 의미, 폭발, 붕괴 사고의 원인, 폭발, 붕괴 사고의 대처 방법",,,,,https://www.edunet.net/contsMvGllry/view/152/57302,,2025-04-21,B550629,한국교육학술정보원
더 알아야 할 담배의 진실,,"청소년 흡연 예방, 담배의 진실, 담배 회사 마케팅, 파워 월, 소비자의 충동구매, 규제의 사각지대, 담배 회사의 판매 전략",,,,,https://www.edunet.net/contsMvGllry/view/152/57586,,2025-04-21,B550629,한국교육학술정보원
전기자전거 안전 운행 수칙,,"전기자전거 안전 운행, 전기자전거 운전면허, 스로틀, 파스, 원동기장치자전거, 전기자전거 안전 수칙, 자전거 도로 주행, 자전거 수신호",,,,,https://www.edunet.net/contsMvGllry/view/152/58567,,2025-04-21,B550629,한국교육학술정보원
폭염 발생 시 대처 방법,,"폭염, 피해, 대처 방법, 재난, 폭염 주의, 폭염 경보",,,,,https://www.edunet.net/contsMvGllry/view/152/59288,,2025-04-21,B550629,한국교육학술정보원
복용하지 못하는 약은 어디에 버려야 할까요,,"폐의약품 관리, 안전한 폐의약품 처리 방법, 폐의약품 수거함, 폐의약품 분리 배출",,,,,https://www.edunet.net/contsMvGllry/view/152/59309,,2025-04-21,B550629,한국교육학술정보원
청소년 근로자도 권리가 있다,,"청소년 근로자, 청소년 노동인권, 안전하게 일하는 방법, 청소년 근로자 안전 보장, 학생 인권",,,,,https://www.edunet.net/contsMvGllry/view/152/60080,,2025-04-21,B550629,한국교육학술정보원
일터의 안전사고 유형과 예방방법,,"직업 안전, 안전사고, 예방방법, 안전 장비",,,,,https://www.edunet.net/contsMvGllry/view/152/61047,,2025-04-21,B550629,한국교육학술정보원
수영장 및 워터파크 안전하게 이용하기,,"수상안전, 수영장, 워터파크, 안전 수칙, 물놀이, 여름방학, 수상활동, 저체온증",,,,,https://www.edunet.net/contsMvGllry/view/152/61167,,2025-04-21,B550629,한국교육학술정보원
우리 집 약상자 만들기,,"올바른 약의 보관, 올바른 약의 복용, 안전한 의약품 사용, 약상자 만들기",,,,,https://www.edunet.net/contsMvGllry/view/152/63407,,2025-04-21,B550629,한국교육학술정보원
많은 사람이 한꺼번에 몰릴 땐 어떻게 해야할까요,,"밀집사고, 안전사고, 대응방안",,,,,https://www.edunet.net/contsMvGllry/view/152/63814,,2025-04-21,B550629,한국교육학술정보원
아동기에는 신체적으로 어떤 변화가 일어날까요,,"아동기, 키, 몸무게, 운동 능력, 신체적 특징, 신체 발달",,,,,https://www.edunet.net/contsMvGllry/view/152/64401,,2025-04-21,B550629,한국교육학술정보원
스마트폰 중독이 질병일 수 있다고,,"스마트폰 중독, 행위 중독, 행위 중독 유형, 행위 중독 예방법, 행위 중독 관리법, 행위 중독 증상",,,,,https://www.edunet.net/contsMvGllry/view/152/64654,,2025-04-21,B550629,한국교육학술정보원
지진 발생 시 대처 방법,,"지진, 위험성, 피해, 상황, 장소, 행동 요령",,,,,https://www.edunet.net/contsMvGllry/view/152/64670,,2025-04-21,B550629,한국교육학술정보원
허리가 휘면 키가 자라지 않아요.,,"건강, 성장, 자세, 바른 자세",,,,,https://www.edunet.net/contsMvGllry/view/152/64789,,2025-04-21,B550629,한국교육학술정보원
잘못 사용하면 위험한 손 소독제,,"손 소독제, 코로나19, 손 소독제 안전사고, 구매 방법, 보관 방법, 사용 방법",,,,,https://www.edunet.net/contsMvGllry/view/152/67170,,2025-04-21,B550629,한국교육학술정보원
마음의 문을 열고 긍정적으로 살아요.,,"마음, 긍정, 건강, 태도",,,,,https://www.edunet.net/contsMvGllry/view/152/67242,,2025-04-21,B550629,한국교육학술정보원
10대 청소년 무면허 운전은 절대 안 돼요,,"청소년 무면허 운전, 무면허 교통사고, 무면허 운전 처벌",,,,,https://www.edunet.net/contsMvGllry/view/152/68810,,2025-04-21,B550629,한국교육학술정보원
머리가 아파요,,"두통의 원인, 두통 대처 방법, 편두통, 긴장형 두통, 편두통 전조증상, 스트레스, 건강한 생활 습관",,,,,https://www.edunet.net/contsMvGllry/view/152/69099,,2025-04-21,B550629,한국교육학술정보원
에이즈 바로 알기,,"에이즈 감염, 에이즈 감염 경로, 에이즈 감염 원인, 에이즈 위험성, 에이즈 예방법",,,,,https://www.edunet.net/contsMvGllry/view/152/69446,,2025-04-21,B550629,한국교육학술정보원
따뜻하고 안전한 겨울 보내기,,"난방 기기, 전기장판, 난로, 핫팩, 겨울철",,,,,https://www.edunet.net/contsMvGllry/view/152/69895,,2025-04-21,B550629,한국교육학술정보원
아동기 성적 발달에 대한 바람직한 태도는 무엇일까요,,"아동기, 발달, 변화, 태도, 마음가짐",,,,,https://www.edunet.net/contsMvGllry/view/152/70897,,2025-04-21,B550629,한국교육학술정보원
내 자전거 건강 상태는 어떠한가요,,"자전거 안전 점검 방법, 자전거 교통 사고, 안전모 착용, 브레이크 작동 확인, 타이어 공기압 확인, 체인 점검, 안전한 자전거 타기",,,,,https://www.edunet.net/contsMvGllry/view/152/71036,,2025-04-21,B550629,한국교육학술정보원
골목길 안전하게 다니기,,"동네, 골목길, 안전, 사고예방, 마을",,,,,https://www.edunet.net/contsMvGllry/view/152/71949,,2025-04-21,B550629,한국교육학술정보원
"내 몸의 방어 기능, 면역",,"면역, 면역력, 건강, 건강한 습관",,,,,https://www.edunet.net/contsMvGllry/view/152/72423,,2025-04-21,B550629,한국교육학술정보원
압사사고 예방하기,,"안전, 사고, 예방, 압사",,,,,https://www.edunet.net/contsMvGllry/view/152/72984,,2025-04-21,B550629,한국교육학술정보원
민방공 대피 요령을 알아보아요,,"민방공 대피 요령, 비상 상황 발생 시 대피 방법, 민방공 대피 훈련, 민방공 훈련 절차 및 대피 요령, 비상 대피소",,,,,https://www.edunet.net/contsMvGllry/view/152/75114,,2025-04-21,B550629,한국교육학술정보원
지하철 안전하게 이용하기,,"안전, 교통안전, 지하철, 대중교통",,,,,https://www.edunet.net/contsMvGllry/view/152/75933,,2025-04-21,B550629,한국교육학술정보원
최악의 이별,,"스토킹 범죄, 사랑, 이별, 집착, 스토킹 피해, 스토킹 피해 상담 방안, 스토킹 피해 지원 방안, 성숙한 이별",,,,,https://www.edunet.net/contsMvGllry/view/152/75956,,2025-04-21,B550629,한국교육학술정보원
내가 사춘기를 겪는 이유,,"사춘기, 청소년 뇌 변화, 사춘기 특징, 청소년 반항, 테스토스테론, 질풍노도의 시기, 청소년 심리적 특성",,,,,https://www.edunet.net/contsMvGllry/view/152/76361,,2025-04-21,B550629,한국교육학술정보원
안전하게 횡단보도를 건너요.,,"횡단보도, 안전, 교통 안전, 교통",,,,,https://www.edunet.net/contsMvGllry/view/152/76488,,2025-04-21,B550629,한국교육학술정보원
생활 속 고정관념에 따른 성차별,,"성차별, 성차이, 고정관념, 성평등",,,,,https://www.edunet.net/contsMvGllry/view/152/78005,,2025-04-21,B550629,한국교육학술정보원
"룸카페, 왜 갑자기 청소년 출입 금지 구역이 되었을까",,"룸카페, 청소년 출입 금지 업소, 청소년 출입 금지 구역, 청소년 유해업소, 시설 가이드라인, 건전한 여가 생활",,,,,https://www.edunet.net/contsMvGllry/view/152/78816,,2025-04-21,B550629,한국교육학술정보원
나 사랑하기,,"자살예방, 생명존중, 마음치료, 나 사랑하기",,,,,https://www.edunet.net/contsMvGllry/view/152/81044,,2025-04-21,B550629,한국교육학술정보원
"추운 겨울, 건강하게 지내기",,"추운 겨울, 동상, 저체온증, 동상 예방법, 저체온증 예방법, 겨울철 안전 수칙",,,,,https://www.edunet.net/contsMvGllry/view/152/82196,,2025-04-21,B550629,한국교육학술정보원
영상물 등급을 통해 알아보는 안전한 미디어 생활,,"미디어, 영상, 영상물 등급, 영화",,,,,https://www.edunet.net/contsMvGllry/view/152/82489,,2025-04-21,B550629,한국교육학술정보원
아동학대란,,"아동학대, 아동학대의 종류, 112, 경찰신고, 아동의 권리, 모두의 관심",,,,,https://www.edunet.net/contsMvGllry/view/152/82748,,2025-04-21,B550629,한국교육학술정보원
청소년 시기 흔히 겪는 질환 이야기,,"청소년 다빈도 질환, 다빈도 질환 예방, 급성 기관지염, 치아우식증, 다빈도 질환 증상",,,,,https://www.edunet.net/contsMvGllry/view/152/84555,,2025-04-21,B550629,한국교육학술정보원
안전한 과학 실험이 만드는 즐거운 과학 시간,,"과학, 과학실, 실험, 안전",,,,,https://www.edunet.net/contsMvGllry/view/152/84572,,2025-04-21,B550629,한국교육학술정보원
"여성과 남성, 모두 자궁경부암 백신을 접종해야 하나요",,"자궁경부암 백신, 인유두종바이러스, 자궁경부암 예방, HPV 백신, 자궁경부암 백신의 중요성",,,,,https://www.edunet.net/contsMvGllry/view/152/85463,,2025-04-21,B550629,한국교육학술정보원
아동기 성적 발달의 특징,,"성적 발달, 사춘기, 2차 성징, 월경, 사정, 성호르몬",,,,,https://www.edunet.net/contsMvGllry/view/152/87182,,2025-04-21,B550629,한국교육학술정보원
건강을 위한 음식 관리,,"식중독, 가공식품, 상온, 냉동, 냉장",,,,,https://www.edunet.net/contsMvGllry/view/152/87332,,2025-04-21,B550629,한국교육학술정보원
의료 소비,,"병원, 의료기관, 건강, 회복",,,,,https://www.edunet.net/contsMvGllry/view/152/89369,,2025-04-21,B550629,한국교육학술정보원
디지털 성범죄,,"디지털 성범죄, 불법 촬영, 성의식, 성폭력",,,,,https://www.edunet.net/contsMvGllry/view/152/89559,,2025-04-21,B550629,한국교육학술정보원
어디까지 학교폭력일까,,"학교폭력, 학교폭력 사례, 학교폭력 기준, 폭행 범죄, 학교폭력 근절",,,,,https://www.edunet.net/contsMvGllry/view/152/89734,,2025-04-21,B550629,한국교육학술정보원
1일 1운동,,"운동, 건강, 체력, 성장, 몸, 마음",,,,,https://www.edunet.net/contsMvGllry/view/152/93913,,2025-04-21,B550629,한국교육학술정보원
월경용품 사용법: 일회용 월경대,,"월경용품 사용법, 일회용 월경대, 일회용 월경대 사이즈, 일회용 월경대 사용법, 일회용 월경대 사용 기한, 일회용 월경대 버리는 법, 일회용 월경대 교체 시기",,,,,https://www.edunet.net/contsMvGllry/view/152/94975,,2025-04-21,B550629,한국교육학술정보원
상처가 나거나 부딪혔을 때 응급처치 방법은,,"상처 응급처치법, 외상, 타박상, 외상 및 타박상의 특징, 생활 속 부주의, 찰과상, 열상, 절상, 자상",,,,,https://www.edunet.net/contsMvGllry/view/152/96946,,2025-04-21,B550629,한국교육학술정보원
여러 사람이 이용하는 시설을 안전하게 이용하는 방법,,"공공시설, 시설, 놀이터, 영화관, 지하철",,,,,https://www.edunet.net/contsMvGllry/view/152/97254,,2025-04-21,B550629,한국교육학술정보원
지진해일 발생 시 어떻게 해야 하나요,,"지진해일 발생, 지진해일 발생 시 대응 요령, 지진해일 발생 원인, 지진해일 통보 시스템",,,,,https://www.edunet.net/contsMvGllry/view/152/97585,,2025-04-21,B550629,한국교육학술정보원
학교 빈발 감염병 제대로 알기,,"청소년기 감염병 예방 관리, 청소년기 감염병 특성, 독감 특징, 감기 특징, 유행성 눈병, 건강한 생활 습관",,,,,https://www.edunet.net/contsMvGllry/view/152/97620,,2025-04-21,B550629,한국교육학술정보원
미세 플라스틱,,"미세 플라스틱, 플라스틱, 바다 쓰레기, 환경, 환경 문제",,,,,https://www.edunet.net/contsMvGllry/view/152/99025,,2025-04-21,B550629,한국교육학술정보원
Nope 일상 속 성폭력,,"동성 간 성추행, 동성 간 성폭력, 성폭력 사각지대, 성적 자기 결정권, 남성 성폭력 피해자",,,,,https://www.edunet.net/contsMvGllry/view/152/100832,,2025-04-21,B550629,한국교육학술정보원
잘못된 약물 사용 사례 알기,,"약물, 마약, 오용, 남용, 건강",,,,,https://www.edunet.net/contsMvGllry/view/152/101143,,2025-04-21,B550629,한국교육학술정보원
화재 발생 시 불보다 더 무서운 연기,,"화재 발생 시 연기 위험성, 화재 발생 시 대처 방법, 화재 발생 시 연기, 연기 마셨을 때 대처 방법, 연기의 위험성",,,,,https://www.edunet.net/contsMvGllry/view/152/101884,,2025-04-21,B550629,한국교육학술정보원
성매개감염병,,"성매개감염병, 성매개 감염의 종류, 성매개 감염 예방법, 성 접촉 질환, 성병, 성매개 감염 증상",,,,,https://www.edunet.net/contsMvGllry/view/152/1963775,,2025-04-21,B550629,한국교육학술정보원
홍수 및 태풍 발생 시 대처 방법,,"홍수, 태풍, 피해,  대처방법",,,,,https://www.edunet.net/contsMvGllry/view/152/1966749,,2025-04-21,B550629,한국교육학술정보원
올바른 약물 사용법,,"약물, 오용, 남용, 마약",,,,,https://www.edunet.net/contsMvGllry/view/152/1968092,,2025-04-21,B550629,한국교육학술정보원
오토바이 사고를 예방하려면,,"오토바이 사고, 오토바이 사고 예방 수칙, 오토바이 사고의 위험성, 오토바이 안전 운행",,,,,https://www.edunet.net/contsMvGllry/view/152/1969419,,2025-04-21,B550629,한국교육학술정보원
"흡연의 문제점, 위험성",,"흡연, 담배, 건강, 금연, 노담",,,,,https://www.edunet.net/contsMvGllry/view/152/1969674,,2025-04-21,B550629,한국교육학술정보원
가정폭력이란,,"가정폭력, 노인학대, 아동학대, 가정폭력 유형, 가정폭력 원인",,,,,https://www.edunet.net/contsMvGllry/view/152/1969951,,2025-04-21,B550629,한국교육학술정보원
청소년기의 건강한 식생활,,"영양결핍과 비만, 비만의 원인, 비만 예방, 건강 체중 유지, 올바른 식생활 실천",,,,,https://www.edunet.net/contsMvGllry/view/152/1971264,,2025-04-21,B550629,한국교육학술정보원
건강을 위한 치아 관리,,"치아, 잇몸, 양치, 충지",,,,,https://www.edunet.net/contsMvGllry/view/152/1971491,,2025-04-21,B550629,한국교육학술정보원
"생명을 살리는 생명띠, 안전벨트",,"안전벤트, 안전띠, 교통사고, 카시트",,,,,https://www.edunet.net/contsMvGllry/view/152/1975857,,2025-04-21,B550629,한국교육학술정보원
혈관 건강 어릴 때부터 관리해야 한대요,,"혈관 질환, 혈관 건강, 이상지질혈증의 위험성, 혈관 질환 예방법, 동맥 경화증, 심뇌혈관 질환",,,,,https://www.edunet.net/contsMvGllry/view/152/1977975,,2025-04-21,B550629,한국교육학술정보원
월경용품 사용법: 탐폰,,"월경용품 사용법, 탐폰 사용법, 질 입구 주름, 탐폰의 구조, 어플리케이터형 탐폰, 디지털형 탐폰, 독성 쇼크 증후군, 탐폰 사용 시 주의 사항",,,,,https://www.edunet.net/contsMvGllry/view/152/1977976,,2025-04-21,B550629,한국교육학술정보원
학교 시설 안전하게 이용하기,,"학교 시설, 교실, 복도, 계단, 화장실, 운동장, 놀이터",,,,,https://www.edunet.net/contsMvGllry/view/152/1978497,,2025-04-21,B550629,한국교육학술정보원
골목길에서의 안전 사각지대,,"골목길, 사각지대, 길모퉁이, 자동차, 트럭",,,,,https://www.edunet.net/contsMvGllry/view/152/1978520,,2025-04-21,B550629,한국교육학술정보원
"식사일기 일주일 작성으로, 나의 식습관을 파악하자",,"식사일기, 건강한 식습관, 식사일기 작성법, 식사일기 효과, 식습관 파악",,,,,https://www.edunet.net/contsMvGllry/view/152/1979261,,2025-04-21,B550629,한국교육학술정보원
교통안전 실천 약속,,"교통안전 수칙, 안전 수칙, 실천, 다짐, 약속",,,,,https://www.edunet.net/contsMvGllry/view/152/1980177,,2025-04-21,B550629,한국교육학술정보원
"성에 대한 잘못된 인식, 음란물을 피해요",,"음란물, 야한 동영상, 뇌발달, 성인식, 유해 사이트 차단 서비스",,,,,https://www.edunet.net/contsMvGllry/view/152/1980248,,2025-04-21,B550629,한국교육학술정보원
버스 안전하게 이용하기,,"대중교통, 버스, 버스 안전, 버스 사고",,,,,https://www.edunet.net/contsMvGllry/view/152/1980843,,2025-04-21,B550629,한국교육학술정보원
건축물이 무너지면 어떻게 대처해야 하나요,,"건축물 붕괴, 건축물 붕괴 징후, 건축물 붕괴 행동 요령, 건축물 붕괴 대피",,,,,https://www.edunet.net/contsMvGllry/view/152/1981607,,2025-04-21,B550629,한국교육학술정보원
안전한 월경용품 선택법,,"안전한 월경용품 선택법, 몸을 존중하는 방법, 월경용품 종류",,,,,https://www.edunet.net/contsMvGllry/view/152/1982928,,2025-04-21,B550629,한국교육학술정보원
생명을 살리는 응급처치,,"심폐소생술, 자동제세동기, 응급처치, 자동 심장충격기",,,,,https://www.edunet.net/contsMvGllry/view/152/1983550,,2025-04-21,B550629,한국교육학술정보원
배가 아파요,,"복통, 부위별 복통, 속쓰림, 소화불량, 복부팽만, 변비, 설사, 복통의 원인, 담석증, 간 질환, 위염, 췌장염, 위궤양, 십이지장염, 장염, 과민 대장 증후군, 충수돌기염",,,,,https://www.edunet.net/contsMvGllry/view/152/1984988,,2025-04-21,B550629,한국교육학술정보원
헤어질 때도 예절이 필요한가요,,"성장 이별, 올바른 이성 교제, 이성 교제 장점, 이성 교제 예절, 올바른 이별 방법, 성적 자기 결정권, 이별 시 예절",,,,,https://www.edunet.net/contsMvGllry/view/152/1985017,,2025-04-21,B550629,한국교육학술정보원
내 마음 상태의 이해,,"감정, 마음, 조절, 이해, 존중, 건강",,,,,https://www.edunet.net/contsMvGllry/view/152/1986054,,2025-04-21,B550629,한국교육학술정보원
성폭력의 종류,,"성폭력, 성범죄, 성희롱, 성추행, 성적 자기 결정권",,,,,https://www.edunet.net/contsMvGllry/view/152/1986476,,2025-04-21,B550629,한국교육학술정보원
겨울철 안전하게 취미 생활 즐기기,,"겨울철, 겨울 취미, 스키장, 눈썰매장, 얼음낚시, 겨울등산, 스케이트",,,,,https://www.edunet.net/contsMvGllry/view/152/1987317,,2025-04-21,B550629,한국교육학술정보원
학교 폭력이란,,"학교폭력, 학교폭력 유형, 따돌림, 상해 및 폭행, 감금, 협박, 약취 및 유인",,,,,https://www.edunet.net/contsMvGllry/view/152/1987646,,2025-04-21,B550629,한국교육학술정보원
"자동차 사각지대, 정지 거리, 속도를 알아보자",,"자동차 사각지대, 정지 거리, 속도, 보행자 안전 수칙, 올바른 보행 습관, 자동차의 특성",,,,,https://www.edunet.net/contsMvGllry/view/152/1989149,,2025-04-21,B550629,한국교육학술정보원
"너무 더운 여름, 건강하게 지내기",,"열탈진, 열사병, 더운 여름, 여름철 건강 수칙, 생활 안전, 폭염, 지구 온난화, 탈수, 폭염 응급처치",,,,,https://www.edunet.net/contsMvGllry/view/152/1989239,,2025-04-21,B550629,한국교육학술정보원
게임 중독,,"인터넷, 중독, 휴대폰, 인터넷 중독",,,,,https://www.edunet.net/contsMvGllry/view/152/1989993,,2025-04-21,B550629,한국교육학술정보원
염좌와 골절 발생 시 응급처치 방법은,,"염좌, 골절 발생, 근골격계 응급처치, 학교 안전사고, 염좌 발생 원인, 염좌 발생 증상, RICE 요법, 건강한 운동 습관",,,,,https://www.edunet.net/contsMvGllry/view/152/1990288,,2025-04-21,B550629,한국교육학술정보원
방 탈출 아니 통학버스 탈출,,"안전한 통학버스 탑승, 통학버스 탈출, 통학버스 안전 수칙, 통학버스 비상 상황, 안전벨트 착용, 통학버스 탈출, 차량 내 갇힘 사고",,,,,https://www.edunet.net/contsMvGllry/view/152/1991158,,2025-04-21,B550629,한국교육학술정보원
"위생 관리의 첫 걸음, 손 씻기",,"위생, 건강, 손, 손 씻기",,,,,https://www.edunet.net/contsMvGllry/view/152/1992625,,2025-04-21,B550629,한국교육학술정보원
아동기에는 사회적으로 어떤 변화가 일어날까요,,"아동기, 사회적 발달, 우정, 사랑, 또래 집단",,,,,https://www.edunet.net/contsMvGllry/view/152/1992796,,2025-04-21,B550629,한국교육학술정보원
"청소년 근로자, 올바르게 산업재해를 예방하고 대처하려면",,"산업재해, 산업재해 보상, 산업재해 신청 방법, 산업재해 예방법, 아르바이트 사고",,,,,https://www.edunet.net/contsMvGllry/view/152/1993402,,2025-04-21,B550629,한국교육학술정보원
나도 안전한 운전자,,"자전거 안전 수칙, 공공 자전거, 따릉이, 누비자, 안전한 운전 습관, 안전모 착용법, 자전거 횡단, 자전거 수신호",,,,,https://www.edunet.net/contsMvGllry/view/152/1993470,,2025-04-21,B550629,한국교육학술정보원
초경과 몽정,,"초경, 몽정, 아동기 성 발달, 2차 성징",,,,,https://www.edunet.net/contsMvGllry/view/152/1995092,,2025-04-21,B550629,한국교육학술정보원
여름철 냉방 기기 사용요령,,"여름안전, 냉방 기기, 안전 수칙, 선풍기, 에어컨",,,,,https://www.edunet.net/contsMvGllry/view/152/1995824,,2025-04-21,B550629,한국교육학술정보원
사이버 폭력의 대처 방법,,"사이버 폭력, 사이버 폭력 대처 방법, 사이버 세상, 아름다운 사이버 세상",,,,,https://www.edunet.net/contsMvGllry/view/152/1997265,,2025-04-21,B550629,한국교육학술정보원
학교폭력으로부터 나를 지키는 방법,,"학교폭력, 학교폭력 종류, 학교폭력 피해자 안전조치, 긴급보호 조치, 긴급선도 조치, 안전한 교육 문화",,,,,https://www.edunet.net/contsMvGllry/view/152/1997349,,2025-04-21,B550629,한국교육학술정보원
대설 한파 이렇게 대비해요,,"대설 한파, 대설 한파 행동 요령, 대설 한파 대비, 대설 피해, 저체온증, 동상, 한랭 질환자, 대설 주의보, 대설 경보, 한파주의보, 한파경보, 대설 한파 사전 준비",,,,,https://www.edunet.net/contsMvGllry/view/152/1997827,,2025-04-21,B550629,한국교육학술정보원
"갑작스러운 폭설 상황, 어떻게 대처할 수 있을까",,"제설작업, 제설 방법, 빙판길 사고, 낙상사고, 대설 피해",,,,,https://www.edunet.net/contsMvGllry/view/152/1998105,,2025-04-21,B550629,한국교육학술정보원
"응급 사후 피임약, 믿어도 될까요",,"응급 사후 피임약, 응급 사후 피임약 특징, 응급 사후 피임약 주의점, 응급 사후 피임약 부작용, 응급 사후 피임약 효과",,,,,https://www.edunet.net/contsMvGllry/view/152/1999326,,2025-04-21,B550629,한국교육학술정보원
10대에게 더욱 치명적인 마약,,"청소년 마약, 청소년 마약 중독성, 마약 위험성, 청소년 마약류 사용 사례, 마약 중독 원인, 마약의 종류와 부작용",,,,,https://www.edunet.net/contsMvGllry/view/152/2001546,,2025-04-21,B550629,한국교육학술정보원
건강한 눈,,"근시, 눈, 건강, 시력, 건강 관리",,,,,https://www.edunet.net/contsMvGllry/view/152/2002013,,2025-04-21,B550629,한국교육학술정보원
"술의 문제점, 인체에 미치는 영향",,"음주, 술, 알코올, 청소년 음주",,,,,https://www.edunet.net/contsMvGllry/view/152/2002630,,2025-04-21,B550629,한국교육학술정보원
킥보드 안전교육,,"킥보드, 전동 킥보드, 보호장구, 안전모, 횡단보도, 안전",,,,,https://www.edunet.net/contsMvGllry/view/152/2002863,,2025-04-21,B550629,한국교육학술정보원
청소년의 급찐급빠 괜찮을까요,,"급찐급빠, 위험한 다이어트, 건강한 체중 조절, 청소년 건강 관리, 청소년기 신체적 특징, 청소년 비만",,,,,https://www.edunet.net/contsMvGllry/view/152/2002948,,2025-04-21,B550629,한국교육학술정보원
"알쏭달쏭, 화상 응급처치 방법",,"화상, 화상 시 행동 요령, 화상 응급처치법, 화상의 종류, 사고 예방",,,,,https://www.edunet.net/contsMvGllry/view/152/2002995,,2025-04-21,B550629,한국교육학술정보원
나의 건강상태 알아보기,,"건강, 상태, 몸, 마음, 마음, 파악",,,,,https://www.edunet.net/contsMvGllry/view/152/2004141,,2025-04-21,B550629,한국교육학술정보원
흡연 예방교육,,"흡연, 담배, 건강, 금연, 발암",,,,,https://www.edunet.net/contsMvGllry/view/152/2007734,,2025-04-21,B550629,한국교육학술정보원
따돌림 인식하고 예방법 알아보기,,"따돌림, 따돌림 대처 방법, 따돌림 인식, 따돌림 예방법, 괴롭힘, 폭력 감수성, 따돌림 행동 요령, 학교폭력 예방법",,,,,https://www.edunet.net/contsMvGllry/view/152/2008618,,2025-04-21,B550629,한국교육학술정보원
실생활에서 성평등을 실천하는 방안 - 학교편 -,,"성차별, 성차이, 성평등, 실천, 학교문화",,,,,https://www.edunet.net/contsMvGllry/view/152/2010815,,2025-04-21,B550629,한국교육학술정보원
건강을 위한 영양 관리,,"5대 영양소, 탄수화물, 단백질, 지방, 무기질, 비타민, 편식, 비만, 건강학 식습관",,,,,https://www.edunet.net/contsMvGllry/view/152/2011256,,2025-04-21,B550629,한국교육학술정보원
안전한 자전거 생활,,"자전거, 보호 장구, 교통표지판, 자전거 사고, 에티켓",,,,,https://www.edunet.net/contsMvGllry/view/152/2011670,,2025-04-21,B550629,한국교육학술정보원
"우리를 위협하는 감염병, 예방을 위한 노력",,"학교 감염병 예방, 개인 및 공동체의 노력, 감염병 발생 과정, 면역력 증진, 감염병 종류",,,,,https://www.edunet.net/contsMvGllry/view/152/2011987,,2025-04-21,B550629,한국교육학술정보원
성폭력으로부터 나를 지켜요,,"성폭력, 성폭력 유형, 성폭력 예방, 디지털 성폭력",,,,,https://www.edunet.net/contsMvGllry/view/152/2012043,,2025-04-21,B550629,한국교육학술정보원
월경용품 사용법: 월경컵,,"월경용품 사용법, 월경컵 사용법, 월경컵 종류, 월경컵 넣는 방법, 월경컵 보관 방법, 독성 쇼크 증후군, 월경컵 장점, 월경컵 주의점",,,,,https://www.edunet.net/contsMvGllry/view/152/2012227,,2025-04-21,B550629,한국교육학술정보원
눈에 이물질이 들어갔을 때 응급처치,,"눈 이물질 응급처치, 눈 건강, 이물질 대처 방법, 응급처치",,,,,https://www.edunet.net/contsMvGllry/view/152/2012767,,2025-04-21,B550629,한국교육학술정보원
건강한 수면 습관,,"잠, 수면 습관, 숙면, 휴식, 쉼, 회복, 건강",,,,,https://www.edunet.net/contsMvGllry/view/152/2013641,,2025-04-21,B550629,한국교육학술정보원
직업 안전 문화의 이해,,"직업 안전, 안전 문화, 생활 안전, 이해, 직업, 안전",,,,,https://www.edunet.net/contsMvGllry/view/152/2013870,,2025-04-21,B550629,한국교육학술정보원
안전하게 이용하는 에스컬레이터,,"에스컬레이터, 안전, 위험, 생활안전, 에스컬레이터 이용 방법",,,,,https://www.edunet.net/contsMvGllry/view/152/2014106,,2025-04-21,B550629,한국교육학술정보원
학교폭력을 당했다면 대처 방법 3가지,,"학교폭력, 학교폭력 대처 방안, 학교폭력대책심의위원회, 형사고소, 민사소송, 도움 요청, 학교폭력 신고, 학교폭력 상담",,,,,https://www.edunet.net/contsMvGllry/view/152/2015125,,2025-04-21,B550629,한국교육학술정보원
마약의 유혹에 빠지지 않으려면,,"청소년 마약, 청소년 마약 중독성, 마약 위험성, 청소년 마약류 사용 사례, 마약 예방법",,,,,https://www.edunet.net/contsMvGllry/view/152/2015945,,2025-04-21,B550629,한국교육학술정보원
테러 사고 발생 시 대처 방법,,"테러 사고, 테러 사고 의미, 테러 피해 사례, 테러 유형, 테러 사고 대처 방법",,,,,https://www.edunet.net/contsMvGllry/view/152/2016227,,2025-04-21,B550629,한국교육학술정보원
성 상품화,,"성 상품화, 성의식, 성 발달, 성폭력",,,,,https://www.edunet.net/contsMvGllry/view/152/2018561,,2025-04-21,B550629,한국교육학술정보원
포경수술은 선택일까 필수일까,,"포경수술, 포경수술의 필요성, 포경수술 주의점, 포경수술 시기, 포경수술 선택",,,,,https://www.edunet.net/contsMvGllry/view/152/2018949,,2025-04-21,B550629,한국교육학술정보원
선생님 배가 아파요 혹시 식중독일까요,,"식중독 정의, 식중독 예방, 식중독 대처법, 식중독의 위험",,,,,https://www.edunet.net/contsMvGllry/view/152/2019232,,2025-04-21,B550629,한국교육학술정보원
대설 및 한파 발생 시 대처 방법,,"대설, 한파, 피해,  대처 방법",,,,,https://www.edunet.net/contsMvGllry/view/152/2022437,,2025-04-21,B550629,한국교육학술정보원
데이트 폭력은 단호하게 대처해요,,"데이트 폭력, 데이트 폭력 예방, 데이트 폭력 대처, 데이트 폭력 사례, 한국성폭력상담소, 여성긴급전화",,,,,https://www.edunet.net/contsMvGllry/view/152/2022913,,2025-04-21,B550629,한국교육학술정보원
담배로부터 지구를 보호하라,,"담배의 환경 파괴, 담배의 재배와 관련된 환경 파괴, 담배의 제조와 관련된 환경 파괴, 담배의 유통과 관련된 환경 파괴, 담배의 사용과 관련된 환경 파괴, 담배의 폐기와 관련된 환",,,,,https://www.edunet.net/contsMvGllry/view/152/2022931,,2025-04-21,B550629,한국교육학술정보원
나도 ’설탕 중독’일까,,"설탕 중독, 설탕 중독의 원인, 설탕 중독 대응 방법, 달콤한 간식, 인슐린 분비, 세로토닌 변동, 감정 기복, 설탕의 건강 위협, 위험한 식습관",,,,,https://www.edunet.net/contsMvGllry/view/152/2024812,,2025-04-21,B550629,한국교육학술정보원
SNS 저격 이제는 참지 마요,,"SNS 저격, 사이버 폭력, 사이버 폭력 예방법, 온라인 공간, SNS 저격 대처법",,,,,https://www.edunet.net/contsMvGllry/view/152/2025293,,2025-04-21,B550629,한국교육학술정보원
"엄마, 아빠가 되는 과정",,"엄마 되기, 아빠 되기, 아동기 성 발달, 2차 성징",,,,,https://www.edunet.net/contsMvGllry/view/152/2025409,,2025-04-21,B550629,한국교육학술정보원
맛있는 급식을 먹어요,,"식사, 급식, 영양, 식사 예절",,,,,https://www.edunet.net/contsMvGllry/view/152/2025882,,2025-04-21,B550629,한국교육학술정보원
신체적 공격에 대처하는 법,,"신체적 공격, 자기방어 기술, 호신술, 신체적 공격 대응법",,,,,https://www.edunet.net/contsMvGllry/view/152/2026111,,2025-04-21,B550629,한국교육학술정보원
감전을 예방해요.,,"안전교육, 전기, 감전, 안전사고 예방, 감전 예방",,,,,https://www.edunet.net/contsMvGllry/view/152/2026738,,2025-04-21,B550629,한국교육학술정보원
생활 안전사고: 목에 이물질이 걸렸을 때,,"기도 폐쇄, 응급처치법, 생활 안전사고, 이물질, 호흡곤란, 하임리히법",,,,,https://www.edunet.net/contsMvGllry/view/152/2027592,,2025-04-21,B550629,한국교육학술정보원
자동차를 이용할 때 주의할 점,,"자동차, 자동차 안전, 안전벨트, 교통사고",,,,,https://www.edunet.net/contsMvGllry/view/152/2028646,,2025-04-21,B550629,한국교육학술정보원
세상의 장벽을 허무는 유니버셜 디자인,,"베리어 프리, 사회적 약자, 이동권, 무장애 놀이터, 유니버셜 디자인",,,,,https://www.edunet.net/contsMvGllry/view/152/130,,2025-04-21,B550629,한국교육학술정보원
"청소년을 위한 모바일 상담 SNS, 나우톡해",,"나우톡해, 다들어줄개, 우울감, 고민",,,,,https://www.edunet.net/contsMvGllry/view/152/4461,,2025-04-21,B550629,한국교육학술정보원
"청소년 자살, 왜 발생할까요",,"생명존중, 자살예방, 청소년 발달, 우울",,,,,https://www.edunet.net/contsMvGllry/view/152/7271,,2025-04-21,B550629,한국교육학술정보원
"제 3의 눈, 흰 지팡이",,"흰 지팡이의 날, 10월 15일, 시각장애인의 자립, 시각장애인과의 소통",,,,,https://www.edunet.net/contsMvGllry/view/152/9930,,2025-04-21,B550629,한국교육학술정보원
장애가 있어도 할 수 있어요,,"장애이해, 직업, 삶의 태도, 인권",,,,,https://www.edunet.net/contsMvGllry/view/152/23053,,2025-04-21,B550629,한국교육학술정보원
마음을 챙기면 평화가 와요,,"마음챙김, 시각화 연습, 알아차리기, 호흡하기, 감사 표현하기",,,,,https://www.edunet.net/contsMvGllry/view/152/35436,,2025-04-21,B550629,한국교육학술정보원
자살 예방을 위한 학교의 준비,,"청소년 자살, 자살 예방, 청소년 자살의 원인, 정서 장애, 품행 장애, 섭식 장애, 관심과 사랑",,,,,https://www.edunet.net/contsMvGllry/view/152/58361,,2025-04-21,B550629,한국교육학술정보원
어린이 스트레스 해방 선언,,"번아웃 키즈, 무기력, 스트레스 해소",,,,,https://www.edunet.net/contsMvGllry/view/152/64164,,2025-04-21,B550629,한국교육학술정보원
소중한 생명,,"생명의 소중함, 자살의 위험성, 사회적 경쟁, 물질 중시 풍조, 인간 존중, 자기 사랑, 삶의 귀중함",,,,,https://www.edunet.net/contsMvGllry/view/152/72084,,2025-04-21,B550629,한국교육학술정보원
설마 내 주위에 자살 위기에 빠진 친구가,,"생명존중, 자살예방, 자살위험신호",,,,,https://www.edunet.net/contsMvGllry/view/152/81807,,2025-04-21,B550629,한국교육학술정보원
우리는 모두 자살 예방 보안관,,"청소년 자살 위험 신호, 청소년 자살 위험 신호의 유형, 청소년 자살 위험 신호의 대처 방안, 언어적 징후, 행동적 징후",,,,,https://www.edunet.net/contsMvGllry/view/152/1963519,,2025-04-21,B550629,한국교육학술정보원
우리는 모두 평등해요,,"인권 평등, 장애인 인권, 다양성 인정, 차별, 차별의 종류, 장애인 인식",,,,,https://www.edunet.net/contsMvGllry/view/152/1963776,,2025-04-21,B550629,한국교육학술정보원
통일을 기다리는 현장 속으로,,"통일교육, 체험학습",,,,,https://www.edunet.net/contsMvGllry/view/152/1992666,,2025-04-21,B550629,한국교육학술정보원
자살 위험 신호의 유형과 대처 방안,,"자살 위험 신호의 유형, 자살 위험 대처 방안, 청소년 자살률, 자살 요인, 자살 예방 교육",,,,,https://www.edunet.net/contsMvGllry/view/152/1999741,,2025-04-21,B550629,한국교육학술정보원
인권은 어떻게 성장하여 왔을까요,,"인권의 역사, 인권 발달 과정, 인권의 본질, 인권의 진화, 인권 침해, 공동체",,,,,https://www.edunet.net/contsMvGllry/view/152/2000759,,2025-04-21,B550629,한국교육학술정보원
장애 학생을 위한 학교 시설에는 어떤 것이 있을까,,"장애, 장애이해, 학교, 학교생활",,,,,https://www.edunet.net/contsMvGllry/view/152/2015724,,2025-04-21,B550629,한국교육학술정보원
장애인 편리를 위한 첨단 과학기술,,"장애이해, 첨단과학기술, 인공지능로봇, 장애인 삶",,,,,https://www.edunet.net/contsMvGllry/view/152/2018737,,2025-04-21,B550629,한국교육학술정보원
마음이 아플 땐 전문가를 찾아요,,"마음건강, 정신건강의학, 마음치료, 편견, 마음의 병",,,,,https://www.edunet.net/contsMvGllry/view/152/2025395,,2025-04-21,B550629,한국교육학술정보원
통일의 길로 나아가기 위한 ‘최소량의 법칙’,,"통일, 최소량의 법칙, 통일감수성, 남한, 북한, 남북교류협력",,,,,https://www.edunet.net/contsMvGllry/view/152/3340,,2025-04-21,B550629,한국교육학술정보원
"먼저 온 미래, 탈북민과 좋은 이웃이 되려면",,"북한이탈주민, 탈북민, 탈북민의 어려움, 언어의 차이, 문화의 차이, 탈북민 차별, 먼저 온 통일",,,,,https://www.edunet.net/contsMvGllry/view/152/15987,,2025-04-21,B550629,한국교육학술정보원
남북한의 세시풍속 놀이 한마당,,"세시풍속, 민속놀이, 편가르기, 돌가위보, 연날리기",,,,,https://www.edunet.net/contsMvGllry/view/152/41457,,2025-04-21,B550629,한국교육학술정보원
체인지 스쿨 데이즈,,"북한 학교생활, 소학교, 업간체조, 의무노동활동, 남한, 북한",,,,,https://www.edunet.net/contsMvGllry/view/152/52905,,2025-04-21,B550629,한국교육학술정보원
통일이 되면 가보고 싶은 북한 여행지는,,"북한 주요 도시, 북한 관광 명소, 북한에 대한 이해, 남북 통일, 개성, 북한 도시 소개",,,,,https://www.edunet.net/contsMvGllry/view/152/55000,,2025-04-21,B550629,한국교육학술정보원
함께 떠나는 북한 미식 여행,,"북한 음식, 북한의 지리적 환경, 북한의 사회 상황, 북한 미식 여행",,,,,https://www.edunet.net/contsMvGllry/view/152/66756,,2025-04-21,B550629,한국교육학술정보원
‘MZ 세대’와 ‘장마당 세대’가 만나면,,"MZ 세대, 장마당 세대, 집단주의, 계획경제 , 사회변화",,,,,https://www.edunet.net/contsMvGllry/view/152/78517,,2025-04-21,B550629,한국교육학술정보원
우리는 어떻게 분단국가가 되었을까,,"남북 분단의 배경, 남북 분단의 과정, 분단국가 과정, 분단의 역사, 38선 분할, 통일의 필요성",,,,,https://www.edunet.net/contsMvGllry/view/152/91477,,2025-04-21,B550629,한국교육학술정보원
통일 방안 이렇게 변화했어요,,"북진통일, 7.4남북공동성명, 민족공동체 통일방안, 남북정상회담, 판문점 선언",,,,,https://www.edunet.net/contsMvGllry/view/152/1981384,,2025-04-21,B550629,한국교육학술정보원
생태·문화·평화의 공간 DMZ,,"DMZ, DMZ의 가치, DMZ 평화적 활용 방법, 전쟁의 상처, 생태적 가치, 역사 문화적 가치, 비무장 지대, 역사와 안보, 생태와 문화의 교차로, 임진각, 도라산 평화공원, ",,,,,https://www.edunet.net/contsMvGllry/view/152/1982593,,2025-04-21,B550629,한국교육학술정보원
디지털 금융과 인공지능,,"인공 지능, 디지털 금융 활용 사례, 디지털 금융의 변화, 인공지능의 진화, 챗봇, 가상비서, 로보어드바이저, 신용평가",,,,,https://www.edunet.net/contsMvGllry/view/152/2029,,2025-04-21,B550629,한국교육학술정보원
디지털 지갑이란,,"디지털 지갑, 가상자산, 디지털 지갑의 활용 사례, 디지털 지갑 활용 방법",,,,,https://www.edunet.net/contsMvGllry/view/152/25775,,2025-04-21,B550629,한국교육학술정보원
디지털 금융이란,,"디지털 금융의 정의, 디지털 금융의 필요성, 디지털 금융의 활용, 금융의 혁명, 금융의 미래, 블록체인, 인공지능, 빅데이터, 클라우드 컴퓨팅, 사물인터넷, 생체인증기술, 디지털 ",,,,,https://www.edunet.net/contsMvGllry/view/152/63623,,2025-04-21,B550629,한국교육학술정보원
핀테크란,,"핀테크, 핀테크와 금융 활동의 변화, 경제활동의 편리성, 금융의 미래",,,,,https://www.edunet.net/contsMvGllry/view/152/2001333,,2025-04-21,B550629,한국교육학술정보원
다른 듯 비슷한 세계의 민속놀이,,"다양한 놀이문화, 세계의 민속놀이, 나라별 놀이 문화, 문화의 다양성, 타문화의 이해",,,,,https://www.edunet.net/contsMvGllry/view/152/1092,,2025-04-21,B550629,한국교육학술정보원
"틀리지 않아요, 다를 뿐이에요",,"나라별 문화의 이해, 문화적 차이, 문화적 다름, 문화 교류 실습, 다문화, 문화의 다양성",,,,,https://www.edunet.net/contsMvGllry/view/152/71151,,2025-04-21,B550629,한국교육학술정보원
독도의 명칭은 어떻게 변해왔을까요,,"독도 명칭 변천사, 독도 이름의 역사, 우산국, 우산도, 독도는 우리 땅",,,,,https://www.edunet.net/contsMvGllry/view/152/26884,,2025-04-21,B550629,한국교육학술정보원
‘독도명예주민증’ 발급으로 독도 사랑 실천해 보아요,,"독도명예주민증, 독도명예주민증 발급법, 독도 사랑, 독도 명예 주민, 독도명예주민증 발급 현황, 독도명예주민증 신청 방법",,,,,https://www.edunet.net/contsMvGllry/view/152/68724,,2025-04-21,B550629,한국교육학술정보원
10월 25일은 독도의 날,,"독도의 날, 10월 25일, 독도 사랑, 독도 수호대, 국가기념일, 독도 지킴이",,,,,https://www.edunet.net/contsMvGllry/view/152/1976218,,2025-04-21,B550629,한국교육학술정보원
공동체 놀이로 관계 맺기,,"공동체 놀이, 관계 맺기, 협동심 기르기, 신뢰, 배려, 인내, 소속감, 친밀도, 우정",,,,,https://www.edunet.net/contsMvGllry/view/152/34777,,2025-04-21,B550629,한국교육학술정보원
서클로 개선하는 학교 문화: 신뢰 규칙,,"서클 활동, 신뢰 규칙, 학교 문화 개선, 공감과 존중의 교실, 신뢰 규칙 방법",,,,,https://www.edunet.net/contsMvGllry/view/152/2026711,,2025-04-21,B550629,한국교육학술정보원
"공감적 듣기, 어떻게 해야 할까",,"공감적 듣기 방법, 의미 듣기, 기분 듣기, 속마음 듣기",,,,,https://www.edunet.net/contsMvGllry/view/152/1981487,,2025-04-21,B550629,한국교육학술정보원
"부정적 감정을 느낄 때, 어떻게 말해야 할까",,"나 전달법 말하기, 올바른 의사소통, 나 전달법, 부정적 감정, 나 전달법 말하기 방법",,,,,https://www.edunet.net/contsMvGllry/view/152/2023798,,2025-04-21,B550629,한국교육학술정보원
빵순이는 동네 빵집 사장님께 제빵 기술을 배울 수 없을까,,"지역 사회, 진로교육, 직업 세계, 직업 연계, 마을 공동체",,,,,https://www.edunet.net/contsMvGllry/view/152/29428,,2025-04-21,B550629,한국교육학술정보원
4차 산업혁명이란,,"4차 산업혁명, 미래 사회 탐구, 인공지능, 빅데이터, 사물인터넷, 대화형 AI 서비스, 미래 직업",,,,,https://www.edunet.net/contsMvGllry/view/152/72747,,2025-04-21,B550629,한국교육학술정보원
"내 인생의 나침반, 사명서만들기",,"자기 사명서, 자기 사명서 작성법, 사명서를 통한 미래 계획, 인생의 나침반, 진로 수업",,,,,https://www.edunet.net/contsMvGllry/view/152/75822,,2025-04-21,B550629,한국교육학술정보원
미래를 위한 꿈을 꾸어라,,"청소년의 꿈, 진로 희망, 위인, 꿈을 이루기 위한 노력, 플라시보 효과, 자기적성, MBTI, 다중지능검사, 직업흥미검사",,,,,https://www.edunet.net/contsMvGllry/view/152/78904,,2025-04-21,B550629,한국교육학술정보원
미래 사회를 살아가기 위한 진로 설정은,,"미래 사회 대비, 진로 설정, AI 대비, AI 활용, 인간의 직업, 창의성, 역량",,,,,https://www.edunet.net/contsMvGllry/view/152/93531,,2025-04-21,B550629,한국교육학술정보원
뭘 하면 좋을까,,"진로 선택, 자기 탐색, 정보 수집, 진로적성, 진로 설계 방법, 직업흥미검사, 직업가치관검사",,,,,https://www.edunet.net/contsMvGllry/view/152/100728,,2025-04-21,B550629,한국교육학술정보원
열심히 공부해서 대학만 가면 되는 거 아니야,,"진로 계획, 진로의 정의와 필요성, 다양한 직업, 진로 체험 활동",,,,,https://www.edunet.net/contsMvGllry/view/152/1983045,,2025-04-21,B550629,한국교육학술정보원
자유학기제는 정말 자유롭기만 한 시간일까,,"자유학기제, 자유학기제 활용하기, 진로 탐색, 과정 중심, 진로 연계 학기",,,,,https://www.edunet.net/contsMvGllry/view/152/1988611,,2025-04-21,B550629,한국교육학술정보원
스펙보다는 역량이 중요하다,,"채용시장의 변화, 진로 계획, 스펙과 역량, 업무 성과 위주의 인재 채용, 취업에 필요한 인재상",,,,,https://www.edunet.net/contsMvGllry/view/152/1991791,,2025-04-21,B550629,한국교육학술정보원
"지금, 당장, 변화가 필요하다",,"기후 위기 대처법, 기후 위기 대처를 위한 변화, 티핑 포인트, 온실가스 배출 줄이기, 지구를 위한 실천, 탄소중립, 지구 지키기, 청소년 기후 행동, 실천",,,,,https://www.edunet.net/contsMvGllry/view/152/1762,,2025-04-21,B550629,한국교육학술정보원
그레타 툰베리를 아시나요,,"기후 위기, 청소년을 위한 기후 행동, 기후 위기 극복을 위한 노력, 기후 위기 해결을 위한 실천법",,,,,https://www.edunet.net/contsMvGllry/view/152/77314,,2025-04-21,B550629,한국교육학술정보원