학년,학기,과목,키워드,원본_학습자료명
초등학교 5학년,1학기,사회,교통,교통의 발달이 지역에 미치는 영향
초등학교 5학년,1학기,사회,고속철도,교통의 발달이 지역에 미치는 영향
초등학교 5학년,1학기,사회,우리 경제의,교통의 발달이 지역에 미치는 영향
초등학교 5학년,1학기,사회,열차,교통의 발달이 지역에 미치는 영향
초등학교 5학년,1학기,사회,KTX,교통의 발달이 지역에 미치는 영향
초등학교 5학년,1학기,사회,환경과 조화를 이루는 국토,교통의 발달이 지역에 미치는 영향
초등학교 6학년,1학기,사회,교통,교통의 발달이 지역에 미치는 영향
초등학교 6학년,1학기,사회,고속철도,교통의 발달이 지역에 미치는 영향
초등학교 6학년,1학기,사회,우리 경제의,교통의 발달이 지역에 미치는 영향
초등학교 6학년,1학기,사회,열차,교통의 발달이 지역에 미치는 영향
초등학교 6학년,1학기,사회,KTX,교통의 발달이 지역에 미치는 영향
초등학교 6학년,1학기,사회,환경과 조화를 이루는 국토,교통의 발달이 지역에 미치는 영향
초등학교 6학년,공통,사회,저출산,저출산·고령화 사회
초등학교 6학년,공통,사회,고령화 문제,저출산·고령화 사회
초등학교 6학년,공통,사회,고령화 대책,저출산·고령화 사회
초등학교 6학년,공통,사회,우리 국토의 모습과 생활,저출산·고령화 사회
초등학교 6학년,공통,사회,고령화,저출산·고령화 사회
초등학교 6학년,공통,사회,자녀를 갖지 않으려는 이유,저출산·고령화 사회
초등학교 6학년,공통,사회,저출산 문제,저출산·고령화 사회
초등학교 6학년,공통,사회,저출산 대책,저출산·고령화 사회
초등학교 6학년,공통,사회,산아 제한 정책,저출산·고령화 사회
초등학교 6학년,공통,사회,인구,우리나라의 인구 성장
초등학교 6학년,공통,사회,인구 성장에 미치는 요인,우리나라의 인구 성장
초등학교 6학년,공통,사회,베이비 붐,우리나라의 인구 성장
초등학교 6학년,공통,사회,합계 출산율,우리나라의 인구 성장
초등학교 6학년,공통,사회,우리 국토의 모습과 생활,우리나라의 인구 성장
초등학교 6학년,공통,사회,가족계획사업,우리나라의 인구 성장
초등학교 6학년,공통,사회,인구 성장,우리나라의 인구 성장
초등학교 6학년,공통,사회,우리 국토의 모습과 생활,우리나라의 인구 성장
초등학교 6학년,공통,사회,인구 규모,우리나라의 인구 성장
초등학교 6학년,공통,사회,출산 장려,우리나라의 인구 성장
초등학교 4학년,1학기,사회,고령화의 문제점,인구의 고령화
초등학교 4학년,1학기,사회,저출산,인구의 고령화
초등학교 4학년,1학기,사회,고령화,인구의 고령화
초등학교 4학년,1학기,사회,촌락,인구의 고령화
초등학교 4학년,1학기,사회,촌락의 형성과 주민 생활,인구의 고령화
초등학교 4학년,1학기,사회,고령화의 원인,인구의 고령화
초등학교 3학년,공통,사회,전통적인 지역 구분,전통적인 지역 구분
초등학교 3학년,공통,사회,우리가 살아가는 곳,전통적인 지역 구분
초등학교 3학년,공통,사회,산과 강을 경계로 나누어지는 지역,전통적인 지역 구분
초등학교 3학년,공통,사회,우리가 살아가는 곳,전통적인 지역 구분
초등학교 3학년,공통,사회,지역 명칭 붙여진 이유,전통적인 지역 구분
초등학교 3학년,공통,사회,우리 지역,전통적인 지역 구분
초등학교 3학년,공통,사회,우리 나라의 행정구역,행정적인 지역 구분
초등학교 3학년,공통,사회,세종특별자치시,행정적인 지역 구분
초등학교 3학년,공통,사회,우리가 살아가는 곳,행정적인 지역 구분
초등학교 3학년,공통,사회,지역의 행정구역도,행정적인 지역 구분
초등학교 3학년,공통,사회,우리가 살아가는 곳,행정적인 지역 구분
초등학교 3학년,공통,사회,제주특별자치도,행정적인 지역 구분
초등학교 3학년,공통,사회,조선시대의 행정 구역,행정적인 지역 구분
초등학교 3학년,공통,사회,행정적인 지역 구분,행정적인 지역 구분
초등학교 3학년,1학기,사회,사람들이 모이는 곳,지명 이야기
초등학교 3학년,1학기,사회,지명,지명 이야기
초등학교 3학년,1학기,사회,함흥,지명 이야기
초등학교 3학년,1학기,사회,무주,지명 이야기
초등학교 3학년,1학기,사회,지역,지명 이야기
초등학교 3학년,1학기,사회,안성,지명 이야기
초등학교 3학년,1학기,사회,유리,지명 이야기
초등학교 5학년,공통,사회,임진왜란 당시 시대적 상황,임진왜란과 조선통신사
초등학교 5학년,공통,사회,유교 전통,임진왜란과 조선통신사
초등학교 5학년,공통,사회,행주대첩도,임진왜란과 조선통신사
초등학교 5학년,공통,사회,유교 전통이 자리 잡은 조선,임진왜란과 조선통신사
초등학교 5학년,공통,사회,부산진순절도,임진왜란과 조선통신사
초등학교 5학년,공통,사회,비격진천뢰,임진왜란과 조선통신사
초등학교 5학년,공통,사회,임진왜란,임진왜란과 조선통신사
초등학교 5학년,공통,사회,조선통신사,임진왜란과 조선통신사
초등학교 5학년,공통,사회,임진왜란 이후 일본과의 교류,임진왜란과 조선통신사
초등학교 5학년,공통,사회,임진왜란과 병자호란,병자호란과 북벌운동
초등학교 5학년,공통,사회,광해군의 실리적 외교,병자호란과 북벌운동
초등학교 5학년,공통,사회,유교 전통이 자리 잡은 조선,병자호란과 북벌운동
초등학교 5학년,공통,사회,북벌운동,병자호란과 북벌운동
초등학교 5학년,공통,사회,병자호란,병자호란과 북벌운동
초등학교 5학년,공통,사회,유교 전통이 자리 잡은 조선,병자호란과 북벌운동
초등학교 6학년,공통,사회,우리,환경친화적인 삶
초등학교 6학년,공통,사회,환경을 생각하는 집짓기,환경친화적인 삶
초등학교 6학년,공통,사회,우리 국토의 모습과 생활,환경친화적인 삶
초등학교 6학년,공통,사회,슬로시티,환경친화적인 삶
초등학교 6학년,공통,사회,환경친화적인 삶 실천 모습,환경친화적인 삶
초등학교 6학년,공통,사회,환경친화적인 삶의 필요성,환경친화적인 삶
초등학교 6학년,공통,사회,환경오염,환경친화적인 삶
초등학교 6학년,공통,사회,슬로푸드,환경친화적인 삶
초등학교 6학년,공통,사회,환경친화적인 삶,환경친화적인 삶
초등학교 5학년,공통,사회,조선시대 천민,환영받지 못한 사람들
초등학교 5학년,공통,사회,서얼,환영받지 못한 사람들
초등학교 5학년,공통,사회,조선 시대 사람들의 생활,환영받지 못한 사람들
초등학교 5학년,공통,사회,기생,환영받지 못한 사람들
초등학교 5학년,공통,사회,유교 전통이 자리 잡은 조선,환영받지 못한 사람들
초등학교 5학년,공통,사회,유교 전통과 신분 질서,환영받지 못한 사람들
초등학교 5학년,공통,사회,백정,환영받지 못한 사람들
초등학교 5학년,공통,사회,홍길동전,환영받지 못한 사람들
초등학교 5학년,공통,사회,유교 전통이 자리 잡은 조선,환영받지 못한 사람들
초등학교 5학년,공통,사회,양반들의 집,양반들의 의식주
초등학교 5학년,공통,사회,한옥,양반들의 의식주
초등학교 5학년,공통,사회,유교 전통이 자리 잡은 조선,양반들의 의식주
초등학교 5학년,공통,사회,양반들의 의식주,양반들의 의식주
초등학교 5학년,공통,사회,양반의 복장,양반들의 의식주
초등학교 5학년,공통,사회,양반의 상차림,양반들의 의식주
초등학교 5학년,공통,사회,조선시대 신분,양반들의 의식주
초등학교 5학년,공통,사회,양반의 밥상,양반들의 의식주
초등학교 5학년,공통,사회,유교 전통이 자리 잡은 조선,양반들의 의식주
초등학교 5학년,공통,사회,조선 의 새로운 움직임,조선을 개혁하려한 실학
초등학교 5학년,공통,사회,사농공상,조선을 개혁하려한 실학
초등학교 5학년,공통,사회,예술에 나타난 실학,조선을 개혁하려한 실학
초등학교 5학년,공통,사회,수원 화성,조선을 개혁하려한 실학
초등학교 5학년,공통,사회,실학의 등장과  개혁 노,조선을 개혁하려한 실학
초등학교 5학년,공통,사회,실학,조선을 개혁하려한 실학
초등학교 5학년,공통,사회,조선 의 새로운 움직임,조선을 개혁하려한 실학
초등학교 5학년,공통,사회,실학과 관련된 서적들,조선을 개혁하려한 실학
초등학교 5학년,공통,사회,조선 후기 의 변화,조선 후기의 서민문화
초등학교 5학년,공통,사회,양반 풍자,조선 후기의 서민문화
초등학교 5학년,공통,사회,탈춤,조선 후기의 서민문화
초등학교 5학년,공통,사회,조선 후기 신분제 붕괴,조선 후기의 서민문화
초등학교 5학년,공통,사회,서민 문화,조선 후기의 서민문화
초등학교 5학년,공통,사회,조선 의 새로운 움직임,조선 후기의 서민문화
초등학교 5학년,공통,사회,조선 후기의 서민문화,조선 후기의 서민문화
초등학교 5학년,공통,사회,조선 의 새로운 움직임,조선 후기의 서민문화
초등학교 5학년,공통,사회,서민 문화의 발달,풍속화로 살펴본 조선 사람들의 생활
초등학교 5학년,공통,사회,풍속화,풍속화로 살펴본 조선 사람들의 생활
초등학교 5학년,공통,사회,풍속화 속 조선 사람들의 생활,풍속화로 살펴본 조선 사람들의 생활
초등학교 5학년,공통,사회,신윤복,풍속화로 살펴본 조선 사람들의 생활
초등학교 5학년,공통,사회,조선 의 새로운 움직임,풍속화로 살펴본 조선 사람들의 생활
초등학교 5학년,공통,사회,김홍도,풍속화로 살펴본 조선 사람들의 생활
초등학교 5학년,공통,사회,조선 의 새로운 움직임,풍속화로 살펴본 조선 사람들의 생활
초등학교 5학년,공통,사회,유교 전통이 자리 잡은 조선,한양을 건설한 정도전
초등학교 5학년,공통,사회,조선의 건국,한양을 건설한 정도전
초등학교 5학년,공통,사회,조선의 건국과 한양,한양을 건설한 정도전
초등학교 5학년,공통,사회,정도전,한양을 건설한 정도전
초등학교 5학년,공통,사회,한양도성,한양을 건설한 정도전
초등학교 5학년,공통,사회,고려의 멸망,한양을 건설한 정도전
초등학교 5학년,공통,사회,조선시대 4대문,한양을 건설한 정도전
초등학교 5학년,공통,사회,유교 전통이 자리 잡은 조선,한양을 건설한 정도전
초등학교 5학년,공통,사회,유교 전통이 자리 잡은 조선,임금의 밥상으로 본 백성의 생활
초등학교 5학년,공통,사회,진상,임금의 밥상으로 본 백성의 생활
초등학교 5학년,공통,사회,조선시대 세금,임금의 밥상으로 본 백성의 생활
초등학교 5학년,공통,사회,임금의 밥상,임금의 밥상으로 본 백성의 생활
초등학교 5학년,공통,사회,공납,임금의 밥상으로 본 백성의 생활
초등학교 5학년,공통,사회,수라,임금의 밥상으로 본 백성의 생활
초등학교 5학년,공통,사회,조선의 건국과 한양,임금의 밥상으로 본 백성의 생활
초등학교 5학년,공통,사회,유교 전통이 자리 잡은 조선,임금의 밥상으로 본 백성의 생활
초등학교 5학년,공통,사회,유교 전통이 자리 잡은 조선,조선시대 육조 거리와 청계천
초등학교 5학년,공통,사회,조선의 건국과 한,조선시대 육조 거리와 청계천
초등학교 5학년,공통,사회,청계천,조선시대 육조 거리와 청계천
초등학교 5학년,공통,사회,조선시대 육조,조선시대 육조 거리와 청계천
초등학교 5학년,공통,사회,조선시대 육조거리,조선시대 육조 거리와 청계천
초등학교 5학년,공통,사회,육조판서,조선시대 육조 거리와 청계천
초등학교 5학년,공통,사회,육조거리,조선시대 육조 거리와 청계천
초등학교 5학년,공통,사회,육조가 하는 일,조선시대 육조 거리와 청계천
초등학교 5학년,공통,사회,유교 전통이 자리 잡은 조선,조선시대 육조 거리와 청계천
초등학교 6학년,공통,사회,산과 산맥,세계의 지형
초등학교 6학년,공통,사회,사막,세계의 지형
초등학교 6학년,공통,사회,세계 여러 지역의 자연과 문화,세계의 지형
초등학교 6학년,공통,사회,하천,세계의 지형
초등학교 6학년,공통,사회,세계의 지형,세계의 지형
초등학교 6학년,공통,사회,오아시스,세계의 지형
초등학교 6학년,공통,사회,지구의 지붕,세계의 지형
초등학교 6학년,공통,사회,지형,세계의 지형
초등학교 6학년,공통,사회,평원이 만들어지는 방법,세계의 지형
초등학교 6학년,공통,사회,평원,세계의 지형
초등학교 6학년,공통,사회,지구의 표면,세계의 지형
초등학교 6학년,공통,사회,대양,세계의 지형
초등학교 6학년,공통,사회,세계 여러,세계의 지형
초등학교 6학년,공통,사회,건조기후,세계의 기후
초등학교 6학년,공통,사회,온대기후,세계의 기후
초등학교 6학년,공통,사회,세계 여러 지역의,세계의 기후
초등학교 6학년,공통,사회,열대기후,세계의 기후
초등학교 6학년,공통,사회,세계의 기후,세계의 기후
초등학교 6학년,공통,사회,쾨펜의 기후 구분 기준,세계의 기후
초등학교 6학년,공통,사회,다양한 세계의 기후,세계의 기후
초등학교 6학년,공통,사회,한대기후,세계의 기후
초등학교 6학년,공통,사회,세계 여러 지역의 자연과 문화,세계의 기후
초등학교 6학년,공통,사회,냉대기후,세계의 기후
초등학교 6학년,공통,사회,세계의 축제,세계의 축제
초등학교 6학년,공통,사회,예술 축제,세계의 축제
초등학교 6학년,공통,사회,특산물 축제,세계의 축제
초등학교 6학년,공통,사회,축제의 기원,세계의 축제
초등학교 6학년,공통,사회,에딘버러 국제 페스티발,세계의 축제
초등학교 6학년,공통,사회,카니발,세계의 축제
초등학교 6학년,공통,사회,페스티발,세계의 축제
초등학교 6학년,공통,사회,세계 여러 지역의 자연과 문화,세계의 축제
초등학교 6학년,공통,사회,세계 여러 지역의 자연과 문화,세계의 축제
초등학교 6학년,공통,사회,세계 여러 지역의 자연과 문화,세계의 음식
초등학교 6학년,공통,사회,자연 환경과 문화에 따른 음식,세계의 음식
초등학교 6학년,공통,사회,세계의 음식,세계의 음식
초등학교 6학년,공통,사회,다른 나라 아침 식사,세계의 음식
초등학교 6학년,공통,사회,세계 여러 지역의 자연과 문화,세계의 음식
초등학교 6학년,공통,사회,유해 물질,세계화의 문제점
초등학교 6학년,공통,사회,"정보화,세계화 그리고 우리",세계화의 문제점
초등학교 6학년,공통,사회,개발도상국 문화 무시,세계화의 문제점
초등학교 6학년,공통,사회,"정보화,세계화 그리고 우리",세계화의 문제점
초등학교 6학년,공통,사회,세계화의 문제점,세계화의 문제점
초등학교 6학년,공통,사회,환경 문제,세계화의 문제점
초등학교 6학년,공통,사회,공장 노동자들의 일자리 상실,세계화의 문제점
초등학교 6학년,공통,사회,질병,세계화의 문제점
초등학교 6학년,공통,사회,"정보화,세계화 그리고 우리",한류
초등학교 6학년,공통,사회,k-pop,한류
초등학교 6학년,공통,사회,한국 문화,한류
초등학교 6학년,공통,사회,"정보화,세계화 그리고 우리",한류
초등학교 6학년,공통,사회,한류,한류
초등학교 6학년,공통,사회,한국 드라마,한류
초등학교 6학년,공통,사회,일자리 제공,세계화의 좋은 점
초등학교 6학년,공통,사회,판매 시장 확대,세계화의 좋은 점
초등학교 6학년,공통,사회,다양한 문화,세계화의 좋은 점
초등학교 6학년,공통,사회,"정보화,세계화 그리고 우리",세계화의 좋은 점
초등학교 6학년,공통,사회,"정보화,세계화 그리고 우리",세계화의 좋은 점
초등학교 6학년,공통,사회,세계화의 좋은 점,세계화의 좋은 점
초등학교 6학년,공통,사회,지구의 문제 해결,세계화의 좋은 점
초등학교 6학년,공통,사회,다른 나라 제품,세계화의 좋은 점
초등학교 6학년,공통,사회,SNS,세계화의 의미
초등학교 6학년,공통,사회,세계화로 인한 변화,세계화의 의미
초등학교 6학년,공통,사회,"정보화,세계화 그리고 우",세계화의 의미
초등학교 6학년,공통,사회,전통 문화 세계화하는 방법,세계화의 의미
초등학교 6학년,공통,사회,소셜네트워크서비스,세계화의 의미
초등학교 6학년,공통,사회,"정보화,세계화 그리고 우리",세계화의 의미
초등학교 6학년,공통,사회,전통 문화,세계화의 의미
초등학교 6학년,공통,사회,세계화의 의미,세계화의 의미
중학교 2학년,공통,사회,세계화 시대의 지역과 전략,생활 속 환경 이슈
중학교 2학년,공통,사회,로컬,생활 속 환경 이슈
중학교 2학년,공통,사회,세계화,생활 속 환경 이슈
중학교 2학년,공통,사회,지구촌,생활 속 환경 이슈
초등학교 6학년,공통,사회,빅데이터 활용,"정보의 홍수, 빅데이터(BIG DATA)란"
초등학교 6학년,공통,사회,긴급 대응 시스템,"정보의 홍수, 빅데이터(BIG DATA)란"
초등학교 6학년,공통,사회,범죄 예보 시스템,"정보의 홍수, 빅데이터(BIG DATA)란"
초등학교 6학년,공통,사회,도시 관리 시스템,"정보의 홍수, 빅데이터(BIG DATA)란"
초등학교 6학년,공통,사회,"정보화,세계화 그리고 우리","정보의 홍수, 빅데이터(BIG DATA)란"
초등학교 6학년,공통,사회,정보의 홍수,"정보의 홍수, 빅데이터(BIG DATA)란"
초등학교 6학년,공통,사회,BIG DATA,"정보의 홍수, 빅데이터(BIG DATA)란"
초등학교 6학년,공통,사회,빅데이터,"정보의 홍수, 빅데이터(BIG DATA)란"
초등학교 6학년,공통,사회,심야버스,"정보의 홍수, 빅데이터(BIG DATA)란"
초등학교 6학년,공통,사회,정보화,"정보의 홍수, 빅데이터(BIG DATA)란"
초등학교 3학년,1학기,사회,우리가 살아가는 곳,지리 정보 기술의 활용
초등학교 3학년,1학기,사회,지도,지리 정보 기술의 활용
초등학교 3학년,1학기,사회,맵티즌,지리 정보 기술의 활용
초등학교 5학년,1학기,사회,우리가 살아가는 곳,지리 정보 기술의 활용
초등학교 5학년,1학기,사회,지도,지리 정보 기술의 활용
초등학교 5학년,1학기,사회,맵티즌,지리 정보 기술의 활용
초등학교 6학년,1학기,사회,우리가 살아가는 곳,지리 정보 기술의 활용
초등학교 6학년,1학기,사회,지도,지리 정보 기술의 활용
초등학교 6학년,1학기,사회,맵티즌,지리 정보 기술의 활용
초등학교 5학년,공통,사회,대한민국의 발전과 오늘의 우리,4·19혁명
초등학교 5학년,공통,사회,경제화와 민주 발전,4·19혁명
초등학교 5학년,공통,사회,미국 독립선언문,4·19혁명
초등학교 5학년,공통,사회,김주열,4·19혁명
초등학교 5학년,공통,사회,이승만 하야,4·19혁명
초등학교 5학년,공통,사회,대한민국의 발전과 오늘의 우리,4·19혁명
초등학교 5학년,공통,사회,4·19혁명,4·19혁명
초등학교 5학년,공통,사회,3·15 부정선거,4·19혁명
초등학교 5학년,공통,사회,대한민국의 발전과 오늘의 우리,6월 민주항쟁
초등학교 5학년,공통,사회,6월 민주항쟁,6월 민주항쟁
초등학교 5학년,공통,사회,대한민국의,6월 민주항쟁
초등학교 5학년,공통,사회,대한민국 대통령 선거,6월 민주항쟁
초등학교 5학년,공통,사회,대선 투표율,6월 민주항쟁
초등학교 5학년,공통,사회,직선제,6월 민주항쟁
초등학교 5학년,공통,사회,민주주의의 발전,6월 민주항쟁
초등학교 5학년,공통,사회,6.29 민주화 선언의 내용,6월 민주항쟁
초등학교 5학년,공통,사회,간선제,6월 민주항쟁
초등학교 5학년,공통,사회,전두환,5·18 민주화 운동
초등학교 5학년,공통,사회,대한민국의 발전과 오늘의 우리,5·18 민주화 운동
초등학교 5학년,공통,사회,장발과 미니스커트 단속,5·18 민주화 운동
초등학교 5학년,공통,사회,광주,5·18 민주화 운동
초등학교 5학년,공통,사회,박정희 집권,5·18 민주화 운동
초등학교 5학년,공통,사회,군사 정변,5·18 민주화 운동
초등학교 5학년,공통,사회,5·18 민주화 운동,5·18 민주화 운동
초등학교 5학년,공통,사회,청문회,5·18 민주화 운동
초등학교 5학년,공통,사회,박정희,5·18 민주화 운동
초등학교 5학년,공통,사회,민주화,5·18 민주화 운동
초등학교 5학년,공통,사회,6월 민주 항쟁,5·18 민주화 운동
초등학교 5학년,공통,사회,하나 된 겨레,구석기와 신석기의 생활 모습
초등학교 5학년,공통,사회,신석기,구석기와 신석기의 생활 모습
초등학교 5학년,공통,사회,신석기 생활모습,구석기와 신석기의 생활 모습
초등학교 5학년,공통,사회,신석기 시대 유적과 분포,구석기와 신석기의 생활 모습
초등학교 5학년,공통,사회,하나 된 겨레,구석기와 신석기의 생활 모습
초등학교 5학년,공통,사회,구석기 생활모습,구석기와 신석기의 생활 모습
초등학교 5학년,공통,사회,흥수아이,구석기와 신석기의 생활 모습
초등학교 5학년,공통,사회,구석기,구석기와 신석기의 생활 모습
초등학교 5학년,공통,사회,선사 시대 사람들,구석기와 신석기의 생활 모습
초등학교 5학년,공통,사회,구석기 시대 유물,구석기와 신석기의 생활 모습
초등학교 5학년,공통,사회,하나 된 겨레,청동기의 생활 모습
초등학교 5학년,공통,사회,청동기 만드는 과정,청동기의 생활 모습
초등학교 5학년,공통,사회,단군신화,청동기의 생활 모습
초등학교 5학년,공통,사회,하나 된 겨레,청동기의 생활 모습
초등학교 5학년,공통,사회,청동기,청동기의 생활 모습
초등학교 5학년,공통,사회,청동기 생활모습,청동기의 생활 모습
초등학교 5학년,공통,사회,선사 시대 사람들,청동기의 생활 모습
초등학교 5학년,공통,사회,유적,"유물, 유적의 발굴"
초등학교 5학년,공통,사회,하나 된 겨레,"유물, 유적의 발굴"
초등학교 5학년,공통,사회,선사 시대 사람들,"유물, 유적의 발굴"
초등학교 5학년,공통,사회,하나 된 겨레,"유물, 유적의 발굴"
초등학교 5학년,공통,사회,유물의 발굴 과정,"유물, 유적의 발굴"
초등학교 5학년,공통,사회,유물,"유물, 유적의 발굴"
초등학교 5학년,공통,사회,다양한 문화재,"유물, 유적의 발굴"
초등학교 5학년,공통,사회,발굴,"유물, 유적의 발굴"
초등학교 6학년,공통,사회,우리나라의 경제 성장,우리 경제의 성장 과정
초등학교 6학년,공통,사회,오일 쇼크,우리 경제의 성장 과정
초등학교 6학년,공통,사회,금융위기,우리 경제의 성장 과정
초등학교 6학년,공통,사회,경제 성장을 위한 노력,우리 경제의 성장 과정
초등학교 6학년,공통,사회,IMF,우리 경제의 성장 과정
초등학교 6학년,공통,사회,금 모으기 운동,우리 경제의 성장 과정
초등학교 6학년,공통,사회,우리나라의 경제 성장,우리 경제의 성장 과정
초등학교 6학년,공통,사회,우리나라 경제 위기,우리 경제의 성장 과정
초등학교 6학년,공통,사회,서브프라임 모기지론,우리 경제의 성장 과정
초등학교 6학년,공통,사회,우리나라 무역 특징,우리나라 무역의 특징
초등학교 6학년,공통,사회,우리나라 무역 성장,우리나라 무역의 특징
초등학교 6학년,공통,사회,우리 경제의 성장,우리나라 무역의 특징
초등학교 6학년,공통,사회,무역이 이루어지는 이유,우리나라 무역의 특징
초등학교 6학년,공통,사회,우리나라의 무역의존도,우리나라 무역의 특징
초등학교 6학년,공통,사회,우리 경제의 성장과 과제,우리나라 무역의 특징
초등학교 6학년,공통,사회,우리나라 무역 상대국,우리나라 무역의 특징
초등학교 6학년,공통,사회,노동력 착취,우리 경제의 특징
초등학교 6학년,공통,사회,우리 경제의 성장과 과제,우리 경제의 특징
초등학교 6학년,공통,사회,우리 경제의 성장과 과제,우리 경제의 특징
초등학교 6학년,공통,사회,기업의 적 책임,우리 경제의 특징
초등학교 6학년,공통,사회,내일의 신발,우리 경제의 특징
초등학교 6학년,공통,사회,우리 경제의 특징,우리 경제의 특징
초등학교 6학년,공통,사회,대형마트,우리 경제의 특징
초등학교 6학년,공통,사회,공업이 시작된 시기,우리나라의 공업발달 및 특색
초등학교 6학년,공통,사회,우리 국토의 모습과 생활,우리나라의 공업발달 및 특색
초등학교 6학년,공통,사회,우리나라의 공업 특색,우리나라의 공업발달 및 특색
초등학교 6학년,공통,사회,공업의 발달,우리나라의 공업발달 및 특색
초등학교 6학년,공통,사회,우리나라 공업의 특징,우리나라의 공업발달 및 특색
초등학교 6학년,공통,사회,우리 국토의,우리나라의 공업발달 및 특색
초등학교 6학년,공통,사회,근대 공업,우리나라의 공업발달 및 특색
초등학교 6학년,공통,사회,공업,우리나라의 공업발달 및 특색
초등학교 6학년,공통,사회,우리나라의 공업발달,우리나라의 공업발달 및 특색
초등학교 6학년,공통,사회,우리나라 국토 개발 과정,국토 개발과 지속 가능한 발전
초등학교 6학년,공통,사회,우리 국토의 모습과 생활,국토 개발과 지속 가능한 발전
초등학교 6학년,공통,사회,청계천,국토 개발과 지속 가능한 발전
초등학교 6학년,공통,사회,국토 개발,국토 개발과 지속 가능한 발전
초등학교 6학년,공통,사회,UNCSD,국토 개발과 지속 가능한 발전
초등학교 6학년,공통,사회,우리 국토의 모습과 생활,국토 개발과 지속 가능한 발전
초등학교 6학년,공통,사회,지속가능개발위원회,국토 개발과 지속 가능한 발전
초등학교 6학년,공통,사회,지속가능한 발전,국토 개발과 지속 가능한 발전
초등학교 6학년,공통,사회,새만금,국토 개발과 지속 가능한 발전
초등학교 6학년,공통,사회,우리나라의 민주 정치,법과 우리의 생활
초등학교 6학년,공통,사회,민법,법과 우리의 생활
초등학교 6학년,공통,사회,법의 위계,법과 우리의 생활
초등학교 6학년,공통,사회,헌법,법과 우리의 생활
초등학교 6학년,공통,사회,형법,법과 우리의 생활
초등학교 6학년,공통,사회,우리 생활과 법,법과 우리의 생활
초등학교 6학년,공통,사회,우리나라의 민주 정치,법과 우리의 생활
초등학교 6학년,공통,사회,상법,법과 우리의 생활
초등학교 6학년,공통,사회,우리나라의 민주 정치,국가 권력을 나누다-삼권 분립
초등학교 6학년,공통,사회,청와대,국가 권력을 나누다-삼권 분립
초등학교 6학년,공통,사회,국가 권력,국가 권력을 나누다-삼권 분립
초등학교 6학년,공통,사회,대법원,국가 권력을 나누다-삼권 분립
초등학교 6학년,공통,사회,삼권 분립,국가 권력을 나누다-삼권 분립
초등학교 6학년,공통,사회,우리나라의 민주 정치,국가 권력을 나누다-삼권 분립
초등학교 6학년,공통,사회,국회의사당,국가 권력을 나누다-삼권 분립
초등학교 6학년,공통,사회,직접 민주주의,생활 속 민주주의
초등학교 6학년,공통,사회,서로 다름에 대한 인정,생활 속 민주주의
초등학교 6학년,공통,사회,대화,생활 속 민주주의
초등학교 6학년,공통,사회,민주주의,생활 속 민주주의
초등학교 6학년,공통,사회,소수의 의견 존중,생활 속 민주주의
초등학교 6학년,공통,사회,생활 속 민주주의,생활 속 민주주의
초등학교 6학년,공통,사회,우리나라의 민주 정,생활 속 민주주의
초등학교 6학년,공통,사회,우리나라의 민주 정치,생활 속 민주주의
초등학교 6학년,공통,사회,대의 민주주의,생활 속 민주주의
초등학교 6학년,공통,사회,토론,생활 속 민주주의
초등학교 6학년,공통,사회,산업화 문제점,현대 사회의 변동
초등학교 6학년,공통,사회,도시화,현대 사회의 변동
초등학교 6학년,공통,사회,다른 문화,현대 사회의 변동
초등학교 6학년,공통,사회,정보혁명,현대 사회의 변동
초등학교 6학년,공통,사회,증기기관,현대 사회의 변동
초등학교 6학년,공통,사회,새로운 기술,현대 사회의 변동
초등학교 6학년,공통,사회,도시화의 문제점,현대 사회의 변동
초등학교 6학년,공통,사회,"정보화,세계화 그리고 우리",현대 사회의 변동
초등학교 6학년,공통,사회,전화기,현대 사회의 변동
초등학교 6학년,공통,사회,세계화,현대 사회의 변동
초등학교 6학년,공통,사회,산업화,현대 사회의 변동
초등학교 6학년,공통,사회,스마트폰,현대 사회의 변동
초등학교 6학년,공통,사회,정보화,현대 사회의 변동
초등학교 6학년,공통,사회,방직 공억,현대 사회의 변동
초등학교 3학년,공통,사회,호주,다문화 사회로의 변화
초등학교 3학년,공통,사회,함께 어울려 살아요,다문화 사회로의 변화
초등학교 3학년,공통,사회,한국,다문화 사회로의 변화
초등학교 3학년,공통,사회,다문화,다문화 사회로의 변화
초등학교 3학년,공통,사회,하모니 데이,다문화 사회로의 변화
초등학교 3학년,공통,사회,의 변동과 발전,다문화 사회로의 변화
초등학교 3학년,공통,사회,함께 어울려 살아요,다문화 사회로의 변화
초등학교 3학년,공통,사회,다문화가족 학업 중단 사유,다문화 사회로의 변화
초등학교 5학년,공통,사회,황남대총 유리잔,신라의 해상무역
초등학교 5학년,공통,사회,삼국 통일,신라의 해상무역
초등학교 5학년,공통,사회,신라,신라의 해상무역
초등학교 5학년,공통,사회,하나 된 겨레,신라의 해상무역
초등학교 5학년,공통,사회,삼국의 성립과 발전,신라의 해상무역
초등학교 5학년,공통,사회,천마총 유리잔,신라의 해상무역
초등학교 5학년,공통,사회,처용설화,신라의 해상무역
초등학교 5학년,공통,사회,황금 보검,신라의 해상무역
초등학교 5학년,공통,사회,하나 된 겨레,신라의 해상무역
초등학교 5학년,공통,사회,서역인,신라의 해상무역
초등학교 5학년,공통,사회,처용,신라의 해상무역
초등학교 5학년,공통,사회,해상무역,신라의 해상무역
초등학교 5학년,공통,사회,교역의 흔적,신라의 해상무역
초등학교 5학년,공통,사회,하나 된 겨레,해동성국 발해
초등학교 5학년,공통,사회,도모산,해동성국 발해
초등학교 5학년,공통,사회,연호 사용,해동성국 발해
초등학교 5학년,공통,사회,발해,해동성국 발해
초등학교 5학년,공통,사회,삼국 통일과 발해,해동성국 발해
초등학교 5학년,공통,사회,해동성국,해동성국 발해
초등학교 5학년,공통,사회,고구려 계승,해동성국 발해
초등학교 5학년,공통,사회,하나 된 겨레,해동성국 발해
초등학교 5학년,공통,사회,정혜공주의 묘,해동성국 발해
초등학교 5학년,공통,사회,발해의 우수한 문화,해동성국 발해
초등학교 5학년,공통,사회,통일 신라와 발해 사람,해동성국 발해
초등학교 5학년,공통,사회,백제 전성기,문화대국 백제
초등학교 5학년,공통,사회,금동 대향로,문화대국 백제
초등학교 5학년,공통,사회,하나 된 겨레,문화대국 백제
초등학교 5학년,공통,사회,삼국의 성립과 발전,문화대국 백제
초등학교 5학년,공통,사회,무령왕릉,문화대국 백제
초등학교 5학년,공통,사회,백제,문화대국 백제
초등학교 5학년,공통,사회,하나 된 겨레,문화대국 백제
초등학교 5학년,공통,사회,무령왕릉 지석,문화대국 백제
초등학교 5학년,공통,사회,백제 유물,문화대국 백제
초등학교 5학년,공통,사회,문화대국,문화대국 백제
초등학교 5학년,공통,사회,구지봉,세계 여러 나라의 건국신화
초등학교 5학년,공통,사회,세계 여러 나라의 건국신화,세계 여러 나라의 건국신화
초등학교 5학년,공통,사회,고조선,세계 여러 나라의 건국신화
초등학교 5학년,공통,사회,개천절,세계 여러 나라의 건국신화
초등학교 5학년,공통,사회,단군왕검,세계 여러 나라의 건국신화
초등학교 5학년,공통,사회,건국신화,세계 여러 나라의 건국신화
초등학교 5학년,공통,사회,하나 된 겨레,세계 여러 나라의 건국신화
초등학교 5학년,공통,사회,박혁거세,세계 여러 나라의 건국신화
초등학교 5학년,공통,사회,하나 된 겨레,세계 여러 나라의 건국신화
초등학교 5학년,공통,사회,하늘의 자손,세계 여러 나라의 건국신화
초등학교 5학년,공통,사회,주몽,세계 여러 나라의 건국신화
초등학교 5학년,공통,사회,김수로왕,세계 여러 나라의 건국신화
초등학교 5학년,공통,사회,단군,세계 여러 나라의 건국신화
초등학교 5학년,공통,사회,홍익인간,세계 여러 나라의 건국신화
초등학교 5학년,2학기,사회,태조,힘찬 기상의 고구려
초등학교 5학년,2학기,사회,고조건,힘찬 기상의 고구려
초등학교 5학년,2학기,사회,우리 역사의 시작과 발전,힘찬 기상의 고구려
초등학교 5학년,2학기,사회,고구려,힘찬 기상의 고구려
초등학교 5학년,2학기,사회,발해,고구려를 이어받은 발해
초등학교 5학년,2학기,사회,해동성국,고구려를 이어받은 발해
초등학교 5학년,2학기,사회,대조영,고구려를 이어받은 발해
초등학교 5학년,2학기,사회,고구려를 이어받은 발해,고구려를 이어받은 발해
초등학교 5학년,2학기,사회,우리 역사의 시작과 발전,고구려를 이어받은 발해
초등학교 5학년,2학기,사회,고구려,고구려를 이어받은 발해
초등학교 5학년,공통,사회,노비,"근친혼, 노비안검법, 과거제도"
초등학교 5학년,공통,사회,왕권 강화,"근친혼, 노비안검법, 과거제도"
초등학교 5학년,공통,사회,광종,"근친혼, 노비안검법, 과거제도"
초등학교 5학년,공통,사회,권력,"근친혼, 노비안검법, 과거제도"
초등학교 5학년,공통,사회,결혼,"근친혼, 노비안검법, 과거제도"
초등학교 5학년,공통,사회,왕권,"근친혼, 노비안검법, 과거제도"
초등학교 5학년,공통,사회,호족 포용 정책,"근친혼, 노비안검법, 과거제도"
초등학교 5학년,공통,사회,노비안검법,"근친혼, 노비안검법, 과거제도"
초등학교 5학년,공통,사회,양민,"근친혼, 노비안검법, 과거제도"
초등학교 5학년,공통,사회,다양한 문화를 꽃피운 고려,"근친혼, 노비안검법, 과거제도"
초등학교 5학년,공통,사회,근친혼,"근친혼, 노비안검법, 과거제도"
초등학교 5학년,공통,사회,과거제도,"근친혼, 노비안검법, 과거제도"
초등학교 5학년,공통,사회,왕족 결혼,"근친혼, 노비안검법, 과거제도"
초등학교 5학년,공통,사회,다양한 문화를 꽃피운 고,"근친혼, 노비안검법, 과거제도"
초등학교 5학년,2학기,사회,세계와 활발하게 교류한 고려,"거란의 침입과 서희, 강감찬의 활약"
초등학교 5학년,2학기,사회,서희,"거란의 침입과 서희, 강감찬의 활약"
초등학교 5학년,2학기,사회,강감찬,"거란의 침입과 서희, 강감찬의 활약"
초등학교 5학년,2학기,사회,거란,"거란의 침입과 서희, 강감찬의 활약"
초등학교 5학년,2학기,사회,양규,"거란의 침입과 서희, 강감찬의 활약"
초등학교 5학년,2학기,사회,고려,"거란의 침입과 서희, 강감찬의 활약"
초등학교 5학년,2학기,사회,세계와 활발하게 교류한 고려,몽골의 침략과 고려의 저항
초등학교 5학년,2학기,사회,민초,몽골의 침략과 고려의 저항
초등학교 5학년,2학기,사회,몽골의 침략,몽골의 침략과 고려의 저항
초등학교 5학년,2학기,사회,삼별초,몽골의 침략과 고려의 저항
초등학교 5학년,2학기,사회,몽골,몽골의 침략과 고려의 저항
초등학교 5학년,2학기,사회,무신정권,몽골의 침략과 고려의 저항
초등학교 5학년,2학기,사회,고려,몽골의 침략과 고려의 저항
초등학교 5학년,공통,사회,고려 도자기 제작기술,고려청자와 상감기법
초등학교 5학년,공통,사회,고려의 과 기술,고려청자와 상감기법
초등학교 5학년,공통,사회,다양한 문화를 꽃피운 고려,고려청자와 상감기법
초등학교 5학년,공통,사회,상형청자,고려청자와 상감기법
초등학교 5학년,공통,사회,상감기법 기원,고려청자와 상감기법
초등학교 5학년,공통,사회,다양한 문화를 꽃피운 고려,고려청자와 상감기법
초등학교 5학년,공통,사회,상감기법,고려청자와 상감기법
초등학교 5학년,공통,사회,고려의 기술,고려청자와 상감기법
초등학교 5학년,공통,사회,고려청자,고려청자와 상감기법
초등학교 5학년,공통,사회,흥덕사,금속활자와 목판인쇄술
초등학교 5학년,공통,사회,밀랍주조법,금속활자와 목판인쇄술
초등학교 5학년,공통,사회,해인사,금속활자와 목판인쇄술
초등학교 5학년,공통,사회,직지심체요절,금속활자와 목판인쇄술
초등학교 5학년,공통,사회,다양,금속활자와 목판인쇄술
초등학교 5학년,공통,사회,금속활자 만드는 과정,금속활자와 목판인쇄술
초등학교 5학년,공통,사회,팔만대장경 제작 과정,금속활자와 목판인쇄술
초등학교 5학년,공통,사회,다양한 문화를 꽃피운 고려,금속활자와 목판인쇄술
초등학교 5학년,공통,사회,팔만대장경,금속활자와 목판인쇄술
초등학교 5학년,공통,사회,금속활자,금속활자와 목판인쇄술
초등학교 5학년,공통,사회,목판인쇄술,금속활자와 목판인쇄술
초등학교 5학년,공통,사회,직지,금속활자와 목판인쇄술
초등학교 3학년,공통,사회,관례,관례(冠禮)
초등학교 3학년,공통,사회,계례,관례(冠禮)
초등학교 3학년,공통,사회,아명,관례(冠禮)
초등학교 3학년,공통,사회,다양한 삶의 모습들,관례(冠禮)
초등학교 3학년,공통,사회,성년의 날,관례(冠禮)
초등학교 3학년,공통,사회,세계 여러 지역의 자연과 문화,관례(冠禮)
초등학교 3학년,공통,사회,다른 나라 관례,관례(冠禮)
초등학교 3학년,공통,사회,다양한 삶의 모습들,관례(冠禮)
초등학교 6학년,공통,사회,관례,관례(冠禮)
초등학교 6학년,공통,사회,계례,관례(冠禮)
초등학교 6학년,공통,사회,아명,관례(冠禮)
초등학교 6학년,공통,사회,다양한 삶의 모습들,관례(冠禮)
초등학교 6학년,공통,사회,성년의 날,관례(冠禮)
초등학교 6학년,공통,사회,세계 여러 지역의 자연과 문화,관례(冠禮)
초등학교 6학년,공통,사회,다른 나라 관례,관례(冠禮)
초등학교 6학년,공통,사회,다양한 삶의 모습들,관례(冠禮)
초등학교 3학년,공통,사회,시묘살이,상례(喪禮)
초등학교 3학년,공통,사회,봉안당,상례(喪禮)
초등학교 3학년,공통,사회,상례,상례(喪禮)
초등학교 3학년,공통,사회,현대 상례 문화,상례(喪禮)
초등학교 3학년,공통,사회,고인돌,상례(喪禮)
초등학교 3학년,공통,사회,잔디장,상례(喪禮)
초등학교 3학년,공통,사회,선사시대 상례,상례(喪禮)
초등학교 3학년,공통,사회,남방식,상례(喪禮)
초등학교 3학년,공통,사회,장례식,상례(喪禮)
초등학교 3학년,공통,사회,다양한 삶의 모습들,상례(喪禮)
초등학교 3학년,공통,사회,상복,상례(喪禮)
초등학교 3학년,공통,사회,화초장,상례(喪禮)
초등학교 3학년,공통,사회,수목장,상례(喪禮)
초등학교 3학년,공통,사회,북방식,상례(喪禮)
초등학교 3학년,공통,사회,화장,상례(喪禮)
초등학교 3학년,공통,사회,다양한 삶의 모,상례(喪禮)
초등학교 3학년,공통,사회,혼례,혼례(冠禮
초등학교 3학년,공통,사회,다양한 삶의 모습들,혼례(冠禮
초등학교 3학년,공통,사회,결혼,혼례(冠禮
초등학교 3학년,공통,사회,다른 나라 결혼식,혼례(冠禮
초등학교 3학년,공통,사회,전통혼례 모습,혼례(冠禮
초등학교 3학년,공통,사회,전통혼례,혼례(冠禮
초등학교 3학년,공통,사회,세계 여러 지역의 자연과 문화,혼례(冠禮
초등학교 3학년,공통,사회,폐백,혼례(冠禮
초등학교 3학년,공통,사회,다양한 삶의 모습들,혼례(冠禮
초등학교 3학년,공통,사회,제례,제례(祭禮)
초등학교 3학년,공통,사회,차례,제례(祭禮)
초등학교 3학년,공통,사회,세계 여러 지역의 자연과 문,제례(祭禮)
초등학교 3학년,공통,사회,고춧가루,제례(祭禮)
초등학교 3학년,공통,사회,고추장,제례(祭禮)
초등학교 3학년,공통,사회,다양한 삶의 모습들,제례(祭禮)
초등학교 3학년,공통,사회,풍어제,제례(祭禮)
초등학교 3학년,공통,사회,산신제,제례(祭禮)
초등학교 3학년,공통,사회,명절 제사상,제례(祭禮)
초등학교 3학년,공통,사회,제사,제례(祭禮)
초등학교 3학년,공통,사회,다양한 삶의 모습들,제례(祭禮)
초등학교 6학년,2학기,사회,우리나라의 민주 정치,행정부의 역할
초등학교 6학년,2학기,사회,행정부,행정부의 역할
초등학교 6학년,2학기,사회,행정부의 역할,행정부의 역할
초등학교 6학년,2학기,사회,사법부,행정부의 역할
초등학교 6학년,2학기,사회,대통령,행정부의 역할
초등학교 6학년,2학기,사회,입법부,행정부의 역할
초등학교 5학년,공통,사회,정미의병,독립운동의 전개
초등학교 5학년,공통,사회,독립운동의 전개,독립운동의 전개
초등학교 5학년,공통,사회,의병,독립운동의 전개
초등학교 5학년,공통,사회,전형필,독립운동의 전개
초등학교 5학년,공통,사회,문화재 수집,독립운동의 전개
초등학교 5학년,공통,사회,"안중근,조마리아,히로부미",독립운동의 전개
초등학교 5학년,공통,사회,새로운 문물의 수용과 자주독립,독립운동의 전개
초등학교 5학년,공통,사회,새로운 문물의 수용과 자,독립운동의 전개
초등학교 5학년,공통,사회,독립운동,독립운동의 전개
초등학교 5학년,공통,사회,을미사변,독립운동의 전개
초등학교 5학년,공통,사회,한일병합조약,경술국치
초등학교 5학년,공통,사회,경술국치,경술국치
초등학교 5학년,공통,사회,을사늑약,경술국치
초등학교 5학년,공통,사회,새로운 문물,경술국치
초등학교 5학년,공통,사회,고종,경술국치
초등학교 5학년,공통,사회,강화도조약,경술국치
초등학교 5학년,공통,사회,한일병합 조약의 엉터리 절차   새로운 문물의 수용과 자주독립,경술국치
초등학교 5학년,공통,사회,을사조약의 부당함,경술국치
초등학교 5학년,공통,사회,순종의 위임장,경술국치
초등학교 3학년,1학기,사회,사람들이 모이는 곳,중심지의 변화
초등학교 3학년,1학기,사회,중심지,중심지의 변화
초등학교 3학년,1학기,사회,시장,중심지의 변화
초등학교 3학년,1학기,사회,대형 마트의 장점,중심지의 변화
초등학교 3학년,1학기,사회,대형 마트의 등장 배경,중심지의 변화
초등학교 3학년,1학기,사회,대형 마트,중심지의 변화
초등학교 3학년,1학기,사회,구멍가게,중심지의 변화
초등학교 3학년,2학기,사회,"우리 지역, 다른 지역",중심지의 과거 모습
초등학교 3학년,2학기,사회,지명,중심지의 과거 모습
초등학교 3학년,2학기,사회,지역,중심지의 과거 모습
초등학교 3학년,2학기,사회,압구정,중심지의 과거 모습
초등학교 3학년,2학기,사회,한명회,중심지의 과거 모습
초등학교 3학년,공통,사회,일기도에 사용되는 기호,기후도와 일기도
초등학교 3학년,공통,사회,일기예보,기후도와 일기도
초등학교 3학년,공통,사회,우리가 살아가는 곳,기후도와 일기도
초등학교 3학년,공통,사회,개화지도,기후도와 일기도
초등학교 3학년,공통,사회,우리가 살아가는 곳,기후도와 일기도
초등학교 3학년,공통,사회,기후도,기후도와 일기도
초등학교 3학년,공통,사회,우리나라 일기도,기후도와 일기도
초등학교 3학년,공통,사회,일기도,기후도와 일기도
초등학교 3학년,공통,사회,우리나라 기후도,기후도와 일기도
초등학교 3학년,공통,사회,기후 구분도,기후도와 일기도
초등학교 3학년,공통,사회,우리가 살아가는 곳,위치도
초등학교 3학년,공통,사회,우리 국토의 모습과 생활,위치도
초등학교 3학년,공통,사회,우리가 살아가는 곳,위치도
초등학교 3학년,공통,사회,6학,위치도
초등학교 3학년,공통,사회,지도,위치도
초등학교 3학년,공통,사회,위치도,위치도
초등학교 3학년,공통,사회,우리 국토의 모습과 생활,위치도
초등학교 6학년,공통,사회,우리가 살아가는 곳,위치도
초등학교 6학년,공통,사회,우리 국토의 모습과 생활,위치도
초등학교 6학년,공통,사회,우리가 살아가는 곳,위치도
초등학교 6학년,공통,사회,6학,위치도
초등학교 6학년,공통,사회,지도,위치도
초등학교 6학년,공통,사회,위치도,위치도
초등학교 6학년,공통,사회,우리 국토의 모습과 생활,위치도
초등학교 3학년,공통,사회,세계 전도,일반도
초등학교 3학년,공통,사회,지형도,일반도
초등학교 3학년,공통,사회,우리가 살아가는 곳,일반도
초등학교 3학년,공통,사회,도시의 발달과,일반도
초등학교 3학년,공통,사회,우리가 살아가는 곳,일반도
초등학교 3학년,공통,사회,도시의 발달과 주민생활,일반도
초등학교 3학년,공통,사회,우리나라 전도,일반도
초등학교 3학년,공통,사회,일반도,일반도
초등학교 3학년,공통,사회,도시의 발달과 주민,분포도
초등학교 3학년,공통,사회,우리가 살아가는 곳,분포도
초등학교 3학년,공통,사회,분포도,분포도
초등학교 3학년,공통,사회,우리가 살아가는 곳,분포도
초등학교 3학년,공통,사회,도시의 발달과 주민생활,분포도
초등학교 3학년,공통,사회,진앙 분포도,분포도
초등학교 3학년,공통,사회,분포도의 활용,분포도
초등학교 3학년,공통,사회,통계지도,통계지도
초등학교 3학년,공통,사회,신기한 모습의 통계지도,통계지도
초등학교 3학년,공통,사회,우리가 살아가는 곳,통계지도
초등학교 3학년,공통,사회,우리가 살아가는 곳,통계지도
초등학교 3학년,공통,사회,도시의 발달과 주민생활,통계지도
초등학교 3학년,공통,사회,통계자료,통계지도
초등학교 3학년,공통,사회,왜상통계지도,통계지도
초등학교 3학년,공통,사회,"우리 지역, 다른 지역",서로 나누는 일에 참여해요
초등학교 3학년,공통,사회,아나바다,서로 나누는 일에 참여해요
초등학교 3학년,공통,사회,"우리 지역, 다른 지역",서로 나누는 일에 참여해요
초등학교 3학년,공통,사회,아나바다 장터,서로 나누는 일에 참여해요
초등학교 3학년,공통,사회,재활용 가게,서로 나누는 일에 참여해요
초등학교 3학년,공통,사회,아나바다 운동,서로 나누는 일에 참여해요
초등학교 3학년,공통,사회,벼룩시장,서로 나누는 일에 참여해요
초등학교 3학년,공통,사회,직거래 장터,서로 나누는 일에 참여해요
초등학교 3학년,공통,사회,재능 기부,서로 나누는 일에 참여해요
초등학교 3학년,공통,사회,시민단체의 종류,시민단체
초등학교 3학년,공통,사회,"우리 지역, 다른 지역",시민단체
초등학교 3학년,공통,사회,"우리 지역, 다른 지역",시민단체
초등학교 3학년,공통,사회,지역의 발전,시민단체
초등학교 3학년,공통,사회,반크,시민단체
초등학교 3학년,공통,사회,시민단체,시민단체
초등학교 3학년,공통,사회,툰자,시민단체
초등학교 3학년,공통,사회,지역의 발전,시민단체
초등학교 3학년,공통,사회,이야기 할머니,자원봉사
초등학교 3학년,공통,사회,"우리 지역, 다른 지역",자원봉사
초등학교 3학년,공통,사회,"우리 지역, 다른 지역",자원봉사
초등학교 3학년,공통,사회,지역의 발전,자원봉사
초등학교 3학년,공통,사회,자원봉사자,자원봉사
초등학교 3학년,공통,사회,자원봉사,자원봉사
초등학교 3학년,공통,사회,다양한 자원봉사,자원봉사
초등학교 5학년,공통,사회,대한민국의 발전과 오늘의 우리,역사왜곡과 반성
초등학교 5학년,공통,사회,일본의 역사왜곡,역사왜곡과 반성
초등학교 5학년,공통,사회,대한민국의 발전을 위하여,역사왜곡과 반성
초등학교 5학년,공통,사회,반성,역사왜곡과 반성
초등학교 5학년,공통,사회,대한민국의 발전과 오늘의 우리,역사왜곡과 반성
초등학교 5학년,공통,사회,위안부 사건,역사왜곡과 반성
초등학교 5학년,공통,사회,독일의 반성,역사왜곡과 반성
초등학교 5학년,공통,사회,역사왜곡,역사왜곡과 반성
초등학교 3학년,1학기,사회,피난민,남북통일을 위한 노력
초등학교 3학년,1학기,사회,남한,남북통일을 위한 노력
초등학교 3학년,1학기,사회,이산가족,남북통일을 위한 노력
초등학교 3학년,1학기,사회,통일,남북통일을 위한 노력
초등학교 3학년,1학기,사회,북한,남북통일을 위한 노력
초등학교 3학년,1학기,사회,전쟁,남북통일을 위한 노력
초등학교 3학년,1학기,사회,다양한 삶의 모습들,남북통일을 위한 노력
초등학교 3학년,2학기,사회,피난민,남북통일을 위한 노력
초등학교 3학년,2학기,사회,남한,남북통일을 위한 노력
초등학교 3학년,2학기,사회,이산가족,남북통일을 위한 노력
초등학교 3학년,2학기,사회,통일,남북통일을 위한 노력
초등학교 3학년,2학기,사회,북한,남북통일을 위한 노력
초등학교 3학년,2학기,사회,전쟁,남북통일을 위한 노력
초등학교 3학년,2학기,사회,다양한 삶의 모습들,남북통일을 위한 노력
초등학교 5학년,1학기,사회,피난민,남북통일을 위한 노력
초등학교 5학년,1학기,사회,남한,남북통일을 위한 노력
초등학교 5학년,1학기,사회,이산가족,남북통일을 위한 노력
초등학교 5학년,1학기,사회,통일,남북통일을 위한 노력
초등학교 5학년,1학기,사회,북한,남북통일을 위한 노력
초등학교 5학년,1학기,사회,전쟁,남북통일을 위한 노력
초등학교 5학년,1학기,사회,다양한 삶의 모습들,남북통일을 위한 노력
초등학교 5학년,2학기,사회,피난민,남북통일을 위한 노력
초등학교 5학년,2학기,사회,남한,남북통일을 위한 노력
초등학교 5학년,2학기,사회,이산가족,남북통일을 위한 노력
초등학교 5학년,2학기,사회,통일,남북통일을 위한 노력
초등학교 5학년,2학기,사회,북한,남북통일을 위한 노력
초등학교 5학년,2학기,사회,전쟁,남북통일을 위한 노력
초등학교 5학년,2학기,사회,다양한 삶의 모습들,남북통일을 위한 노력
초등학교 6학년,1학기,사회,피난민,남북통일을 위한 노력
초등학교 6학년,1학기,사회,남한,남북통일을 위한 노력
초등학교 6학년,1학기,사회,이산가족,남북통일을 위한 노력
초등학교 6학년,1학기,사회,통일,남북통일을 위한 노력
초등학교 6학년,1학기,사회,북한,남북통일을 위한 노력
초등학교 6학년,1학기,사회,전쟁,남북통일을 위한 노력
초등학교 6학년,1학기,사회,다양한 삶의 모습들,남북통일을 위한 노력
초등학교 6학년,2학기,사회,피난민,남북통일을 위한 노력
초등학교 6학년,2학기,사회,남한,남북통일을 위한 노력
초등학교 6학년,2학기,사회,이산가족,남북통일을 위한 노력
초등학교 6학년,2학기,사회,통일,남북통일을 위한 노력
초등학교 6학년,2학기,사회,북한,남북통일을 위한 노력
초등학교 6학년,2학기,사회,전쟁,남북통일을 위한 노력
초등학교 6학년,2학기,사회,다양한 삶의 모습들,남북통일을 위한 노력
초등학교 6학년,공통,사회,우리나라 영토와 관련된 분쟁,우리나라의 영토
초등학교 6학년,공통,사회,국가의 영역,우리나라의 영토
초등학교 6학년,공통,사회,우리 국토의 모습과 생활,우리나라의 영토
초등학교 6학년,공통,사회,영토,우리나라의 영토
초등학교 6학년,공통,사회,우리나라 영토,우리나라의 영토
초등학교 6학년,공통,사회,우리 국토의 모습과 생활,우리나라의 영토
초등학교 6학년,공통,사회,영토고권,우리나라의 영토
중학교 2학년,공통,사회,우리나라의 영토,중국과 일본의 영해를 둘러싼 갈등
중학교 2학년,공통,사회,배타적 경제수역,중국과 일본의 영해를 둘러싼 갈등
중학교 2학년,공통,사회,독도,중국과 일본의 영해를 둘러싼 갈등
중학교 2학년,공통,사회,이어도,중국과 일본의 영해를 둘러싼 갈등
중학교 2학년,공통,사회,영토,중국과 일본의 영해를 둘러싼 갈등
중학교 2학년,공통,사회,중국,중국과 일본의 영해를 둘러싼 갈등
중학교 2학년,공통,사회,일본,중국과 일본의 영해를 둘러싼 갈등
초등학교 4학년,공통,사회,실물자산,현명한 자산 관리
초등학교 4학년,공통,사회,자산 관리,현명한 자산 관리
초등학교 4학년,공통,사회,주식,현명한 자산 관리
초등학교 4학년,공통,사회,예금,현명한 자산 관리
초등학교 4학년,공통,사회,금융,현명한 자산 관리
초등학교 4학년,공통,사회,펀드,현명한 자산 관리
초등학교 4학년,공통,사회,목돈,현명한 자산 관리
초등학교 4학년,공통,사회,채권,현명한 자산 관리
초등학교 4학년,공통,사회,경제생활의 이해,현명한 자산 관리
초등학교 4학년,공통,사회,고등,현명한 자산 관리
초등학교 4학년,공통,사회,적금,현명한 자산 관리
초등학교 4학년,공통,사회,현명한 자산 관리,현명한 자산 관리
초등학교 4학년,공통,사회,경제생활과 바람직한 선택,현명한 자산 관리
초등학교 4학년,공통,사회,경제생활과 바람직한 선택,현명한 자산 관리
초등학교 5학년,공통,사회,국제 무역항,황제의 나라 고려와 해양 실크로드
초등학교 5학년,공통,사회,다양한 문,황제의 나라 고려와 해양 실크로드
초등학교 5학년,공통,사회,황제,황제의 나라 고려와 해양 실크로드
초등학교 5학년,공통,사회,비단길,황제의 나라 고려와 해양 실크로드
초등학교 5학년,공통,사회,황제의 나라,황제의 나라 고려와 해양 실크로드
초등학교 5학년,공통,사회,발해,황제의 나라 고려와 해양 실크로드
초등학교 5학년,공통,사회,연호,황제의 나라 고려와 해양 실크로드
초등학교 5학년,공통,사회,무역,황제의 나라 고려와 해양 실크로드
초등학교 5학년,공통,사회,벽란도,황제의 나라 고려와 해양 실크로드
초등학교 5학년,공통,사회,코리아,황제의 나라 고려와 해양 실크로드
초등학교 5학년,공통,사회,천자,황제의 나라 고려와 해양 실크로드
초등학교 5학년,공통,사회,다양한 문화를 꽃피운 고려,황제의 나라 고려와 해양 실크로드
초등학교 5학년,공통,사회,유민,황제의 나라 고려와 해양 실크로드
초등학교 5학년,공통,사회,해양 실크로드,황제의 나라 고려와 해양 실크로드
초등학교 5학년,공통,사회,고려,황제의 나라 고려와 해양 실크로드
초등학교 5학년,공통,사회,고구려,황제의 나라 고려와 해양 실크로드
초등학교 5학년,공통,사회,천수,황제의 나라 고려와 해양 실크로드
초등학교 5학년,공통,사회,왕건,고려의 건국과 후삼국 통일의 역사적 의의
초등학교 5학년,공통,사회,견훤,고려의 건국과 후삼국 통일의 역사적 의의
초등학교 5학년,공통,사회,신라,고려의 건국과 후삼국 통일의 역사적 의의
초등학교 5학년,공통,사회,후삼국 통일,고려의 건국과 후삼국 통일의 역사적 의의
초등학교 5학년,공통,사회,후백제,고려의 건국과 후삼국 통일의 역사적 의의
초등학교 5학년,공통,사회,민족통합,고려의 건국과 후삼국 통일의 역사적 의의
초등학교 5학년,공통,사회,온화한 정책,고려의 건국과 후삼국 통일의 역사적 의의
초등학교 5학년,공통,사회,경순왕,고려의 건국과 후삼국 통일의 역사적 의의
초등학교 5학년,공통,사회,다양한 문화를 꽃피운 고려,고려의 건국과 후삼국 통일의 역사적 의의
초등학교 5학년,공통,사회,고려건국,고려의 건국과 후삼국 통일의 역사적 의의
초등학교 5학년,공통,사회,다양한 문화를 꽃,고려의 건국과 후삼국 통일의 역사적 의의
초등학교 5학년,공통,사회,송악,고려의 건국과 후삼국 통일의 역사적 의의
초등학교 5학년,공통,사회,후고구려,고려의 건국과 후삼국 통일의 역사적 의의
초등학교 5학년,공통,사회,고려,고려의 건국과 후삼국 통일의 역사적 의의
초등학교 5학년,공통,사회,궁예,고려의 건국과 후삼국 통일의 역사적 의의
초등학교 5학년,공통,사회,호족,고려의 건국과 후삼국 통일의 역사적 의의
초등학교 6학년,2학기,사회,우리나라의 민주 정치,파파라치
초등학교 6학년,2학기,사회,참사보도,파파라치
초등학교 6학년,2학기,사회,파파라치,파파라치
초등학교 6학년,2학기,사회,인권,파파라치
초등학교 6학년,2학기,사회,보도,파파라치
초등학교 6학년,2학기,사회,프라이버시,파파라치
초등학교 5학년,1학기,사회,우리 의 과제와 문화의 발전,정보 사회의 기본예절
초등학교 5학년,1학기,사회,네티켓,정보 사회의 기본예절
초등학교 5학년,1학기,사회,예절,정보 사회의 기본예절
초등학교 5학년,1학기,사회,에티켓,정보 사회의 기본예절
초등학교 5학년,1학기,사회,인터넷,정보 사회의 기본예절
초등학교 5학년,1학기,사회,정보,정보 사회의 기본예절
초등학교 6학년,1학기,사회,우리 의 과제와 문화의 발전,정보 사회의 기본예절
초등학교 6학년,1학기,사회,네티켓,정보 사회의 기본예절
초등학교 6학년,1학기,사회,예절,정보 사회의 기본예절
초등학교 6학년,1학기,사회,에티켓,정보 사회의 기본예절
초등학교 6학년,1학기,사회,인터넷,정보 사회의 기본예절
초등학교 6학년,1학기,사회,정보,정보 사회의 기본예절
초등학교 3학년,공통,사회,베일,"이슬람 여성들의 가리개, 히잡"
초등학교 3학년,공통,사회,변화와 우리 생활,"이슬람 여성들의 가리개, 히잡"
초등학교 3학년,공통,사회,세계 여러 지역의 자,"이슬람 여성들의 가리개, 히잡"
초등학교 3학년,공통,사회,니캅,"이슬람 여성들의 가리개, 히잡"
초등학교 3학년,공통,사회,히잡을 착용하는 이유,"이슬람 여성들의 가리개, 히잡"
초등학교 3학년,공통,사회,부르카,"이슬람 여성들의 가리개, 히잡"
초등학교 3학년,공통,사회,변화와 우리 생활,"이슬람 여성들의 가리개, 히잡"
초등학교 3학년,공통,사회,히잡,"이슬람 여성들의 가리개, 히잡"
초등학교 3학년,공통,사회,이슬람,"이슬람 여성들의 가리개, 히잡"
초등학교 3학년,공통,사회,차도르,"이슬람 여성들의 가리개, 히잡"
초등학교 3학년,공통,사회,변화와 우리 생활,"마음을 전하는 옷, 캉가"
초등학교 3학년,공통,사회,캉가에 사용되는 문구와 의미,"마음을 전하는 옷, 캉가"
초등학교 3학년,공통,사회,아프리카,"마음을 전하는 옷, 캉가"
초등학교 3학년,공통,사회,변화와 우리 생활,"마음을 전하는 옷, 캉가"
초등학교 3학년,공통,사회,캉가,"마음을 전하는 옷, 캉가"
초등학교 3학년,공통,사회,세계 여러 지역의 자연과 문화,"마음을 전하는 옷, 캉가"
초등학교 6학년,공통,사회,변화와 우리 생활,"마음을 전하는 옷, 캉가"
초등학교 6학년,공통,사회,캉가에 사용되는 문구와 의미,"마음을 전하는 옷, 캉가"
초등학교 6학년,공통,사회,아프리카,"마음을 전하는 옷, 캉가"
초등학교 6학년,공통,사회,변화와 우리 생활,"마음을 전하는 옷, 캉가"
초등학교 6학년,공통,사회,캉가,"마음을 전하는 옷, 캉가"
초등학교 6학년,공통,사회,세계 여러 지역의 자연과 문화,"마음을 전하는 옷, 캉가"
초등학교 3학년,공통,사회,객가족의 토루,"중국의 전통 가옥, 토루"
초등학교 3학년,공통,사회,티에트겐 기숙사,"중국의 전통 가옥, 토루"
초등학교 3학년,공통,사회,변화와 우리 생활,"중국의 전통 가옥, 토루"
초등학교 3학년,공통,사회,세계 여러 지역의 자,"중국의 전통 가옥, 토루"
초등학교 3학년,공통,사회,사합원,"중국의 전통 가옥, 토루"
초등학교 3학년,공통,사회,중국 전통 가옥,"중국의 전통 가옥, 토루"
초등학교 3학년,공통,사회,변화와 우리 생활,"중국의 전통 가옥, 토루"
초등학교 3학년,공통,사회,토루,"중국의 전통 가옥, 토루"
초등학교 3학년,공통,사회,변화와 우리 생활,세계의 동굴 주거 생활
초등학교 3학년,공통,사회,데린쿠유,세계의 동굴 주거 생활
초등학교 3학년,공통,사회,야오동,세계의 동굴 주거 생활
초등학교 3학년,공통,사회,변화와,세계의 동굴 주거 생활
초등학교 3학년,공통,사회,괴레메 동굴 주거지,세계의 동굴 주거 생활
초등학교 3학년,공통,사회,데린쿠유 내부 구조,세계의 동굴 주거 생활
초등학교 3학년,공통,사회,지하도시의 삶,세계의 동굴 주거 생활
초등학교 3학년,공통,사회,두 가지 유형의 동굴 주택,세계의 동굴 주거 생활
초등학교 3학년,공통,사회,동굴 주거 생활,세계의 동굴 주거 생활
초등학교 3학년,공통,사회,무슬림,"이슬람 세계의 음식, 할랄과 하람"
초등학교 3학년,공통,사회,변화와 우리 생활,"이슬람 세계의 음식, 할랄과 하람"
초등학교 3학년,공통,사회,돼지고기,"이슬람 세계의 음식, 할랄과 하람"
초등학교 3학년,공통,사회,이슬람 음식,"이슬람 세계의 음식, 할랄과 하람"
초등학교 3학년,공통,사회,할랄 인증 마크,"이슬람 세계의 음식, 할랄과 하람"
초등학교 3학년,공통,사회,할랄 음식,"이슬람 세계의 음식, 할랄과 하람"
초등학교 3학년,공통,사회,하람,"이슬람 세계의 음식, 할랄과 하람"
초등학교 3학년,공통,사회,하람 음식,"이슬람 세계의 음식, 할랄과 하람"
초등학교 3학년,공통,사회,변화와 우리 생활,"이슬람 세계의 음식, 할랄과 하람"
초등학교 3학년,공통,사회,할랄,"이슬람 세계의 음식, 할랄과 하람"
초등학교 3학년,공통,사회,수산시장,시장
초등학교 3학년,공통,사회,전문시장,시장
초등학교 3학년,공통,사회,시장,시장
초등학교 3학년,공통,사회,우리가 살아가는 곳,시장
초등학교 3학년,공통,사회,우리가 살아가는 곳,시장
초등학교 3학년,공통,사회,약령시장,시장
초등학교 3학년,공통,사회,"우리 지역,다른 지역",시장
초등학교 3학년,공통,사회,마트형 전통시장,시장
초등학교 3학년,공통,사회,상설시장,시장
초등학교 3학년,공통,사회,오일장,시장
초등학교 3학년,공통,사회,시청에서 하는 일,시청과 도청
초등학교 3학년,공통,사회,시청,시청과 도청
초등학교 3학년,공통,사회,시청과 도청에서 하는 일,시청과 도청
초등학교 3학년,공통,사회,우리,시청과 도청
초등학교 3학년,공통,사회,우리가 살아가는 곳,시청과 도청
초등학교 3학년,공통,사회,우리가 살아가는 곳,시청과 도청
초등학교 3학년,공통,사회,도청,시청과 도청
초등학교 3학년,공통,사회,도청에서 하는 일,시청과 도청
초등학교 3학년,공통,사회,서울 시청,시청과 도청
초등학교 3학년,공통,사회,버스터미널,터미널과 역
초등학교 3학년,공통,사회,우리가 살아가는 곳,터미널과 역
초등학교 3학년,공통,사회,우리가 살아가는 곳,터미널과 역
초등학교 3학년,공통,사회,기차역,터미널과 역
초등학교 3학년,공통,사회,새로운 역 건설로 인한 중심지 변화,터미널과 역
초등학교 3학년,공통,사회,새로운 역 건설,터미널과 역
초등학교 3학년,공통,사회,우리,터미널과 역
초등학교 3학년,공통,사회,터미널,터미널과 역
중학교 2학년,공통,사회,시에라리온,자원과 주민 생활
중학교 2학년,공통,사회,분쟁,자원과 주민 생활
중학교 2학년,공통,사회,자원의 개발과 이용,자원과 주민 생활
중학교 2학년,공통,사회,자원,자원과 주민 생활
중학교 2학년,공통,사회,다이아몬드,자원과 주민 생활
초등학교 3학년,공통,사회,세계,포이팅거 지도
초등학교 3학년,공통,사회,우리가 살아가는 곳,포이팅거 지도
초등학교 3학년,공통,사회,우리가 살아가는 곳,포이팅거 지도
초등학교 3학년,공통,사회,포이팅거 지도에 담긴 정보,포이팅거 지도
초등학교 3학년,공통,사회,포이팅거 지도,포이팅거 지도
초등학교 3학년,공통,사회,세계 여러 지역의 자연과 문화,포이팅거 지도
초등학교 6학년,공통,사회,세계,포이팅거 지도
초등학교 6학년,공통,사회,우리가 살아가는 곳,포이팅거 지도
초등학교 6학년,공통,사회,우리가 살아가는 곳,포이팅거 지도
초등학교 6학년,공통,사회,포이팅거 지도에 담긴 정보,포이팅거 지도
초등학교 6학년,공통,사회,포이팅거 지도,포이팅거 지도
초등학교 6학년,공통,사회,세계 여러 지역의 자연과 문화,포이팅거 지도
초등학교 3학년,공통,사회,메르카토르의 세계지도,심장을 닮은 지도
초등학교 3학년,공통,사회,우리가 살아가는 곳,심장을 닮은 지도
초등학교 3학년,공통,사회,세계기록유산,심장을 닮은 지도
초등학교 3학년,공통,사회,발트제뮐러 지도,심장을 닮은 지도
초등학교 3학년,공통,사회,심장을 닮은 지도,심장을 닮은 지도
초등학교 3학년,공통,사회,우리가 살아,심장을 닮은 지도
초등학교 3학년,공통,사회,아피안의 세계지도,심장을 닮은 지도
초등학교 3학년,공통,사회,피네의 세계지도,심장을 닮은 지도
초등학교 3학년,공통,사회,하트모양 지도,심장을 닮은 지도
초등학교 3학년,공통,사회,원뿔 투영법,그리는 방법에 따라 달라지는 지도의 모양
초등학교 3학년,공통,사회,다양한 모양의 세계지도,그리는 방법에 따라 달라지는 지도의 모양
초등학교 3학년,공통,사회,우리가 살아가는 곳,그리는 방법에 따라 달라지는 지도의 모양
초등학교 3학년,공통,사회,평면 투영법,그리는 방법에 따라 달라지는 지도의 모양
초등학교 3학년,공통,사회,우리가 살아가는 곳,그리는 방법에 따라 달라지는 지도의 모양
초등학교 3학년,공통,사회,원통 투영법,그리는 방법에 따라 달라지는 지도의 모양
초등학교 3학년,공통,사회,세계지도,그리는 방법에 따라 달라지는 지도의 모양
초등학교 3학년,공통,사회,지도 모양,그리는 방법에 따라 달라지는 지도의 모양
초등학교 3학년,공통,사회,메르카토르 도법,그리는 방법에 따라 달라지는 지도의 모양
중학교 2학년,공통,사회,기아,그린피스와 세계식량계획(WFP)의 활약
중학교 2학년,공통,사회,WFP,그린피스와 세계식량계획(WFP)의 활약
중학교 2학년,공통,사회,그린피스,그린피스와 세계식량계획(WFP)의 활약
중학교 2학년,공통,사회,통일 한국과 세계 시민의 역할,그린피스와 세계식량계획(WFP)의 활약
중학교 2학년,공통,사회,NGO,그린피스와 세계식량계획(WFP)의 활약
중학교 2학년,공통,사회,세계식량계획,그린피스와 세계식량계획(WFP)의 활약
중학교 2학년,공통,사회,환경,그린피스와 세계식량계획(WFP)의 활약
초등학교 4학년,1학기,사회,유권자,대표자와 유권자의 역할
초등학교 4학년,1학기,사회,민주주의,대표자와 유권자의 역할
초등학교 4학년,1학기,사회,투표,대표자와 유권자의 역할
초등학교 4학년,1학기,사회,선거,대표자와 유권자의 역할
초등학교 4학년,1학기,사회,후보,대표자와 유권자의 역할
초등학교 4학년,1학기,사회,대표자,대표자와 유권자의 역할
초등학교 4학년,1학기,사회,민주주의와 주민 자치,대표자와 유권자의 역할
초등학교 3학년,공통,사회,관광지도,"지도, 왜 만들었을까"
초등학교 3학년,공통,사회,우리가 살아가는 곳,"지도, 왜 만들었을까"
초등학교 3학년,공통,사회,약도,"지도, 왜 만들었을까"
초등학교 3학년,공통,사회,우리가 살아가는 곳,"지도, 왜 만들었을까"
초등학교 3학년,공통,사회,지도를 만든 이유,"지도, 왜 만들었을까"
초등학교 3학년,공통,사회,지도,"지도, 왜 만들었을까"
초등학교 3학년,공통,사회,주변지역 안내도,"지도, 왜 만들었을까"
초등학교 3학년,공통,사회,세계 여러 지역의 자연과 문화,"지도, 왜 만들었을까"
초등학교 3학년,공통,사회,고대 바빌로니아 점토판 지도,사람들의 생각을 나타내는 심상지도
초등학교 3학년,공통,사회,우리가 살아가는 곳,사람들의 생각을 나타내는 심상지도
초등학교 3학년,공통,사회,우리가 살아가는 곳,사람들의 생각을 나타내는 심상지도
초등학교 3학년,공통,사회,심상지도,사람들의 생각을 나타내는 심상지도
초등학교 3학년,공통,사회,TO지도,사람들의 생각을 나타내는 심상지도
초등학교 3학년,공통,사회,세계 여러 지역의 자연과 문화,사람들의 생각을 나타내는 심상지도
초등학교 6학년,공통,사회,고대 바빌로니아 점토판 지도,사람들의 생각을 나타내는 심상지도
초등학교 6학년,공통,사회,우리가 살아가는 곳,사람들의 생각을 나타내는 심상지도
초등학교 6학년,공통,사회,우리가 살아가는 곳,사람들의 생각을 나타내는 심상지도
초등학교 6학년,공통,사회,심상지도,사람들의 생각을 나타내는 심상지도
초등학교 6학년,공통,사회,TO지도,사람들의 생각을 나타내는 심상지도
초등학교 6학년,공통,사회,세계 여러 지역의 자연과 문화,사람들의 생각을 나타내는 심상지도
초등학교 3학년,공통,사회,대중교통수단,미래의 대중교통수단
초등학교 3학년,공통,사회,튜트레인,미래의 대중교통수단
초등학교 3학년,공통,사회,이동과 소통하기,미래의 대중교통수단
초등학교 3학년,공통,사회,이동과 소통하기,미래의 대중교통수단
초등학교 3학년,공통,사회,소형열차,미래의 대중교통수단
초등학교 3학년,공통,사회,우리나라 철도의 발달,미래의 대중교통수단
초등학교 3학년,공통,사회,PRT,미래의 대중교통수단
초등학교 3학년,공통,사회,철도,미래의 대중교통수단
초등학교 3학년,공통,사회,초고속 튜브열차,미래의 대중교통수단
초등학교 3학년,공통,사회,초고속 자기부상열차,미래의 대중교통수단
초등학교 3학년,공통,사회,제트 추진 열차,미래의 대중교통수단
초등학교 3학년,공통,사회,드론이 바꾸는 미래,드론이 바꾸는 세상
초등학교 3학년,공통,사회,이동과 소통하기,드론이 바꾸는 세상
초등학교 3학년,공통,사회,이동과 소통하기,드론이 바꾸는 세상
초등학교 3학년,공통,사회,"정보화,",드론이 바꾸는 세상
초등학교 3학년,공통,사회,"정보화,세계화 그리고 우리",드론이 바꾸는 세상
초등학교 3학년,공통,사회,항공 촬영,드론이 바꾸는 세상
초등학교 3학년,공통,사회,무인 항공기,드론이 바꾸는 세상
초등학교 3학년,공통,사회,드론,드론이 바꾸는 세상
초등학교 6학년,공통,사회,드론이 바꾸는 미래,드론이 바꾸는 세상
초등학교 6학년,공통,사회,이동과 소통하기,드론이 바꾸는 세상
초등학교 6학년,공통,사회,이동과 소통하기,드론이 바꾸는 세상
초등학교 6학년,공통,사회,"정보화,",드론이 바꾸는 세상
초등학교 6학년,공통,사회,"정보화,세계화 그리고 우리",드론이 바꾸는 세상
초등학교 6학년,공통,사회,항공 촬영,드론이 바꾸는 세상
초등학교 6학년,공통,사회,무인 항공기,드론이 바꾸는 세상
초등학교 6학년,공통,사회,드론,드론이 바꾸는 세상
초등학교 3학년,공통,사회,제트팩,미래의 개인용 이동수단
초등학교 3학년,공통,사회,이동과 소통하기,미래의 개인용 이동수단
초등학교 3학년,공통,사회,이동과 소통하기,미래의 개인용 이동수단
초등학교 3학년,공통,사회,"정보화,세계",미래의 개인용 이동수단
초등학교 3학년,공통,사회,"정보화,세계화 그리고 우리",미래의 개인용 이동수단
초등학교 3학년,공통,사회,미래 개인용 이동수단,미래의 개인용 이동수단
초등학교 3학년,공통,사회,솔로휠,미래의 개인용 이동수단
초등학교 3학년,공통,사회,세그웨이,미래의 개인용 이동수단
초등학교 6학년,공통,사회,제트팩,미래의 개인용 이동수단
초등학교 6학년,공통,사회,이동과 소통하기,미래의 개인용 이동수단
초등학교 6학년,공통,사회,이동과 소통하기,미래의 개인용 이동수단
초등학교 6학년,공통,사회,"정보화,세계",미래의 개인용 이동수단
초등학교 6학년,공통,사회,"정보화,세계화 그리고 우리",미래의 개인용 이동수단
초등학교 6학년,공통,사회,미래 개인용 이동수단,미래의 개인용 이동수단
초등학교 6학년,공통,사회,솔로휠,미래의 개인용 이동수단
초등학교 6학년,공통,사회,세그웨이,미래의 개인용 이동수단
초등학교 3학년,공통,사회,석탄 박물관,지역을 재활용하다
초등학교 3학년,공통,사회,IBA 엠셔파크 프로젝트,지역을 재활용하다
초등학교 3학년,공통,사회,"우리 지역, 다른 지역",지역을 재활용하다
초등학교 3학년,공통,사회,"우리지역, 다른 지역",지역을 재활용하다
초등학교 3학년,공통,사회,세계 문화유산,지역을 재활용하다
초등학교 3학년,공통,사회,지역의,지역을 재활용하다
초등학교 3학년,공통,사회,탄광촌,지역을 재활용하다
초등학교 3학년,공통,사회,지역 재활용,지역을 재활용하다
초등학교 3학년,공통,사회,"우리 지역, 다른 지역",건물을 재활용하다
초등학교 3학년,공통,사회,새로운 모습으로 재활용된 건물,건물을 재활용하다
초등학교 3학년,공통,사회,건물 재활용,건물을 재활용하다
초등학교 3학년,공통,사회,버려진 건물 이용,건물을 재활용하다
초등학교 3학년,공통,사회,"우리지역, 다른 지역",건물을 재활용하다
초등학교 3학년,공통,사회,데이트 모던 미술관,건물을 재활용하다
초등학교 3학년,공통,사회,벽화 마을,벽화 마을을 통해 본 지역의 발전
초등학교 3학년,공통,사회,"우리 지역, 다른 지역",벽화 마을을 통해 본 지역의 발전
초등학교 3학년,공통,사회,개미마을,벽화 마을을 통해 본 지역의 발전
초등학교 3학년,공통,사회,지역의 발전,벽화 마을을 통해 본 지역의 발전
초등학교 3학년,공통,사회,"우리지역, 다른 지역",벽화 마을을 통해 본 지역의 발전
초등학교 3학년,공통,사회,지역의 발전,벽화 마을을 통해 본 지역의 발전
초등학교 3학년,공통,사회,행궁동 벽화마을,벽화 마을을 통해 본 지역의 발전
초등학교 3학년,공통,사회,"우리 지역, 다른 지역",마을을 되살리다
초등학교 3학년,공통,사회,지역의 발전,마을을 되살리다
초등학교 3학년,공통,사회,마을 되살리기,마을을 되살리다
초등학교 3학년,공통,사회,"우리지역, 다른 지역",마을을 되살리다
초등학교 3학년,공통,사회,지역의,마을을 되살리다
초등학교 3학년,공통,사회,되살아난 마을,마을을 되살리다
초등학교 3학년,공통,사회,고토랩,마을을 되살리다
초등학교 3학년,공통,사회,고토부키,마을을 되살리다
초등학교 3학년,공통,사회,온돌의 원리,온돌로 보는 문화의 특징
초등학교 3학년,공통,사회,문화의 이해와 창조,온돌로 보는 문화의 특징
초등학교 3학년,공통,사회,온돌,온돌로 보는 문화의 특징
초등학교 3학년,공통,사회,지혜를 담아 온 생활 도구,온돌로 보는 문화의 특징
초등학교 3학년,공통,사회,고장의 생활과 변화,온돌로 보는 문화의 특징
초등학교 3학년,공통,사회,고장의 생활과 변화,온돌로 보는 문화의 특징
초등학교 3학년,공통,사회,온돌로 보는 문화의 특징,온돌로 보는 문화의 특징
초등학교 3학년,공통,사회,고등학,온돌로 보는 문화의 특징
초등학교 3학년,공통,사회,빗장도시,도시의 빛과 그림자
초등학교 3학년,공통,사회,가난한 동네,도시의 빛과 그림자
초등학교 3학년,공통,사회,요새,도시의 빛과 그림자
초등학교 3학년,공통,사회,도시의 발달과 주민 생활,도시의 빛과 그림자
초등학교 3학년,공통,사회,빈민촌,도시의 빛과 그림자
초등학교 3학년,공통,사회,도시의 빛과 그림자,도시의 빛과 그림자
초등학교 3학년,공통,사회,도시의 발달과 주민 생활,도시의 빛과 그림자
초등학교 3학년,공통,사회,달동네,도시의 빛과 그림자
초등학교 3학년,공통,사회,슬럼,도시의 빛과 그림자
초등학교 3학년,공통,사회,부자 동네,도시의 빛과 그림자
초등학교 3학년,공통,사회,생태도시,꿈의 생태도시 - 브라질 쿠리치바
초등학교 3학년,공통,사회,바리귀 공원,꿈의 생태도시 - 브라질 쿠리치바
초등학교 3학년,공통,사회,희망의 도시,꿈의 생태도시 - 브라질 쿠리치바
초등학교 3학년,공통,사회,도시의 발달과 주민 생활,꿈의 생태도시 - 브라질 쿠리치바
초등학교 3학년,공통,사회,굴절형 버스,꿈의 생태도시 - 브라질 쿠리치바
초등학교 3학년,공통,사회,원통형 버스 승강장,꿈의 생태도시 - 브라질 쿠리치바
초등학교 3학년,공통,사회,버스 중심 교통 시스템,꿈의 생태도시 - 브라질 쿠리치바
초등학교 3학년,공통,사회,브라질 쿠리치바,꿈의 생태도시 - 브라질 쿠리치바
초등학교 3학년,공통,사회,사웅 로렌소 공원,꿈의 생태도시 - 브라질 쿠리치바
초등학교 3학년,공통,사회,도시의,슬로시티
초등학교 3학년,공통,사회,슬로시티 선언,슬로시티
초등학교 3학년,공통,사회,우리나라 슬로시티,슬로시티
초등학교 3학년,공통,사회,Slow City,슬로시티
초등학교 3학년,공통,사회,오르비에토,슬로시티
초등학교 3학년,공통,사회,슬로시티 국제 연맹 로고의 뜻,슬로시티
초등학교 3학년,공통,사회,도시의 발달과 주민 생활,슬로시티
초등학교 3학년,공통,사회,슬로시티,슬로시티
초등학교 3학년,공통,사회,오르비에토 위치,슬로시티
초등학교 3학년,공통,사회,산업의 발달과 도시 발달,도시
초등학교 3학년,공통,사회,중심 역할에 따라 구분되는 도시,도시
초등학교 3학년,공통,사회,시장,도시
초등학교 3학년,공통,사회,도읍,도시
초등학교 3학년,공통,사회,도시의 발달과 주민 생활,도시
초등학교 3학년,공통,사회,도시의 역할,도시
초등학교 3학년,공통,사회,도시의 발달과 주민 생활,도시
초등학교 3학년,공통,사회,도시,도시
초등학교 3학년,공통,사회,전통 문화를 간직하고 있는 촌락,촌락
초등학교 3학년,공통,사회,촌락 사람들의 생활 모습,촌락
초등학교 3학년,공통,사회,도시의 발달과 주민 생활,촌락
초등학교 3학년,공통,사회,정주 공간,촌락
초등학교 3학년,공통,사회,촌락,촌락
초등학교 3학년,공통,사회,도시의 발달과 주민 생활,촌락
초등학교 3학년,공통,사회,촌락의 의미,촌락
초등학교 3학년,공통,사회,촌락과 도시의 상호 의존 관계,촌락과 도시의 구별
초등학교 3학년,공통,사회,촌락과 도시,촌락과 도시의 구별
초등학교 3학년,공통,사회,촌락과 도시를 구분하는 기준,촌락과 도시의 구별
초등학교 3학년,공통,사회,도시의 발달과 주민 생활,촌락과 도시의 구별
초등학교 3학년,공통,사회,여러 국가의 도시 설정 기준,촌락과 도시의 구별
초등학교 3학년,공통,사회,촌락과 도시의 구별,촌락과 도시의 구별
초등학교 3학년,공통,사회,도시의,신도시
초등학교 3학년,공통,사회,목적에 따라 개발된 신도시,신도시
초등학교 3학년,공통,사회,건설 목적에 따른 신도시 구분,신도시
초등학교 3학년,공통,사회,신도시에서 나타나는 문제점,신도시
초등학교 3학년,공통,사회,수원 화성,신도시
초등학교 3학년,공통,사회,도시의 발달과 주민 생활,신도시
초등학교 3학년,공통,사회,전원도시 운동,신도시
초등학교 3학년,공통,사회,신도시,신도시
초등학교 3학년,공통,사회,환경문제,도시 문제
초등학교 3학년,공통,사회,도시의 발달과 주,도시 문제
초등학교 3학년,공통,사회,도시 문제의 종류,도시 문제
초등학교 3학년,공통,사회,도시의 발달과 주민 생활,도시 문제
초등학교 3학년,공통,사회,도시 문제를 해결하기 위한 노력,도시 문제
초등학교 3학년,공통,사회,도시 문제,도시 문제
초등학교 3학년,공통,사회,도시문제가 발생하는 원인,도시 문제
초등학교 3학년,공통,사회,교통 체증,도시 문제
초등학교 3학년,공통,사회,촌락에서 배우는 우리 조상들의 지혜,촌락에서 배우는 우리 조상들의 지혜
초등학교 3학년,공통,사회,닭실 마을,촌락에서 배우는 우리 조상들의 지혜
초등학교 3학년,공통,사회,원터 마을,촌락에서 배우는 우리 조상들의 지혜
초등학교 3학년,공통,사회,달실 마을,촌락에서 배우는 우리 조상들의 지혜
초등학교 3학년,공통,사회,촌락의 형성과 변화,촌락에서 배우는 우리 조상들의 지혜
초등학교 3학년,공통,사회,우리국토의 모습과,촌락에서 배우는 우리 조상들의 지혜
초등학교 3학년,공통,사회,촌락의 형성과 변화,촌락에서 배우는 우리 조상들의 지혜
초등학교 3학년,공통,사회,촌락의 형성과 변화,로컬푸드와 푸드마일
초등학교 3학년,공통,사회,신토불이,로컬푸드와 푸드마일
초등학교 3학년,공통,사회,로컬푸드 운동,로컬푸드와 푸드마일
초등학교 3학년,공통,사회,푸드마일의 비교,로컬푸드와 푸드마일
초등학교 3학년,공통,사회,푸드마일,로컬푸드와 푸드마일
초등학교 3학년,공통,사회,우리국토의 모,로컬푸드와 푸드마일
초등학교 3학년,공통,사회,로컬푸드,로컬푸드와 푸드마일
초등학교 3학년,공통,사회,촌락의 형성과 변화,로컬푸드와 푸드마일
초등학교 3학년,공통,사회,로컬푸드의 체계,로컬푸드와 푸드마일
초등학교 3학년,공통,사회,농어촌 체험 마을,농업의 6차 산업화
초등학교 3학년,공통,사회,촌락의 형성과 변화,농업의 6차 산업화
초등학교 3학년,공통,사회,6차 산업의 이해,농업의 6차 산업화
초등학교 3학년,공통,사회,농업의 6차 산업화,농업의 6차 산업화
초등학교 3학년,공통,사회,산업의 새로운 분류,농업의 6차 산업화
초등학교 3학년,공통,사회,우리국토의,농업의 6차 산업화
초등학교 3학년,공통,사회,촌락의 형성과 변화,농업의 6차 산업화
초등학교 3학년,공통,사회,귀농과 귀촌의 인구 수,귀농과 귀촌
초등학교 3학년,공통,사회,귀농,귀농과 귀촌
초등학교 3학년,공통,사회,귀촌,귀농과 귀촌
초등학교 3학년,공통,사회,귀농과 귀촌의 이유,귀농과 귀촌
초등학교 3학년,공통,사회,인구 U턴현상,귀농과 귀촌
초등학교 3학년,공통,사회,지역별 귀농 가구 현황,귀농과 귀촌
초등학교 3학년,공통,사회,촌락의 형성과 변화,귀농과 귀촌
초등학교 3학년,공통,사회,촌락의 형성과 변화,귀농과 귀촌
초등학교 3학년,공통,사회,민주주의와 주민 자치,선거
초등학교 3학년,공통,사회,선거의 변천,선거
초등학교 3학년,공통,사회,선거,선거
초등학교 3학년,공통,사회,보통선거,선거
초등학교 3학년,공통,사회,직접민주제,선거
초등학교 3학년,공통,사회,민주주의와 주민 자치,선거
초등학교 3학년,공통,사회,우리나라의 민주,선거
초등학교 3학년,공통,사회,여성의 참정권 운동,선거
초등학교 3학년,공통,사회,대의민주제,선거
초등학교 3학년,공통,사회,민주주의와 주민 자치,선거 로고송
초등학교 3학년,공통,사회,우리나라,선거 로고송
초등학교 3학년,공통,사회,트로트,선거 로고송
초등학교 3학년,공통,사회,로고송에 사용되는 음악,선거 로고송
초등학교 3학년,공통,사회,민주주의와 주민 자치,선거 로고송
초등학교 3학년,공통,사회,우리나라의 민주 정치,선거 로고송
초등학교 3학년,공통,사회,선거 로고송,선거 로고송
초등학교 6학년,공통,사회,민주주의와 주민 자치,선거 로고송
초등학교 6학년,공통,사회,우리나라,선거 로고송
초등학교 6학년,공통,사회,트로트,선거 로고송
초등학교 6학년,공통,사회,로고송에 사용되는 음악,선거 로고송
초등학교 6학년,공통,사회,민주주의와 주민 자치,선거 로고송
초등학교 6학년,공통,사회,우리나라의 민주 정치,선거 로고송
초등학교 6학년,공통,사회,선거 로고송,선거 로고송
초등학교 3학년,공통,사회,메르카토르 도법 단점,투영법이 하는 거짓말
초등학교 3학년,공통,사회,투영법,투영법이 하는 거짓말
초등학교 3학년,공통,사회,우리가 살아가는 곳,투영법이 하는 거짓말
초등학교 3학년,공통,사회,우리가 살아가는 곳,투영법이 하는 거짓말
초등학교 3학년,공통,사회,페터스 도법의 단점,투영법이 하는 거짓말
초등학교 3학년,공통,사회,세계 여러,투영법이 하는 거짓말
초등학교 3학년,공통,사회,메르카토르 도법,투영법이 하는 거짓말
초등학교 3학년,공통,사회,페터스 도법,투영법이 하는 거짓말
초등학교 3학년,공통,사회,우리가 살아가,축척이 하는 거짓말
초등학교 3학년,공통,사회,우리가 살아가는 곳,축척이 하는 거짓말
초등학교 3학년,공통,사회,대축척지도,축척이 하는 거짓말
초등학교 3학년,공통,사회,소축척지도,축척이 하는 거짓말
초등학교 3학년,공통,사회,축척을 표현하는 다양한 방법,축척이 하는 거짓말
초등학교 3학년,공통,사회,축척에 따른 지도 모습,축척이 하는 거짓말
초등학교 3학년,공통,사회,축척,축척이 하는 거짓말
초등학교 3학년,공통,사회,축척에 따른 지도의 정보 내용과 양,축척이 하는 거짓말
중학교 1학년,공통,사회,툰드라기후,한대 기후
중학교 1학년,공통,사회,고등학교 세계지리 세계의 다양,한대 기후
중학교 1학년,공통,사회,타이타닉,한대 기후
중학교 1학년,공통,사회,고등학교 한국지리 기후 환경의 변화,한대 기후
중학교 1학년,공통,사회,EF,한대 기후
중학교 1학년,공통,사회,한대 기후,한대 기후
중학교 1학년,공통,사회,"극한 지역에서의 생활, 자연으로 떠나는 여행",한대 기후
중학교 1학년,공통,사회,ET,한대 기후
중학교 1학년,공통,사회,빙설기후,한대 기후
중학교 1학년,공통,사회,일기,기후
중학교 1학년,공통,사회,기상,기후
중학교 1학년,공통,사회,고등학교 한국지리,기후
중학교 1학년,공통,사회,기후,기후
중학교 1학년,공통,사회,쾨펜의 기후 구분 1차 구분,기후
중학교 1학년,공통,사회,"극한 지역에서의 생활, 자연으로 떠나는 여행",기후
중학교 1학년,공통,사회,쾨펜의 기후 구분,기후
중학교 1학년,공통,사회,쾨펜의 기후 구분 2차 구분,기후
중학교 1학년,공통,사회,쾨펜,기후
중학교 1학년,공통,기타,바르한,건조 기후
중학교 1학년,공통,기타,사막 지형의 특징,건조 기후
중학교 1학년,공통,기타,사막 형성 원인,건조 기후
중학교 1학년,공통,기타,사막 부폰,건조 기후
중학교 1학년,공통,기타,사막,건조 기후
중학교 1학년,공통,기타,비가 오는 원리,건조 기후
중학교 1학년,공통,기타,건조 기후,건조 기후
중학교 1학년,공통,기타,성사구,건조 기후
중학교 1학년,공통,기타,버섯바위,건조 기후
중학교 1학년,공통,기타,샐테이션,건조 기후
중학교 1학년,공통,기타,사막포도,건조 기후
중학교 1학년,공통,기타,스텝기후,건조 기후
중학교 1학년,공통,기타,사구,건조 기후
중학교 1학년,공통,기타,삼릉석,건조 기후
중학교 1학년,공통,기타,황사구,건조 기후
중학교 1학년,공통,기타,에르그,건조 기후
중학교 1학년,공통,기타,벤티팩트,건조 기후
중학교 1학년,2학기,사회,우리나라의 민주 정치,정치 과정의 이해
중학교 1학년,2학기,사회,정치 생활과 민주주의,정치 과정의 이해
중학교 1학년,2학기,사회,이익,정치 과정의 이해
중학교 1학년,2학기,사회,정치,정치 과정의 이해
중학교 1학년,2학기,사회,이익 표출,정치 과정의 이해
중학교 1학년,2학기,사회,과정,정치 과정의 이해
초등학교 6학년,2학기,사회,우리나라의 민주 정치,정치 과정의 이해
초등학교 6학년,2학기,사회,정치 생활과 민주주의,정치 과정의 이해
초등학교 6학년,2학기,사회,이익,정치 과정의 이해
초등학교 6학년,2학기,사회,정치,정치 과정의 이해
초등학교 6학년,2학기,사회,이익 표출,정치 과정의 이해
초등학교 6학년,2학기,사회,과정,정치 과정의 이해
초등학교 4학년,1학기,사회,우리나라의 민주 정치,시민의 권리와 의무
초등학교 4학년,1학기,사회,자유,시민의 권리와 의무
초등학교 4학년,1학기,사회,명예훼손,시민의 권리와 의무
초등학교 4학년,1학기,사회,의무,시민의 권리와 의무
초등학교 4학년,1학기,사회,민주주의와 주민 자치,시민의 권리와 의무
초등학교 4학년,1학기,사회,권리,시민의 권리와 의무
초등학교 4학년,1학기,사회,표현,시민의 권리와 의무
초등학교 4학년,2학기,사회,우리나라의 민주 정치,시민의 권리와 의무
초등학교 4학년,2학기,사회,자유,시민의 권리와 의무
초등학교 4학년,2학기,사회,명예훼손,시민의 권리와 의무
초등학교 4학년,2학기,사회,의무,시민의 권리와 의무
초등학교 4학년,2학기,사회,민주주의와 주민 자치,시민의 권리와 의무
초등학교 4학년,2학기,사회,권리,시민의 권리와 의무
초등학교 4학년,2학기,사회,표현,시민의 권리와 의무
초등학교 6학년,1학기,사회,우리나라의 민주 정치,시민의 권리와 의무
초등학교 6학년,1학기,사회,자유,시민의 권리와 의무
초등학교 6학년,1학기,사회,명예훼손,시민의 권리와 의무
초등학교 6학년,1학기,사회,의무,시민의 권리와 의무
초등학교 6학년,1학기,사회,민주주의와 주민 자치,시민의 권리와 의무
초등학교 6학년,1학기,사회,권리,시민의 권리와 의무
초등학교 6학년,1학기,사회,표현,시민의 권리와 의무
초등학교 6학년,2학기,사회,우리나라의 민주 정치,시민의 권리와 의무
초등학교 6학년,2학기,사회,자유,시민의 권리와 의무
초등학교 6학년,2학기,사회,명예훼손,시민의 권리와 의무
초등학교 6학년,2학기,사회,의무,시민의 권리와 의무
초등학교 6학년,2학기,사회,민주주의와 주민 자치,시민의 권리와 의무
초등학교 6학년,2학기,사회,권리,시민의 권리와 의무
초등학교 6학년,2학기,사회,표현,시민의 권리와 의무
중학교 1학년,1학기,사회,한계,시장의 기능과 한계
중학교 1학년,1학기,사회,시장,시장의 기능과 한계
중학교 1학년,1학기,사회,시장경제,시장의 기능과 한계
중학교 1학년,1학기,사회,우리 경제의 성장과 발전,시장의 기능과 한계
중학교 1학년,1학기,사회,시장 경제의 이해,시장의 기능과 한계
중학교 1학년,1학기,사회,자유,시장의 기능과 한계
중학교 1학년,1학기,사회,시장 실패,시장의 기능과 한계
중학교 1학년,1학기,사회,기능,시장의 기능과 한계
초등학교 5학년,1학기,사회,한계,시장의 기능과 한계
초등학교 5학년,1학기,사회,시장,시장의 기능과 한계
초등학교 5학년,1학기,사회,시장경제,시장의 기능과 한계
초등학교 5학년,1학기,사회,우리 경제의 성장과 발전,시장의 기능과 한계
초등학교 5학년,1학기,사회,시장 경제의 이해,시장의 기능과 한계
초등학교 5학년,1학기,사회,자유,시장의 기능과 한계
초등학교 5학년,1학기,사회,시장 실패,시장의 기능과 한계
초등학교 5학년,1학기,사회,기능,시장의 기능과 한계
초등학교 6학년,1학기,사회,한계,시장의 기능과 한계
초등학교 6학년,1학기,사회,시장,시장의 기능과 한계
초등학교 6학년,1학기,사회,시장경제,시장의 기능과 한계
초등학교 6학년,1학기,사회,우리 경제의 성장과 발전,시장의 기능과 한계
초등학교 6학년,1학기,사회,시장 경제의 이해,시장의 기능과 한계
초등학교 6학년,1학기,사회,자유,시장의 기능과 한계
초등학교 6학년,1학기,사회,시장 실패,시장의 기능과 한계
초등학교 6학년,1학기,사회,기능,시장의 기능과 한계
중학교 1학년,2학기,사회,지역 의 발전,우리나라의 경제 체제
중학교 1학년,2학기,사회,우리 의 과제와 문화의 발전,우리나라의 경제 체제
중학교 1학년,2학기,사회,시장 경제의 이해,우리나라의 경제 체제
중학교 1학년,2학기,사회,공유지의 비극,우리나라의 경제 체제
중학교 1학년,2학기,사회,자원,우리나라의 경제 체제
중학교 1학년,2학기,사회,공유,우리나라의 경제 체제
중학교 1학년,2학기,사회,고갈,우리나라의 경제 체제
중학교 1학년,2학기,사회,공유지,우리나라의 경제 체제
초등학교 4학년,2학기,사회,지역 의 발전,우리나라의 경제 체제
초등학교 4학년,2학기,사회,우리 의 과제와 문화의 발전,우리나라의 경제 체제
초등학교 4학년,2학기,사회,시장 경제의 이해,우리나라의 경제 체제
초등학교 4학년,2학기,사회,공유지의 비극,우리나라의 경제 체제
초등학교 4학년,2학기,사회,자원,우리나라의 경제 체제
초등학교 4학년,2학기,사회,공유,우리나라의 경제 체제
초등학교 4학년,2학기,사회,고갈,우리나라의 경제 체제
초등학교 4학년,2학기,사회,공유지,우리나라의 경제 체제
중학교 1학년,1학기,사회,시장 경제의 이해,기업과 노동자의 경제적 역할과 책임
중학교 1학년,1학기,사회,우리 의 과제와 문화의 발전,기업과 노동자의 경제적 역할과 책임
중학교 1학년,1학기,사회,역할,기업과 노동자의 경제적 역할과 책임
중학교 1학년,1학기,사회,경제,기업과 노동자의 경제적 역할과 책임
중학교 1학년,1학기,사회,책임,기업과 노동자의 경제적 역할과 책임
중학교 1학년,1학기,사회,윤리 경영,기업과 노동자의 경제적 역할과 책임
초등학교 5학년,1학기,사회,시장 경제의 이해,기업과 노동자의 경제적 역할과 책임
초등학교 5학년,1학기,사회,우리 의 과제와 문화의 발전,기업과 노동자의 경제적 역할과 책임
초등학교 5학년,1학기,사회,역할,기업과 노동자의 경제적 역할과 책임
초등학교 5학년,1학기,사회,경제,기업과 노동자의 경제적 역할과 책임
초등학교 5학년,1학기,사회,책임,기업과 노동자의 경제적 역할과 책임
초등학교 5학년,1학기,사회,윤리 경영,기업과 노동자의 경제적 역할과 책임
초등학교 6학년,1학기,사회,시장 경제의 이해,기업과 노동자의 경제적 역할과 책임
초등학교 6학년,1학기,사회,우리 의 과제와 문화의 발전,기업과 노동자의 경제적 역할과 책임
초등학교 6학년,1학기,사회,역할,기업과 노동자의 경제적 역할과 책임
초등학교 6학년,1학기,사회,경제,기업과 노동자의 경제적 역할과 책임
초등학교 6학년,1학기,사회,책임,기업과 노동자의 경제적 역할과 책임
초등학교 6학년,1학기,사회,윤리 경영,기업과 노동자의 경제적 역할과 책임
중학교 1학년,1학기,사회,재정,정부의 재정활동
중학교 1학년,1학기,사회,지역 의 발전,정부의 재정활동
중학교 1학년,1학기,사회,우리 의 과제와 문화의 발전,정부의 재정활동
중학교 1학년,1학기,사회,세금,정부의 재정활동
중학교 1학년,1학기,사회,정부,정부의 재정활동
중학교 1학년,1학기,사회,예산,정부의 재정활동
중학교 1학년,2학기,사회,재정,정부의 재정활동
중학교 1학년,2학기,사회,지역 의 발전,정부의 재정활동
중학교 1학년,2학기,사회,우리 의 과제와 문화의 발전,정부의 재정활동
중학교 1학년,2학기,사회,세금,정부의 재정활동
중학교 1학년,2학기,사회,정부,정부의 재정활동
중학교 1학년,2학기,사회,예산,정부의 재정활동
초등학교 4학년,1학기,사회,재정,정부의 재정활동
초등학교 4학년,1학기,사회,지역 의 발전,정부의 재정활동
초등학교 4학년,1학기,사회,우리 의 과제와 문화의 발전,정부의 재정활동
초등학교 4학년,1학기,사회,세금,정부의 재정활동
초등학교 4학년,1학기,사회,정부,정부의 재정활동
초등학교 4학년,1학기,사회,예산,정부의 재정활동
초등학교 4학년,2학기,사회,재정,정부의 재정활동
초등학교 4학년,2학기,사회,지역 의 발전,정부의 재정활동
초등학교 4학년,2학기,사회,우리 의 과제와 문화의 발전,정부의 재정활동
초등학교 4학년,2학기,사회,세금,정부의 재정활동
초등학교 4학년,2학기,사회,정부,정부의 재정활동
초등학교 4학년,2학기,사회,예산,정부의 재정활동
초등학교 5학년,1학기,사회,재정,정부의 재정활동
초등학교 5학년,1학기,사회,지역 의 발전,정부의 재정활동
초등학교 5학년,1학기,사회,우리 의 과제와 문화의 발전,정부의 재정활동
초등학교 5학년,1학기,사회,세금,정부의 재정활동
초등학교 5학년,1학기,사회,정부,정부의 재정활동
초등학교 5학년,1학기,사회,예산,정부의 재정활동
초등학교 5학년,2학기,사회,재정,정부의 재정활동
초등학교 5학년,2학기,사회,지역 의 발전,정부의 재정활동
초등학교 5학년,2학기,사회,우리 의 과제와 문화의 발전,정부의 재정활동
초등학교 5학년,2학기,사회,세금,정부의 재정활동
초등학교 5학년,2학기,사회,정부,정부의 재정활동
초등학교 5학년,2학기,사회,예산,정부의 재정활동
초등학교 6학년,1학기,사회,재정,정부의 재정활동
초등학교 6학년,1학기,사회,지역 의 발전,정부의 재정활동
초등학교 6학년,1학기,사회,우리 의 과제와 문화의 발전,정부의 재정활동
초등학교 6학년,1학기,사회,세금,정부의 재정활동
초등학교 6학년,1학기,사회,정부,정부의 재정활동
초등학교 6학년,1학기,사회,예산,정부의 재정활동
초등학교 6학년,2학기,사회,재정,정부의 재정활동
초등학교 6학년,2학기,사회,지역 의 발전,정부의 재정활동
초등학교 6학년,2학기,사회,우리 의 과제와 문화의 발전,정부의 재정활동
초등학교 6학년,2학기,사회,세금,정부의 재정활동
초등학교 6학년,2학기,사회,정부,정부의 재정활동
초등학교 6학년,2학기,사회,예산,정부의 재정활동
중학교 2학년,공통,사회,광공업,광공업의 발달과 쇠퇴
중학교 2학년,공통,사회,피츠버그,광공업의 발달과 쇠퇴
중학교 2학년,공통,사회,자원의 개발과 이용,광공업의 발달과 쇠퇴
중학교 2학년,공통,사회,광공업의 쇠퇴,광공업의 발달과 쇠퇴
중학교 2학년,공통,사회,산업활동,광공업의 발달과 쇠퇴
중학교 2학년,공통,사회,광공업의 발달,광공업의 발달과 쇠퇴
중학교 2학년,공통,사회,"산업활동,  ,   , 중등 , 싱가포르, 싱가포르 항, 항만, 컨테이너, 물류, 국제물류, 물류서비스, 자유무역, 자유무역지구","국제물류의 중심지, 싱가포르"
중학교 2학년,공통,사회,전지구적,전 지구적 차원의 환경 문제
중학교 2학년,공통,사회,환경 문제와 지속 가능한 환경,전 지구적 차원의 환경 문제
중학교 2학년,공통,사회,지속 가능,전 지구적 차원의 환경 문제
중학교 2학년,공통,사회,파괴,전 지구적 차원의 환경 문제
중학교 2학년,공통,사회,지구 온난화,전 지구적 차원의 환경 문제
중학교 2학년,공통,사회,환경,전 지구적 차원의 환경 문제
중학교 2학년,공통,사회,지속가능한 개발,환경친화적인 개발
중학교 2학년,공통,사회,환경 친화,환경친화적인 개발
중학교 2학년,공통,사회,환경 문제와 지속 가능한 환경,환경친화적인 개발
중학교 2학년,공통,사회,환경,환경친화적인 개발
중학교 2학년,공통,사회,개발,환경친화적인 개발
중학교 2학년,공통,사회,러시아,북한의 지리적 특성
중학교 2학년,공통,사회,지리,북한의 지리적 특성
중학교 2학년,공통,사회,북한,북한의 지리적 특성
중학교 2학년,공통,사회,중국,북한의 지리적 특성
중학교 2학년,공통,사회,통일 한국과 세계 시만의 역할,북한의 지리적 특성
중학교 2학년,공통,사회,DMZ,백두산과 비무장지대
중학교 2학년,공통,사회,보호,백두산과 비무장지대
중학교 2학년,공통,사회,백두산,백두산과 비무장지대
중학교 2학년,공통,사회,통일 한국과 세계 시만의 역할,백두산과 비무장지대
중학교 2학년,공통,사회,비무장지대,백두산과 비무장지대
중학교 2학년,공통,사회,생태계,백두산과 비무장지대
중학교 2학년,공통,사회,"통일 한국의 미래, 국제 경제와 세계화,  ,  , 아시아, 유럽, 아시안 하이웨이, 실크로드",아시안 하이웨이
중학교 2학년,공통,사회,아프리카,하나가 된 세계 시장
중학교 2학년,공통,사회,다국적 기업,하나가 된 세계 시장
중학교 2학년,공통,사회,세계 시장,하나가 된 세계 시장
중학교 2학년,공통,사회,국제 경제와 세계화,하나가 된 세계 시장
초등학교 5학년,1학기,사회,우리 의 과제와 문화의 발전,신상 털기
초등학교 5학년,1학기,사회,신상,신상 털기
초등학교 5학년,1학기,사회,네티즌 수사대,신상 털기
초등학교 5학년,1학기,사회,개인 정보,신상 털기
초등학교 6학년,1학기,사회,우리 의 과제와 문화의 발전,신상 털기
초등학교 6학년,1학기,사회,신상,신상 털기
초등학교 6학년,1학기,사회,네티즌 수사대,신상 털기
초등학교 6학년,1학기,사회,개인 정보,신상 털기
초등학교 5학년,1학기,사회,우리 의 과제와 문화의 발전,우리 사회의 문제점
초등학교 5학년,1학기,사회,뜨겁고 평평하고 붐비는 세계,우리 사회의 문제점
초등학교 5학년,1학기,사회,에너지,우리 사회의 문제점
초등학교 5학년,1학기,사회,불편한 진실,우리 사회의 문제점
초등학교 5학년,1학기,사회,지구 온난화,우리 사회의 문제점
초등학교 5학년,1학기,사회,환경,우리 사회의 문제점
초등학교 6학년,1학기,사회,우리 의 과제와 문화의 발전,우리 사회의 문제점
초등학교 6학년,1학기,사회,뜨겁고 평평하고 붐비는 세계,우리 사회의 문제점
초등학교 6학년,1학기,사회,에너지,우리 사회의 문제점
초등학교 6학년,1학기,사회,불편한 진실,우리 사회의 문제점
초등학교 6학년,1학기,사회,지구 온난화,우리 사회의 문제점
초등학교 6학년,1학기,사회,환경,우리 사회의 문제점
초등학교 5학년,1학기,사회,호모 엠파티쿠스,호모 엠파티쿠스(공감하는 인간)
초등학교 5학년,1학기,사회,우리 의 과제와 문화의 발전,호모 엠파티쿠스(공감하는 인간)
초등학교 5학년,1학기,사회,버락 오바마,호모 엠파티쿠스(공감하는 인간)
초등학교 5학년,1학기,사회,인간,호모 엠파티쿠스(공감하는 인간)
초등학교 5학년,1학기,사회,공감,호모 엠파티쿠스(공감하는 인간)
초등학교 5학년,1학기,사회,거울 뉴런,호모 엠파티쿠스(공감하는 인간)
초등학교 6학년,1학기,사회,호모 엠파티쿠스,호모 엠파티쿠스(공감하는 인간)
초등학교 6학년,1학기,사회,우리 의 과제와 문화의 발전,호모 엠파티쿠스(공감하는 인간)
초등학교 6학년,1학기,사회,버락 오바마,호모 엠파티쿠스(공감하는 인간)
초등학교 6학년,1학기,사회,인간,호모 엠파티쿠스(공감하는 인간)
초등학교 6학년,1학기,사회,공감,호모 엠파티쿠스(공감하는 인간)
초등학교 6학년,1학기,사회,거울 뉴런,호모 엠파티쿠스(공감하는 인간)
초등학교 5학년,1학기,사회,안산,다문화 사회
초등학교 5학년,1학기,사회,다문화,다문화 사회
초등학교 5학년,1학기,사회,다문화  발전,다문화 사회
초등학교 6학년,1학기,사회,안산,다문화 사회
초등학교 6학년,1학기,사회,다문화,다문화 사회
초등학교 6학년,1학기,사회,다문화  발전,다문화 사회
초등학교 5학년,2학기,사회,의궤,조선 왕실의 기록 문화
초등학교 5학년,2학기,사회,외규장각,조선 왕실의 기록 문화
초등학교 5학년,2학기,사회,유교 문화가 발달한 조선,조선 왕실의 기록 문화
초등학교 5학년,2학기,사회,조선 시대,조선 왕실의 기록 문화
중학교 1학년,1학기,사회,관광,건조 기후 지역의 관광 상품
중학교 1학년,1학기,사회,사막,건조 기후 지역의 관광 상품
중학교 1학년,1학기,사회,건조 기후,건조 기후 지역의 관광 상품
중학교 1학년,1학기,사회,환경과 조화를 이루는 국토,건조 기후 지역의 관광 상품
중학교 1학년,1학기,사회,다양한 삶의 모습들,건조 기후 지역의 관광 상품
중학교 1학년,2학기,사회,관광,건조 기후 지역의 관광 상품
중학교 1학년,2학기,사회,사막,건조 기후 지역의 관광 상품
중학교 1학년,2학기,사회,건조 기후,건조 기후 지역의 관광 상품
중학교 1학년,2학기,사회,환경과 조화를 이루는 국토,건조 기후 지역의 관광 상품
중학교 1학년,2학기,사회,다양한 삶의 모습들,건조 기후 지역의 관광 상품
초등학교 3학년,1학기,사회,관광,건조 기후 지역의 관광 상품
초등학교 3학년,1학기,사회,사막,건조 기후 지역의 관광 상품
초등학교 3학년,1학기,사회,건조 기후,건조 기후 지역의 관광 상품
초등학교 3학년,1학기,사회,환경과 조화를 이루는 국토,건조 기후 지역의 관광 상품
초등학교 3학년,1학기,사회,다양한 삶의 모습들,건조 기후 지역의 관광 상품
초등학교 3학년,2학기,사회,관광,건조 기후 지역의 관광 상품
초등학교 3학년,2학기,사회,사막,건조 기후 지역의 관광 상품
초등학교 3학년,2학기,사회,건조 기후,건조 기후 지역의 관광 상품
초등학교 3학년,2학기,사회,환경과 조화를 이루는 국토,건조 기후 지역의 관광 상품
초등학교 3학년,2학기,사회,다양한 삶의 모습들,건조 기후 지역의 관광 상품
초등학교 5학년,1학기,사회,관광,건조 기후 지역의 관광 상품
초등학교 5학년,1학기,사회,사막,건조 기후 지역의 관광 상품
초등학교 5학년,1학기,사회,건조 기후,건조 기후 지역의 관광 상품
초등학교 5학년,1학기,사회,환경과 조화를 이루는 국토,건조 기후 지역의 관광 상품
초등학교 5학년,1학기,사회,다양한 삶의 모습들,건조 기후 지역의 관광 상품
초등학교 5학년,2학기,사회,관광,건조 기후 지역의 관광 상품
초등학교 5학년,2학기,사회,사막,건조 기후 지역의 관광 상품
초등학교 5학년,2학기,사회,건조 기후,건조 기후 지역의 관광 상품
초등학교 5학년,2학기,사회,환경과 조화를 이루는 국토,건조 기후 지역의 관광 상품
초등학교 5학년,2학기,사회,다양한 삶의 모습들,건조 기후 지역의 관광 상품
초등학교 6학년,1학기,사회,관광,건조 기후 지역의 관광 상품
초등학교 6학년,1학기,사회,사막,건조 기후 지역의 관광 상품
초등학교 6학년,1학기,사회,건조 기후,건조 기후 지역의 관광 상품
초등학교 6학년,1학기,사회,환경과 조화를 이루는 국토,건조 기후 지역의 관광 상품
초등학교 6학년,1학기,사회,다양한 삶의 모습들,건조 기후 지역의 관광 상품
초등학교 6학년,2학기,사회,관광,건조 기후 지역의 관광 상품
초등학교 6학년,2학기,사회,사막,건조 기후 지역의 관광 상품
초등학교 6학년,2학기,사회,건조 기후,건조 기후 지역의 관광 상품
초등학교 6학년,2학기,사회,환경과 조화를 이루는 국토,건조 기후 지역의 관광 상품
초등학교 6학년,2학기,사회,다양한 삶의 모습들,건조 기후 지역의 관광 상품
중학교 1학년,1학기,사회,"우리 지역, 다른 지역",지중해 연안의 기후와 관광지
중학교 1학년,1학기,사회,기후,지중해 연안의 기후와 관광지
중학교 1학년,1학기,사회,여름,지중해 연안의 기후와 관광지
중학교 1학년,1학기,사회,관광지,지중해 연안의 기후와 관광지
중학교 1학년,1학기,사회,환경과 조화를 이루는 국토,지중해 연안의 기후와 관광지
중학교 1학년,1학기,사회,지중해,지중해 연안의 기후와 관광지
중학교 1학년,2학기,사회,"우리 지역, 다른 지역",지중해 연안의 기후와 관광지
중학교 1학년,2학기,사회,기후,지중해 연안의 기후와 관광지
중학교 1학년,2학기,사회,여름,지중해 연안의 기후와 관광지
중학교 1학년,2학기,사회,관광지,지중해 연안의 기후와 관광지
중학교 1학년,2학기,사회,환경과 조화를 이루는 국토,지중해 연안의 기후와 관광지
중학교 1학년,2학기,사회,지중해,지중해 연안의 기후와 관광지
초등학교 3학년,1학기,사회,"우리 지역, 다른 지역",지중해 연안의 기후와 관광지
초등학교 3학년,1학기,사회,기후,지중해 연안의 기후와 관광지
초등학교 3학년,1학기,사회,여름,지중해 연안의 기후와 관광지
초등학교 3학년,1학기,사회,관광지,지중해 연안의 기후와 관광지
초등학교 3학년,1학기,사회,환경과 조화를 이루는 국토,지중해 연안의 기후와 관광지
초등학교 3학년,1학기,사회,지중해,지중해 연안의 기후와 관광지
초등학교 3학년,2학기,사회,"우리 지역, 다른 지역",지중해 연안의 기후와 관광지
초등학교 3학년,2학기,사회,기후,지중해 연안의 기후와 관광지
초등학교 3학년,2학기,사회,여름,지중해 연안의 기후와 관광지
초등학교 3학년,2학기,사회,관광지,지중해 연안의 기후와 관광지
초등학교 3학년,2학기,사회,환경과 조화를 이루는 국토,지중해 연안의 기후와 관광지
초등학교 3학년,2학기,사회,지중해,지중해 연안의 기후와 관광지
초등학교 5학년,1학기,사회,"우리 지역, 다른 지역",지중해 연안의 기후와 관광지
초등학교 5학년,1학기,사회,기후,지중해 연안의 기후와 관광지
초등학교 5학년,1학기,사회,여름,지중해 연안의 기후와 관광지
초등학교 5학년,1학기,사회,관광지,지중해 연안의 기후와 관광지
초등학교 5학년,1학기,사회,환경과 조화를 이루는 국토,지중해 연안의 기후와 관광지
초등학교 5학년,1학기,사회,지중해,지중해 연안의 기후와 관광지
초등학교 5학년,2학기,사회,"우리 지역, 다른 지역",지중해 연안의 기후와 관광지
초등학교 5학년,2학기,사회,기후,지중해 연안의 기후와 관광지
초등학교 5학년,2학기,사회,여름,지중해 연안의 기후와 관광지
초등학교 5학년,2학기,사회,관광지,지중해 연안의 기후와 관광지
초등학교 5학년,2학기,사회,환경과 조화를 이루는 국토,지중해 연안의 기후와 관광지
초등학교 5학년,2학기,사회,지중해,지중해 연안의 기후와 관광지
초등학교 6학년,1학기,사회,"우리 지역, 다른 지역",지중해 연안의 기후와 관광지
초등학교 6학년,1학기,사회,기후,지중해 연안의 기후와 관광지
초등학교 6학년,1학기,사회,여름,지중해 연안의 기후와 관광지
초등학교 6학년,1학기,사회,관광지,지중해 연안의 기후와 관광지
초등학교 6학년,1학기,사회,환경과 조화를 이루는 국토,지중해 연안의 기후와 관광지
초등학교 6학년,1학기,사회,지중해,지중해 연안의 기후와 관광지
초등학교 6학년,2학기,사회,"우리 지역, 다른 지역",지중해 연안의 기후와 관광지
초등학교 6학년,2학기,사회,기후,지중해 연안의 기후와 관광지
초등학교 6학년,2학기,사회,여름,지중해 연안의 기후와 관광지
초등학교 6학년,2학기,사회,관광지,지중해 연안의 기후와 관광지
초등학교 6학년,2학기,사회,환경과 조화를 이루는 국토,지중해 연안의 기후와 관광지
초등학교 6학년,2학기,사회,지중해,지중해 연안의 기후와 관광지
중학교 1학년,1학기,사회,관광객,관광지로서의 남극 대륙
중학교 1학년,1학기,사회,남극,관광지로서의 남극 대륙
중학교 1학년,1학기,사회,환경과 조화를 이루는 국토,관광지로서의 남극 대륙
중학교 1학년,1학기,사회,다양한 삶의 모습들,관광지로서의 남극 대륙
중학교 1학년,2학기,사회,관광객,관광지로서의 남극 대륙
중학교 1학년,2학기,사회,남극,관광지로서의 남극 대륙
중학교 1학년,2학기,사회,환경과 조화를 이루는 국토,관광지로서의 남극 대륙
중학교 1학년,2학기,사회,다양한 삶의 모습들,관광지로서의 남극 대륙
초등학교 3학년,1학기,사회,관광객,관광지로서의 남극 대륙
초등학교 3학년,1학기,사회,남극,관광지로서의 남극 대륙
초등학교 3학년,1학기,사회,환경과 조화를 이루는 국토,관광지로서의 남극 대륙
초등학교 3학년,1학기,사회,다양한 삶의 모습들,관광지로서의 남극 대륙
초등학교 3학년,2학기,사회,관광객,관광지로서의 남극 대륙
초등학교 3학년,2학기,사회,남극,관광지로서의 남극 대륙
초등학교 3학년,2학기,사회,환경과 조화를 이루는 국토,관광지로서의 남극 대륙
초등학교 3학년,2학기,사회,다양한 삶의 모습들,관광지로서의 남극 대륙
초등학교 5학년,1학기,사회,관광객,관광지로서의 남극 대륙
초등학교 5학년,1학기,사회,남극,관광지로서의 남극 대륙
초등학교 5학년,1학기,사회,환경과 조화를 이루는 국토,관광지로서의 남극 대륙
초등학교 5학년,1학기,사회,다양한 삶의 모습들,관광지로서의 남극 대륙
초등학교 5학년,2학기,사회,관광객,관광지로서의 남극 대륙
초등학교 5학년,2학기,사회,남극,관광지로서의 남극 대륙
초등학교 5학년,2학기,사회,환경과 조화를 이루는 국토,관광지로서의 남극 대륙
초등학교 5학년,2학기,사회,다양한 삶의 모습들,관광지로서의 남극 대륙
초등학교 6학년,1학기,사회,관광객,관광지로서의 남극 대륙
초등학교 6학년,1학기,사회,남극,관광지로서의 남극 대륙
초등학교 6학년,1학기,사회,환경과 조화를 이루는 국토,관광지로서의 남극 대륙
초등학교 6학년,1학기,사회,다양한 삶의 모습들,관광지로서의 남극 대륙
초등학교 6학년,2학기,사회,관광객,관광지로서의 남극 대륙
초등학교 6학년,2학기,사회,남극,관광지로서의 남극 대륙
초등학교 6학년,2학기,사회,환경과 조화를 이루는 국토,관광지로서의 남극 대륙
초등학교 6학년,2학기,사회,다양한 삶의 모습들,관광지로서의 남극 대륙
초등학교 3학년,1학기,사회,해안,해안 침식 지형의 특징과 형성 과정
초등학교 3학년,1학기,사회,침식,해안 침식 지형의 특징과 형성 과정
초등학교 3학년,1학기,사회,환경과 조화를 이루는 국,해안 침식 지형의 특징과 형성 과정
초등학교 3학년,1학기,사회,지형,해안 침식 지형의 특징과 형성 과정
초등학교 3학년,1학기,사회,생성,해안 침식 지형의 특징과 형성 과정
초등학교 3학년,1학기,사회,그레이트 오션 로드,해안 침식 지형의 특징과 형성 과정
초등학교 3학년,1학기,사회,다양한 삶의 모습들,해안 침식 지형의 특징과 형성 과정
초등학교 3학년,2학기,사회,해안,해안 침식 지형의 특징과 형성 과정
초등학교 3학년,2학기,사회,침식,해안 침식 지형의 특징과 형성 과정
초등학교 3학년,2학기,사회,환경과 조화를 이루는 국,해안 침식 지형의 특징과 형성 과정
초등학교 3학년,2학기,사회,지형,해안 침식 지형의 특징과 형성 과정
초등학교 3학년,2학기,사회,생성,해안 침식 지형의 특징과 형성 과정
초등학교 3학년,2학기,사회,그레이트 오션 로드,해안 침식 지형의 특징과 형성 과정
초등학교 3학년,2학기,사회,다양한 삶의 모습들,해안 침식 지형의 특징과 형성 과정
초등학교 5학년,1학기,사회,해안,해안 침식 지형의 특징과 형성 과정
초등학교 5학년,1학기,사회,침식,해안 침식 지형의 특징과 형성 과정
초등학교 5학년,1학기,사회,환경과 조화를 이루는 국,해안 침식 지형의 특징과 형성 과정
초등학교 5학년,1학기,사회,지형,해안 침식 지형의 특징과 형성 과정
초등학교 5학년,1학기,사회,생성,해안 침식 지형의 특징과 형성 과정
초등학교 5학년,1학기,사회,그레이트 오션 로드,해안 침식 지형의 특징과 형성 과정
초등학교 5학년,1학기,사회,다양한 삶의 모습들,해안 침식 지형의 특징과 형성 과정
초등학교 5학년,2학기,사회,해안,해안 침식 지형의 특징과 형성 과정
초등학교 5학년,2학기,사회,침식,해안 침식 지형의 특징과 형성 과정
초등학교 5학년,2학기,사회,환경과 조화를 이루는 국,해안 침식 지형의 특징과 형성 과정
초등학교 5학년,2학기,사회,지형,해안 침식 지형의 특징과 형성 과정
초등학교 5학년,2학기,사회,생성,해안 침식 지형의 특징과 형성 과정
초등학교 5학년,2학기,사회,그레이트 오션 로드,해안 침식 지형의 특징과 형성 과정
초등학교 5학년,2학기,사회,다양한 삶의 모습들,해안 침식 지형의 특징과 형성 과정
초등학교 6학년,1학기,사회,해안,해안 침식 지형의 특징과 형성 과정
초등학교 6학년,1학기,사회,침식,해안 침식 지형의 특징과 형성 과정
초등학교 6학년,1학기,사회,환경과 조화를 이루는 국,해안 침식 지형의 특징과 형성 과정
초등학교 6학년,1학기,사회,지형,해안 침식 지형의 특징과 형성 과정
초등학교 6학년,1학기,사회,생성,해안 침식 지형의 특징과 형성 과정
초등학교 6학년,1학기,사회,그레이트 오션 로드,해안 침식 지형의 특징과 형성 과정
초등학교 6학년,1학기,사회,다양한 삶의 모습들,해안 침식 지형의 특징과 형성 과정
초등학교 6학년,2학기,사회,해안,해안 침식 지형의 특징과 형성 과정
초등학교 6학년,2학기,사회,침식,해안 침식 지형의 특징과 형성 과정
초등학교 6학년,2학기,사회,환경과 조화를 이루는 국,해안 침식 지형의 특징과 형성 과정
초등학교 6학년,2학기,사회,지형,해안 침식 지형의 특징과 형성 과정
초등학교 6학년,2학기,사회,생성,해안 침식 지형의 특징과 형성 과정
초등학교 6학년,2학기,사회,그레이트 오션 로드,해안 침식 지형의 특징과 형성 과정
초등학교 6학년,2학기,사회,다양한 삶의 모습들,해안 침식 지형의 특징과 형성 과정
중학교 1학년,1학기,사회,바다,피오르의 특징과 형성 과정
중학교 1학년,1학기,사회,피오르,피오르의 특징과 형성 과정
중학교 1학년,1학기,사회,형성,피오르의 특징과 형성 과정
중학교 1학년,1학기,사회,환경과 조화를 이루는 국토,피오르의 특징과 형성 과정
중학교 1학년,1학기,사회,다양한 삶의 모습들,피오르의 특징과 형성 과정
중학교 1학년,2학기,사회,바다,피오르의 특징과 형성 과정
중학교 1학년,2학기,사회,피오르,피오르의 특징과 형성 과정
중학교 1학년,2학기,사회,형성,피오르의 특징과 형성 과정
중학교 1학년,2학기,사회,환경과 조화를 이루는 국토,피오르의 특징과 형성 과정
중학교 1학년,2학기,사회,다양한 삶의 모습들,피오르의 특징과 형성 과정
초등학교 3학년,1학기,사회,바다,피오르의 특징과 형성 과정
초등학교 3학년,1학기,사회,피오르,피오르의 특징과 형성 과정
초등학교 3학년,1학기,사회,형성,피오르의 특징과 형성 과정
초등학교 3학년,1학기,사회,환경과 조화를 이루는 국토,피오르의 특징과 형성 과정
초등학교 3학년,1학기,사회,다양한 삶의 모습들,피오르의 특징과 형성 과정
초등학교 3학년,2학기,사회,바다,피오르의 특징과 형성 과정
초등학교 3학년,2학기,사회,피오르,피오르의 특징과 형성 과정
초등학교 3학년,2학기,사회,형성,피오르의 특징과 형성 과정
초등학교 3학년,2학기,사회,환경과 조화를 이루는 국토,피오르의 특징과 형성 과정
초등학교 3학년,2학기,사회,다양한 삶의 모습들,피오르의 특징과 형성 과정
초등학교 5학년,1학기,사회,바다,피오르의 특징과 형성 과정
초등학교 5학년,1학기,사회,피오르,피오르의 특징과 형성 과정
초등학교 5학년,1학기,사회,형성,피오르의 특징과 형성 과정
초등학교 5학년,1학기,사회,환경과 조화를 이루는 국토,피오르의 특징과 형성 과정
초등학교 5학년,1학기,사회,다양한 삶의 모습들,피오르의 특징과 형성 과정
초등학교 5학년,2학기,사회,바다,피오르의 특징과 형성 과정
초등학교 5학년,2학기,사회,피오르,피오르의 특징과 형성 과정
초등학교 5학년,2학기,사회,형성,피오르의 특징과 형성 과정
초등학교 5학년,2학기,사회,환경과 조화를 이루는 국토,피오르의 특징과 형성 과정
초등학교 5학년,2학기,사회,다양한 삶의 모습들,피오르의 특징과 형성 과정
초등학교 6학년,1학기,사회,바다,피오르의 특징과 형성 과정
초등학교 6학년,1학기,사회,피오르,피오르의 특징과 형성 과정
초등학교 6학년,1학기,사회,형성,피오르의 특징과 형성 과정
초등학교 6학년,1학기,사회,환경과 조화를 이루는 국토,피오르의 특징과 형성 과정
초등학교 6학년,1학기,사회,다양한 삶의 모습들,피오르의 특징과 형성 과정
초등학교 6학년,2학기,사회,바다,피오르의 특징과 형성 과정
초등학교 6학년,2학기,사회,피오르,피오르의 특징과 형성 과정
초등학교 6학년,2학기,사회,형성,피오르의 특징과 형성 과정
초등학교 6학년,2학기,사회,환경과 조화를 이루는 국토,피오르의 특징과 형성 과정
초등학교 6학년,2학기,사회,다양한 삶의 모습들,피오르의 특징과 형성 과정
중학교 1학년,1학기,사회,카르스트,카르스트 지형과 형성 과정
중학교 1학년,1학기,사회,환경과 조화를 이루는 국토,카르스트 지형과 형성 과정
중학교 1학년,1학기,사회,다양한 삶의 모습들,카르스트 지형과 형성 과정
중학교 1학년,2학기,사회,카르스트,카르스트 지형과 형성 과정
중학교 1학년,2학기,사회,환경과 조화를 이루는 국토,카르스트 지형과 형성 과정
중학교 1학년,2학기,사회,다양한 삶의 모습들,카르스트 지형과 형성 과정
초등학교 3학년,1학기,사회,카르스트,카르스트 지형과 형성 과정
초등학교 3학년,1학기,사회,환경과 조화를 이루는 국토,카르스트 지형과 형성 과정
초등학교 3학년,1학기,사회,다양한 삶의 모습들,카르스트 지형과 형성 과정
초등학교 3학년,2학기,사회,카르스트,카르스트 지형과 형성 과정
초등학교 3학년,2학기,사회,환경과 조화를 이루는 국토,카르스트 지형과 형성 과정
초등학교 3학년,2학기,사회,다양한 삶의 모습들,카르스트 지형과 형성 과정
초등학교 5학년,1학기,사회,카르스트,카르스트 지형과 형성 과정
초등학교 5학년,1학기,사회,환경과 조화를 이루는 국토,카르스트 지형과 형성 과정
초등학교 5학년,1학기,사회,다양한 삶의 모습들,카르스트 지형과 형성 과정
초등학교 5학년,2학기,사회,카르스트,카르스트 지형과 형성 과정
초등학교 5학년,2학기,사회,환경과 조화를 이루는 국토,카르스트 지형과 형성 과정
초등학교 5학년,2학기,사회,다양한 삶의 모습들,카르스트 지형과 형성 과정
초등학교 6학년,1학기,사회,카르스트,카르스트 지형과 형성 과정
초등학교 6학년,1학기,사회,환경과 조화를 이루는 국토,카르스트 지형과 형성 과정
초등학교 6학년,1학기,사회,다양한 삶의 모습들,카르스트 지형과 형성 과정
초등학교 6학년,2학기,사회,카르스트,카르스트 지형과 형성 과정
초등학교 6학년,2학기,사회,환경과 조화를 이루는 국토,카르스트 지형과 형성 과정
초등학교 6학년,2학기,사회,다양한 삶의 모습들,카르스트 지형과 형성 과정
중학교 1학년,1학기,사회,자연재해,지진으로 인한 인간의 삶과 변화
중학교 1학년,1학기,사회,지진,지진으로 인한 인간의 삶과 변화
중학교 1학년,1학기,사회,일본,지진으로 인한 인간의 삶과 변화
중학교 1학년,1학기,사회,환경과 조화를 이루는 국토,지진으로 인한 인간의 삶과 변화
중학교 1학년,1학기,사회,다양한 삶의 모습들,지진으로 인한 인간의 삶과 변화
중학교 1학년,2학기,사회,자연재해,지진으로 인한 인간의 삶과 변화
중학교 1학년,2학기,사회,지진,지진으로 인한 인간의 삶과 변화
중학교 1학년,2학기,사회,일본,지진으로 인한 인간의 삶과 변화
중학교 1학년,2학기,사회,환경과 조화를 이루는 국토,지진으로 인한 인간의 삶과 변화
중학교 1학년,2학기,사회,다양한 삶의 모습들,지진으로 인한 인간의 삶과 변화
초등학교 3학년,1학기,사회,자연재해,지진으로 인한 인간의 삶과 변화
초등학교 3학년,1학기,사회,지진,지진으로 인한 인간의 삶과 변화
초등학교 3학년,1학기,사회,일본,지진으로 인한 인간의 삶과 변화
초등학교 3학년,1학기,사회,환경과 조화를 이루는 국토,지진으로 인한 인간의 삶과 변화
초등학교 3학년,1학기,사회,다양한 삶의 모습들,지진으로 인한 인간의 삶과 변화
초등학교 3학년,2학기,사회,자연재해,지진으로 인한 인간의 삶과 변화
초등학교 3학년,2학기,사회,지진,지진으로 인한 인간의 삶과 변화
초등학교 3학년,2학기,사회,일본,지진으로 인한 인간의 삶과 변화
초등학교 3학년,2학기,사회,환경과 조화를 이루는 국토,지진으로 인한 인간의 삶과 변화
초등학교 3학년,2학기,사회,다양한 삶의 모습들,지진으로 인한 인간의 삶과 변화
초등학교 5학년,1학기,사회,자연재해,지진으로 인한 인간의 삶과 변화
초등학교 5학년,1학기,사회,지진,지진으로 인한 인간의 삶과 변화
초등학교 5학년,1학기,사회,일본,지진으로 인한 인간의 삶과 변화
초등학교 5학년,1학기,사회,환경과 조화를 이루는 국토,지진으로 인한 인간의 삶과 변화
초등학교 5학년,1학기,사회,다양한 삶의 모습들,지진으로 인한 인간의 삶과 변화
초등학교 5학년,2학기,사회,자연재해,지진으로 인한 인간의 삶과 변화
초등학교 5학년,2학기,사회,지진,지진으로 인한 인간의 삶과 변화
초등학교 5학년,2학기,사회,일본,지진으로 인한 인간의 삶과 변화
초등학교 5학년,2학기,사회,환경과 조화를 이루는 국토,지진으로 인한 인간의 삶과 변화
초등학교 5학년,2학기,사회,다양한 삶의 모습들,지진으로 인한 인간의 삶과 변화
초등학교 6학년,1학기,사회,자연재해,지진으로 인한 인간의 삶과 변화
초등학교 6학년,1학기,사회,지진,지진으로 인한 인간의 삶과 변화
초등학교 6학년,1학기,사회,일본,지진으로 인한 인간의 삶과 변화
초등학교 6학년,1학기,사회,환경과 조화를 이루는 국토,지진으로 인한 인간의 삶과 변화
초등학교 6학년,1학기,사회,다양한 삶의 모습들,지진으로 인한 인간의 삶과 변화
초등학교 6학년,2학기,사회,자연재해,지진으로 인한 인간의 삶과 변화
초등학교 6학년,2학기,사회,지진,지진으로 인한 인간의 삶과 변화
초등학교 6학년,2학기,사회,일본,지진으로 인한 인간의 삶과 변화
초등학교 6학년,2학기,사회,환경과 조화를 이루는 국토,지진으로 인한 인간의 삶과 변화
초등학교 6학년,2학기,사회,다양한 삶의 모습들,지진으로 인한 인간의 삶과 변화
중학교 1학년,1학기,사회,피해,인간의 간섭에 의한 홍수 피해
중학교 1학년,1학기,사회,환경과 조화를 이루는 국토,인간의 간섭에 의한 홍수 피해
중학교 1학년,1학기,사회,자연재해,인간의 간섭에 의한 홍수 피해
중학교 1학년,1학기,사회,인간,인간의 간섭에 의한 홍수 피해
중학교 1학년,1학기,사회,홍수,인간의 간섭에 의한 홍수 피해
중학교 1학년,1학기,사회,개발,인간의 간섭에 의한 홍수 피해
중학교 1학년,1학기,사회,다양한 삶의 모습들,인간의 간섭에 의한 홍수 피해
중학교 1학년,2학기,사회,피해,인간의 간섭에 의한 홍수 피해
중학교 1학년,2학기,사회,환경과 조화를 이루는 국토,인간의 간섭에 의한 홍수 피해
중학교 1학년,2학기,사회,자연재해,인간의 간섭에 의한 홍수 피해
중학교 1학년,2학기,사회,인간,인간의 간섭에 의한 홍수 피해
중학교 1학년,2학기,사회,홍수,인간의 간섭에 의한 홍수 피해
중학교 1학년,2학기,사회,개발,인간의 간섭에 의한 홍수 피해
중학교 1학년,2학기,사회,다양한 삶의 모습들,인간의 간섭에 의한 홍수 피해
초등학교 3학년,1학기,사회,피해,인간의 간섭에 의한 홍수 피해
초등학교 3학년,1학기,사회,환경과 조화를 이루는 국토,인간의 간섭에 의한 홍수 피해
초등학교 3학년,1학기,사회,자연재해,인간의 간섭에 의한 홍수 피해
초등학교 3학년,1학기,사회,인간,인간의 간섭에 의한 홍수 피해
초등학교 3학년,1학기,사회,홍수,인간의 간섭에 의한 홍수 피해
초등학교 3학년,1학기,사회,개발,인간의 간섭에 의한 홍수 피해
초등학교 3학년,1학기,사회,다양한 삶의 모습들,인간의 간섭에 의한 홍수 피해
초등학교 3학년,2학기,사회,피해,인간의 간섭에 의한 홍수 피해
초등학교 3학년,2학기,사회,환경과 조화를 이루는 국토,인간의 간섭에 의한 홍수 피해
초등학교 3학년,2학기,사회,자연재해,인간의 간섭에 의한 홍수 피해
초등학교 3학년,2학기,사회,인간,인간의 간섭에 의한 홍수 피해
초등학교 3학년,2학기,사회,홍수,인간의 간섭에 의한 홍수 피해
초등학교 3학년,2학기,사회,개발,인간의 간섭에 의한 홍수 피해
초등학교 3학년,2학기,사회,다양한 삶의 모습들,인간의 간섭에 의한 홍수 피해
초등학교 5학년,1학기,사회,피해,인간의 간섭에 의한 홍수 피해
초등학교 5학년,1학기,사회,환경과 조화를 이루는 국토,인간의 간섭에 의한 홍수 피해
초등학교 5학년,1학기,사회,자연재해,인간의 간섭에 의한 홍수 피해
초등학교 5학년,1학기,사회,인간,인간의 간섭에 의한 홍수 피해
초등학교 5학년,1학기,사회,홍수,인간의 간섭에 의한 홍수 피해
초등학교 5학년,1학기,사회,개발,인간의 간섭에 의한 홍수 피해
초등학교 5학년,1학기,사회,다양한 삶의 모습들,인간의 간섭에 의한 홍수 피해
초등학교 5학년,2학기,사회,피해,인간의 간섭에 의한 홍수 피해
초등학교 5학년,2학기,사회,환경과 조화를 이루는 국토,인간의 간섭에 의한 홍수 피해
초등학교 5학년,2학기,사회,자연재해,인간의 간섭에 의한 홍수 피해
초등학교 5학년,2학기,사회,인간,인간의 간섭에 의한 홍수 피해
초등학교 5학년,2학기,사회,홍수,인간의 간섭에 의한 홍수 피해
초등학교 5학년,2학기,사회,개발,인간의 간섭에 의한 홍수 피해
초등학교 5학년,2학기,사회,다양한 삶의 모습들,인간의 간섭에 의한 홍수 피해
초등학교 6학년,1학기,사회,피해,인간의 간섭에 의한 홍수 피해
초등학교 6학년,1학기,사회,환경과 조화를 이루는 국토,인간의 간섭에 의한 홍수 피해
초등학교 6학년,1학기,사회,자연재해,인간의 간섭에 의한 홍수 피해
초등학교 6학년,1학기,사회,인간,인간의 간섭에 의한 홍수 피해
초등학교 6학년,1학기,사회,홍수,인간의 간섭에 의한 홍수 피해
초등학교 6학년,1학기,사회,개발,인간의 간섭에 의한 홍수 피해
초등학교 6학년,1학기,사회,다양한 삶의 모습들,인간의 간섭에 의한 홍수 피해
초등학교 6학년,2학기,사회,피해,인간의 간섭에 의한 홍수 피해
초등학교 6학년,2학기,사회,환경과 조화를 이루는 국토,인간의 간섭에 의한 홍수 피해
초등학교 6학년,2학기,사회,자연재해,인간의 간섭에 의한 홍수 피해
초등학교 6학년,2학기,사회,인간,인간의 간섭에 의한 홍수 피해
초등학교 6학년,2학기,사회,홍수,인간의 간섭에 의한 홍수 피해
초등학교 6학년,2학기,사회,개발,인간의 간섭에 의한 홍수 피해
초등학교 6학년,2학기,사회,다양한 삶의 모습들,인간의 간섭에 의한 홍수 피해
중학교 1학년,1학기,사회,사막,사막화가 증가하는 원인
중학교 1학년,1학기,사회,우리가 살아가는 곳,사막화가 증가하는 원인
중학교 1학년,1학기,사회,사막화,사막화가 증가하는 원인
중학교 1학년,1학기,사회,환경과 조화를 이루는 국토,사막화가 증가하는 원인
초등학교 3학년,1학기,사회,사막,사막화가 증가하는 원인
초등학교 3학년,1학기,사회,우리가 살아가는 곳,사막화가 증가하는 원인
초등학교 3학년,1학기,사회,사막화,사막화가 증가하는 원인
초등학교 3학년,1학기,사회,환경과 조화를 이루는 국토,사막화가 증가하는 원인
초등학교 5학년,1학기,사회,사막,사막화가 증가하는 원인
초등학교 5학년,1학기,사회,우리가 살아가는 곳,사막화가 증가하는 원인
초등학교 5학년,1학기,사회,사막화,사막화가 증가하는 원인
초등학교 5학년,1학기,사회,환경과 조화를 이루는 국토,사막화가 증가하는 원인
초등학교 6학년,1학기,사회,사막,사막화가 증가하는 원인
초등학교 6학년,1학기,사회,우리가 살아가는 곳,사막화가 증가하는 원인
초등학교 6학년,1학기,사회,사막화,사막화가 증가하는 원인
초등학교 6학년,1학기,사회,환경과 조화를 이루는 국토,사막화가 증가하는 원인
초등학교 3학년,1학기,사회,미디어,문화와 미디어의 상호 작용
초등학교 3학년,1학기,사회,우리 경제의 성장과 발전,문화와 미디어의 상호 작용
초등학교 3학년,1학기,사회,유튜브,문화와 미디어의 상호 작용
초등학교 3학년,1학기,사회,k-pop,문화와 미디어의 상호 작용
초등학교 3학년,1학기,사회,케이팝,문화와 미디어의 상호 작용
초등학교 3학년,1학기,사회,한류,문화와 미디어의 상호 작용
초등학교 3학년,1학기,사회,다양한 삶의 모습들,문화와 미디어의 상호 작용
초등학교 3학년,2학기,사회,미디어,문화와 미디어의 상호 작용
초등학교 3학년,2학기,사회,우리 경제의 성장과 발전,문화와 미디어의 상호 작용
초등학교 3학년,2학기,사회,유튜브,문화와 미디어의 상호 작용
초등학교 3학년,2학기,사회,k-pop,문화와 미디어의 상호 작용
초등학교 3학년,2학기,사회,케이팝,문화와 미디어의 상호 작용
초등학교 3학년,2학기,사회,한류,문화와 미디어의 상호 작용
초등학교 3학년,2학기,사회,다양한 삶의 모습들,문화와 미디어의 상호 작용
초등학교 5학년,1학기,사회,미디어,문화와 미디어의 상호 작용
초등학교 5학년,1학기,사회,우리 경제의 성장과 발전,문화와 미디어의 상호 작용
초등학교 5학년,1학기,사회,유튜브,문화와 미디어의 상호 작용
초등학교 5학년,1학기,사회,k-pop,문화와 미디어의 상호 작용
초등학교 5학년,1학기,사회,케이팝,문화와 미디어의 상호 작용
초등학교 5학년,1학기,사회,한류,문화와 미디어의 상호 작용
초등학교 5학년,1학기,사회,다양한 삶의 모습들,문화와 미디어의 상호 작용
초등학교 5학년,2학기,사회,미디어,문화와 미디어의 상호 작용
초등학교 5학년,2학기,사회,우리 경제의 성장과 발전,문화와 미디어의 상호 작용
초등학교 5학년,2학기,사회,유튜브,문화와 미디어의 상호 작용
초등학교 5학년,2학기,사회,k-pop,문화와 미디어의 상호 작용
초등학교 5학년,2학기,사회,케이팝,문화와 미디어의 상호 작용
초등학교 5학년,2학기,사회,한류,문화와 미디어의 상호 작용
초등학교 5학년,2학기,사회,다양한 삶의 모습들,문화와 미디어의 상호 작용
초등학교 6학년,1학기,사회,미디어,문화와 미디어의 상호 작용
초등학교 6학년,1학기,사회,우리 경제의 성장과 발전,문화와 미디어의 상호 작용
초등학교 6학년,1학기,사회,유튜브,문화와 미디어의 상호 작용
초등학교 6학년,1학기,사회,k-pop,문화와 미디어의 상호 작용
초등학교 6학년,1학기,사회,케이팝,문화와 미디어의 상호 작용
초등학교 6학년,1학기,사회,한류,문화와 미디어의 상호 작용
초등학교 6학년,1학기,사회,다양한 삶의 모습들,문화와 미디어의 상호 작용
초등학교 6학년,2학기,사회,미디어,문화와 미디어의 상호 작용
초등학교 6학년,2학기,사회,우리 경제의 성장과 발전,문화와 미디어의 상호 작용
초등학교 6학년,2학기,사회,유튜브,문화와 미디어의 상호 작용
초등학교 6학년,2학기,사회,k-pop,문화와 미디어의 상호 작용
초등학교 6학년,2학기,사회,케이팝,문화와 미디어의 상호 작용
초등학교 6학년,2학기,사회,한류,문화와 미디어의 상호 작용
초등학교 6학년,2학기,사회,다양한 삶의 모습들,문화와 미디어의 상호 작용
중학교 1학년,1학기,사회,미디어,미디어와 문화변동의 관계
중학교 1학년,1학기,사회,우리 경제의 성장과 발전,미디어와 문화변동의 관계
중학교 1학년,1학기,사회,생활,미디어와 문화변동의 관계
중학교 1학년,1학기,사회,스마트폰,미디어와 문화변동의 관계
중학교 1학년,1학기,사회,다양한 삶의 모습들,미디어와 문화변동의 관계
중학교 1학년,2학기,사회,미디어,미디어와 문화변동의 관계
중학교 1학년,2학기,사회,우리 경제의 성장과 발전,미디어와 문화변동의 관계
중학교 1학년,2학기,사회,생활,미디어와 문화변동의 관계
중학교 1학년,2학기,사회,스마트폰,미디어와 문화변동의 관계
중학교 1학년,2학기,사회,다양한 삶의 모습들,미디어와 문화변동의 관계
초등학교 3학년,1학기,사회,미디어,미디어와 문화변동의 관계
초등학교 3학년,1학기,사회,우리 경제의 성장과 발전,미디어와 문화변동의 관계
초등학교 3학년,1학기,사회,생활,미디어와 문화변동의 관계
초등학교 3학년,1학기,사회,스마트폰,미디어와 문화변동의 관계
초등학교 3학년,1학기,사회,다양한 삶의 모습들,미디어와 문화변동의 관계
초등학교 3학년,2학기,사회,미디어,미디어와 문화변동의 관계
초등학교 3학년,2학기,사회,우리 경제의 성장과 발전,미디어와 문화변동의 관계
초등학교 3학년,2학기,사회,생활,미디어와 문화변동의 관계
초등학교 3학년,2학기,사회,스마트폰,미디어와 문화변동의 관계
초등학교 3학년,2학기,사회,다양한 삶의 모습들,미디어와 문화변동의 관계
초등학교 5학년,1학기,사회,미디어,미디어와 문화변동의 관계
초등학교 5학년,1학기,사회,우리 경제의 성장과 발전,미디어와 문화변동의 관계
초등학교 5학년,1학기,사회,생활,미디어와 문화변동의 관계
초등학교 5학년,1학기,사회,스마트폰,미디어와 문화변동의 관계
초등학교 5학년,1학기,사회,다양한 삶의 모습들,미디어와 문화변동의 관계
초등학교 5학년,2학기,사회,미디어,미디어와 문화변동의 관계
초등학교 5학년,2학기,사회,우리 경제의 성장과 발전,미디어와 문화변동의 관계
초등학교 5학년,2학기,사회,생활,미디어와 문화변동의 관계
초등학교 5학년,2학기,사회,스마트폰,미디어와 문화변동의 관계
초등학교 5학년,2학기,사회,다양한 삶의 모습들,미디어와 문화변동의 관계
초등학교 6학년,1학기,사회,미디어,미디어와 문화변동의 관계
초등학교 6학년,1학기,사회,우리 경제의 성장과 발전,미디어와 문화변동의 관계
초등학교 6학년,1학기,사회,생활,미디어와 문화변동의 관계
초등학교 6학년,1학기,사회,스마트폰,미디어와 문화변동의 관계
초등학교 6학년,1학기,사회,다양한 삶의 모습들,미디어와 문화변동의 관계
초등학교 6학년,2학기,사회,미디어,미디어와 문화변동의 관계
초등학교 6학년,2학기,사회,우리 경제의 성장과 발전,미디어와 문화변동의 관계
초등학교 6학년,2학기,사회,생활,미디어와 문화변동의 관계
초등학교 6학년,2학기,사회,스마트폰,미디어와 문화변동의 관계
초등학교 6학년,2학기,사회,다양한 삶의 모습들,미디어와 문화변동의 관계
중학교 1학년,2학기,사회,우리나라의 민주 정치,정치와 정치권력
중학교 1학년,2학기,사회,독립선언문,정치와 정치권력
중학교 1학년,2학기,사회,미국,정치와 정치권력
중학교 1학년,2학기,사회,독립,정치와 정치권력
중학교 1학년,2학기,사회,정치 생활과 민주주의,정치와 정치권력
중학교 1학년,2학기,사회,영국,정치와 정치권력
중학교 1학년,2학기,사회,정치권력,정치와 정치권력
초등학교 6학년,2학기,사회,우리나라의 민주 정치,정치와 정치권력
초등학교 6학년,2학기,사회,독립선언문,정치와 정치권력
초등학교 6학년,2학기,사회,미국,정치와 정치권력
초등학교 6학년,2학기,사회,독립,정치와 정치권력
초등학교 6학년,2학기,사회,정치 생활과 민주주의,정치와 정치권력
초등학교 6학년,2학기,사회,영국,정치와 정치권력
초등학교 6학년,2학기,사회,정치권력,정치와 정치권력
초등학교 4학년,1학기,사회,보이콧,민주 정치의 발전
초등학교 4학년,1학기,사회,정치 생활과 민주주의,민주 정치의 발전
초등학교 4학년,1학기,사회,지역 의 발전,민주 정치의 발전
초등학교 4학년,1학기,사회,우리 의 과제와 문화의 발전,민주 정치의 발전
초등학교 4학년,1학기,사회,인권,민주 정치의 발전
초등학교 4학년,1학기,사회,인종차별,민주 정치의 발전
초등학교 4학년,2학기,사회,보이콧,민주 정치의 발전
초등학교 4학년,2학기,사회,정치 생활과 민주주의,민주 정치의 발전
초등학교 4학년,2학기,사회,지역 의 발전,민주 정치의 발전
초등학교 4학년,2학기,사회,우리 의 과제와 문화의 발전,민주 정치의 발전
초등학교 4학년,2학기,사회,인권,민주 정치의 발전
초등학교 4학년,2학기,사회,인종차별,민주 정치의 발전
초등학교 5학년,1학기,사회,보이콧,민주 정치의 발전
초등학교 5학년,1학기,사회,정치 생활과 민주주의,민주 정치의 발전
초등학교 5학년,1학기,사회,지역 의 발전,민주 정치의 발전
초등학교 5학년,1학기,사회,우리 의 과제와 문화의 발전,민주 정치의 발전
초등학교 5학년,1학기,사회,인권,민주 정치의 발전
초등학교 5학년,1학기,사회,인종차별,민주 정치의 발전
초등학교 5학년,2학기,사회,보이콧,민주 정치의 발전
초등학교 5학년,2학기,사회,정치 생활과 민주주의,민주 정치의 발전
초등학교 5학년,2학기,사회,지역 의 발전,민주 정치의 발전
초등학교 5학년,2학기,사회,우리 의 과제와 문화의 발전,민주 정치의 발전
초등학교 5학년,2학기,사회,인권,민주 정치의 발전
초등학교 5학년,2학기,사회,인종차별,민주 정치의 발전
초등학교 6학년,1학기,사회,보이콧,민주 정치의 발전
초등학교 6학년,1학기,사회,정치 생활과 민주주의,민주 정치의 발전
초등학교 6학년,1학기,사회,지역 의 발전,민주 정치의 발전
초등학교 6학년,1학기,사회,우리 의 과제와 문화의 발전,민주 정치의 발전
초등학교 6학년,1학기,사회,인권,민주 정치의 발전
초등학교 6학년,1학기,사회,인종차별,민주 정치의 발전
초등학교 6학년,2학기,사회,보이콧,민주 정치의 발전
초등학교 6학년,2학기,사회,정치 생활과 민주주의,민주 정치의 발전
초등학교 6학년,2학기,사회,지역 의 발전,민주 정치의 발전
초등학교 6학년,2학기,사회,우리 의 과제와 문화의 발전,민주 정치의 발전
초등학교 6학년,2학기,사회,인권,민주 정치의 발전
초등학교 6학년,2학기,사회,인종차별,민주 정치의 발전
중학교 1학년,2학기,사회,우리나라의 민주 정치,민주 정치의 원리
중학교 1학년,2학기,사회,정치 생활과 민주주의,민주 정치의 원리
중학교 1학년,2학기,사회,연설,민주 정치의 원리
중학교 1학년,2학기,사회,게티즈버그 전투,민주 정치의 원리
중학교 1학년,2학기,사회,링컨,민주 정치의 원리
중학교 1학년,2학기,사회,게티즈버그,민주 정치의 원리
초등학교 6학년,2학기,사회,우리나라의 민주 정치,민주 정치의 원리
초등학교 6학년,2학기,사회,정치 생활과 민주주의,민주 정치의 원리
초등학교 6학년,2학기,사회,연설,민주 정치의 원리
초등학교 6학년,2학기,사회,게티즈버그 전투,민주 정치의 원리
초등학교 6학년,2학기,사회,링컨,민주 정치의 원리
초등학교 6학년,2학기,사회,게티즈버그,민주 정치의 원리
중학교 1학년,2학기,사회,우리나라의 민주 정치,현대 사회와 정치
중학교 1학년,2학기,사회,정치 생활과 민주주의,현대 사회와 정치
중학교 1학년,2학기,사회,입법,현대 사회와 정치
중학교 1학년,2학기,사회,정치,현대 사회와 정치
중학교 1학년,2학기,사회,대통령,현대 사회와 정치
초등학교 6학년,2학기,사회,우리나라의 민주 정치,현대 사회와 정치
초등학교 6학년,2학기,사회,정치 생활과 민주주의,현대 사회와 정치
초등학교 6학년,2학기,사회,입법,현대 사회와 정치
초등학교 6학년,2학기,사회,정치,현대 사회와 정치
초등학교 6학년,2학기,사회,대통령,현대 사회와 정치
초등학교 4학년,1학기,사회,특산품,제주 바다의 보물
초등학교 4학년,1학기,사회,제주도 특산물,제주 바다의 보물
초등학교 4학년,1학기,사회,바다,제주 바다의 보물
초등학교 4학년,1학기,사회,특산물,제주 바다의 보물
초등학교 4학년,1학기,사회,해녀,제주 바다의 보물
초등학교 4학년,1학기,사회,촌락의 형성과 주민 생활,제주 바다의 보물
초등학교 4학년,1학기,사회,제주도,제주 바다의 보물
초등학교 4학년,1학기,사회,제주도 수산물,제주 바다의 보물
초등학교 4학년,1학기,사회,황태,명태의 화려한 변신
초등학교 4학년,1학기,사회,강원도의 특산물,명태의 화려한 변신
초등학교 4학년,1학기,사회,강원도,명태의 화려한 변신
초등학교 4학년,1학기,사회,특산물,명태의 화려한 변신
초등학교 4학년,1학기,사회,명태,명태의 화려한 변신
초등학교 4학년,1학기,사회,고장,명태의 화려한 변신
초등학교 4학년,1학기,사회,명태의 여러 가지 이름,명태의 화려한 변신
초등학교 4학년,1학기,사회,촌락의 형성과 주민 생활,명태의 화려한 변신
초등학교 4학년,1학기,사회,수박,비닐 하우스의 봄
초등학교 4학년,1학기,사회,농업의 변화,비닐 하우스의 봄
초등학교 4학년,1학기,사회,기술의 발달,비닐 하우스의 봄
초등학교 4학년,1학기,사회,촌락의 형성과 주민 생활,비닐 하우스의 봄
초등학교 4학년,1학기,사회,작물,비닐 하우스의 봄
초등학교 4학년,1학기,사회,농업,비닐 하우스의 봄
초등학교 4학년,1학기,사회,비닐하우스,비닐 하우스의 봄
초등학교 4학년,1학기,사회,재배,비닐 하우스의 봄
초등학교 4학년,1학기,사회,김의 종류,"바다의 선물, 고소한 김"
초등학교 4학년,1학기,사회,김의 효능,"바다의 선물, 고소한 김"
초등학교 4학년,1학기,사회,우리 식탁,"바다의 선물, 고소한 김"
초등학교 4학년,1학기,사회,대표 반찬,"바다의 선물, 고소한 김"
초등학교 4학년,1학기,사회,효능,"바다의 선물, 고소한 김"
초등학교 4학년,1학기,사회,촌락의 형성과 주민 생활,"바다의 선물, 고소한 김"
초등학교 4학년,1학기,사회,생산,"바다의 선물, 고소한 김"
초등학교 4학년,1학기,사회,김의 생산 과정,"바다의 선물, 고소한 김"
초등학교 4학년,1학기,사회,반찬,"바다의 선물, 고소한 김"
초등학교 4학년,1학기,사회,버섯,버섯 기르기
초등학교 4학년,1학기,사회,버섯의 재배 과정,버섯 기르기
초등학교 4학년,1학기,사회,효능,버섯 기르기
초등학교 4학년,1학기,사회,촌락의 형성과 주민 생활,버섯 기르기
초등학교 4학년,1학기,사회,재배,버섯 기르기
초등학교 4학년,1학기,사회,평야지역에 발달한 도시,평야지역에 발달한 도시
초등학교 4학년,1학기,사회,도시,평야지역에 발달한 도시
초등학교 4학년,1학기,사회,발달,평야지역에 발달한 도시
초등학교 4학년,1학기,사회,도시의 발달과 주민 생활,평야지역에 발달한 도시
초등학교 4학년,1학기,사회,도시의 의미,평야지역에 발달한 도시
초등학교 4학년,1학기,사회,서울,평야지역에 발달한 도시
초등학교 4학년,1학기,사회,광역시,평야지역에 발달한 도시
초등학교 4학년,1학기,사회,평야,평야지역에 발달한 도시
초등학교 4학년,1학기,사회,도시의 발달,평야지역에 발달한 도시
초등학교 4학년,1학기,사회,바다,해안지역에 발달한 도시
초등학교 4학년,1학기,사회,도시의 발달과 주민 생활,해안지역에 발달한 도시
초등학교 4학년,1학기,사회,발달,해안지역에 발달한 도시
초등학교 4학년,1학기,사회,해안,해안지역에 발달한 도시
초등학교 4학년,1학기,사회,도시의 변천,해안지역에 발달한 도시
초등학교 4학년,1학기,사회,해안 도시의 특징,해안지역에 발달한 도시
초등학교 4학년,1학기,사회,해안지역에 발달한 도시,해안지역에 발달한 도시
초등학교 4학년,1학기,사회,도시,해안지역에 발달한 도시
초등학교 4학년,2학기,사회,가계부,알뜰한 살림살이
초등학교 4학년,2학기,사회,가계,알뜰한 살림살이
초등학교 4학년,2학기,사회,용돈기입장,알뜰한 살림살이
초등학교 4학년,2학기,사회,경제,알뜰한 살림살이
초등학교 4학년,2학기,사회,가정,알뜰한 살림살이
초등학교 4학년,2학기,사회,살림,알뜰한 살림살이
초등학교 4학년,2학기,사회,경제생활과 바람직한 선택,알뜰한 살림살이
초등학교 4학년,2학기,사회,가계부 작성하기,알뜰한 살림살이
초등학교 4학년,1학기,사회,서울의 상징,서울을 나타내는 상징
초등학교 4학년,1학기,사회,서울을 나타내는 상징,서울을 나타내는 상징
초등학교 4학년,1학기,사회,수도,서울을 나타내는 상징
초등학교 4학년,1학기,사회,도시의 발달과 주민 생활,서울을 나타내는 상징
초등학교 4학년,1학기,사회,서울의 시작,서울을 나타내는 상징
초등학교 4학년,1학기,사회,서울,서울을 나타내는 상징
초등학교 4학년,1학기,사회,서울의 슬로건,서울을 나타내는 상징
초등학교 4학년,1학기,사회,서울의 브랜드,서울을 나타내는 상징
초등학교 4학년,1학기,사회,서울의 휘장,서울을 나타내는 상징
초등학교 4학년,1학기,사회,상징,서울을 나타내는 상징
초등학교 4학년,2학기,사회,서비스,다양한 기업의 모습
초등학교 4학년,2학기,사회,다양한 기업,다양한 기업의 모습
초등학교 4학년,2학기,사회,경제생활과 바람직한 선택,다양한 기업의 모습
초등학교 4학년,2학기,사회,제조,다양한 기업의 모습
초등학교 4학년,2학기,사회,기업,다양한 기업의 모습
초등학교 4학년,2학기,사회,판매,다양한 기업의 모습
초등학교 4학년,2학기,사회,가격의 비밀,가격의 비밀
초등학교 4학년,2학기,사회,가격,가격의 비밀
초등학교 4학년,2학기,사회,경제생활과 바람직한 선택,가격의 비밀
초등학교 4학년,2학기,사회,분업의 단점,"나누어서 일하기, 분업"
초등학교 4학년,2학기,사회,경제,"나누어서 일하기, 분업"
초등학교 4학년,2학기,사회,생산,"나누어서 일하기, 분업"
초등학교 4학년,2학기,사회,분업의 장점,"나누어서 일하기, 분업"
초등학교 4학년,2학기,사회,경제생활과 바람직한 선택,"나누어서 일하기, 분업"
초등학교 4학년,2학기,사회,분업,"나누어서 일하기, 분업"
초등학교 4학년,2학기,사회,곤충,"나누어서 일하기, 분업"
초등학교 4학년,2학기,사회,효과,기업의 경쟁으로 달라지는 점
초등학교 4학년,2학기,사회,경쟁,기업의 경쟁으로 달라지는 점
초등학교 4학년,2학기,사회,경제생활과 바람직한 선택,기업의 경쟁으로 달라지는 점
초등학교 4학년,2학기,사회,기업간 경쟁,기업의 경쟁으로 달라지는 점
초등학교 4학년,2학기,사회,기업,기업의 경쟁으로 달라지는 점
초등학교 4학년,2학기,사회,역할,기업의 역할
초등학교 4학년,2학기,사회,기업의 역할,기업의 역할
초등학교 4학년,2학기,사회,세금,기업의 역할
초등학교 4학년,2학기,사회,경제생활과 바람직한 선택,기업의 역할
초등학교 4학년,2학기,사회,기업,기업의 역할
초등학교 4학년,2학기,사회,이윤,기업의 역할
초등학교 6학년,1학기,사회,위도,위도와 경도
초등학교 6학년,1학기,사회,세계,위도와 경도
초등학교 6학년,1학기,사회,표준시,위도와 경도
초등학교 6학년,1학기,사회,살기 좋은 우리 국토,위도와 경도
초등학교 6학년,1학기,사회,시간,위도와 경도
초등학교 6학년,1학기,사회,경도,위도와 경도
초등학교 6학년,1학기,사회,국제 표준시간,위도와 경도
초등학교 6학년,1학기,사회,바다,우리 국토의 영역
초등학교 6학년,1학기,사회,영역,우리 국토의 영역
초등학교 6학년,1학기,사회,배타적 경제수역,우리 국토의 영역
초등학교 6학년,1학기,사회,국토,우리 국토의 영역
초등학교 6학년,1학기,사회,살기 좋은 우리 국토,우리 국토의 영역
초등학교 6학년,1학기,사회,중간 수역,우리 국토의 영역
초등학교 5학년,1학기,사회,비료,친환경 농법의 발달
초등학교 5학년,1학기,사회,유기농,친환경 농법의 발달
초등학교 5학년,1학기,사회,친환경,친환경 농법의 발달
초등학교 5학년,1학기,사회,곤충,친환경 농법의 발달
초등학교 5학년,1학기,사회,농법,친환경 농법의 발달
초등학교 5학년,1학기,사회,인간과 환경의 조화,친환경 농법의 발달
초등학교 5학년,1학기,사회,건강,친환경 농법의 발달
초등학교 5학년,1학기,사회,농약,친환경 농법의 발달
초등학교 5학년,1학기,사회,환경과 조화를 이루는 국토,친환경 농법의 발달
초등학교 5학년,1학기,사회,먹거리,친환경 농법의 발달
초등학교 6학년,1학기,사회,비료,친환경 농법의 발달
초등학교 6학년,1학기,사회,유기농,친환경 농법의 발달
초등학교 6학년,1학기,사회,친환경,친환경 농법의 발달
초등학교 6학년,1학기,사회,곤충,친환경 농법의 발달
초등학교 6학년,1학기,사회,농법,친환경 농법의 발달
초등학교 6학년,1학기,사회,인간과 환경의 조화,친환경 농법의 발달
초등학교 6학년,1학기,사회,건강,친환경 농법의 발달
초등학교 6학년,1학기,사회,농약,친환경 농법의 발달
초등학교 6학년,1학기,사회,환경과 조화를 이루는 국토,친환경 농법의 발달
초등학교 6학년,1학기,사회,먹거리,친환경 농법의 발달
초등학교 5학년,1학기,사회,우리 경제의 성장과 발전,우리 경제의 특징
초등학교 5학년,1학기,사회,세금의 종류,우리 경제의 특징
초등학교 5학년,1학기,사회,납세,우리 경제의 특징
초등학교 5학년,1학기,사회,경제,우리 경제의 특징
초등학교 5학년,1학기,사회,세금의 분류,우리 경제의 특징
초등학교 5학년,1학기,사회,세금의,우리 경제의 특징
초등학교 5학년,1학기,사회,세금,우리 경제의 특징
초등학교 5학년,1학기,사회,우리 경제의 특징,우리 경제의 특징
초등학교 5학년,1학기,사회,정부,우리 경제의 특징
초등학교 6학년,1학기,사회,우리 경제의 성장과 발전,우리 경제의 특징
초등학교 6학년,1학기,사회,세금의 종류,우리 경제의 특징
초등학교 6학년,1학기,사회,납세,우리 경제의 특징
초등학교 6학년,1학기,사회,경제,우리 경제의 특징
초등학교 6학년,1학기,사회,세금의 분류,우리 경제의 특징
초등학교 6학년,1학기,사회,세금의,우리 경제의 특징
초등학교 6학년,1학기,사회,세금,우리 경제의 특징
초등학교 6학년,1학기,사회,우리 경제의 특징,우리 경제의 특징
초등학교 6학년,1학기,사회,정부,우리 경제의 특징
초등학교 5학년,1학기,사회,QR코드,새로운 매체와 문화 발전
초등학교 5학년,1학기,사회,우리 경제의 성장과 발전,새로운 매체와 문화 발전
초등학교 5학년,1학기,사회,QR코드의 활용,새로운 매체와 문화 발전
초등학교 5학년,1학기,사회,경제,새로운 매체와 문화 발전
초등학교 5학년,1학기,사회,스마트,새로운 매체와 문화 발전
초등학교 6학년,1학기,사회,QR코드,새로운 매체와 문화 발전
초등학교 6학년,1학기,사회,우리 경제의 성장과 발전,새로운 매체와 문화 발전
초등학교 6학년,1학기,사회,QR코드의 활용,새로운 매체와 문화 발전
초등학교 6학년,1학기,사회,경제,새로운 매체와 문화 발전
초등학교 6학년,1학기,사회,스마트,새로운 매체와 문화 발전
초등학교 5학년,2학기,사회,우리 역사의 시작과 발전,역사 속 종교의 역할
초등학교 5학년,2학기,사회,"불교 공인, 훈요십조, 이차돈, 불씨잡변",역사 속 종교의 역할
초등학교 5학년,2학기,사회,불교,"불교 문화재, 석탑 이야기"
초등학교 5학년,2학기,사회,정림사지 5층 석탑,"불교 문화재, 석탑 이야기"
초등학교 5학년,2학기,사회,석탑,"불교 문화재, 석탑 이야기"
초등학교 5학년,2학기,사회,석가탑,"불교 문화재, 석탑 이야기"
초등학교 5학년,2학기,사회,익산 미륵사지 석탑,"불교 문화재, 석탑 이야기"
초등학교 5학년,2학기,사회,우리 역사의 시작과 발전,"불교 문화재, 석탑 이야기"
초등학교 5학년,2학기,사회,분황사 모전석탑,"불교 문화재, 석탑 이야기"
초등학교 5학년,2학기,사회,감은사지 석탑,"불교 문화재, 석탑 이야기"
초등학교 5학년,2학기,사회,역사,"불교 문화재, 석탑 이야기"
초등학교 5학년,2학기,사회,건축,"불교 문화재, 석탑 이야기"
초등학교 5학년,2학기,사회,전통,역사 속 결혼 풍습
초등학교 5학년,2학기,사회,풍습,역사 속 결혼 풍습
초등학교 5학년,2학기,사회,혼례,역사 속 결혼 풍습
초등학교 5학년,2학기,사회,결혼,역사 속 결혼 풍습
초등학교 5학년,2학기,사회,유교 문화가 발달한 조선,역사 속 결혼 풍습
초등학교 5학년,2학기,사회,역사,역사 속 결혼 풍습
초등학교 5학년,2학기,사회,민화,조상들의 생활 모습
초등학교 5학년,2학기,사회,조상,조상들의 생활 모습
초등학교 5학년,2학기,사회,조상들의 삶,조상들의 생활 모습
초등학교 5학년,2학기,사회,생활모습,조상들의 생활 모습
초등학교 5학년,2학기,사회,신윤복,조상들의 생활 모습
초등학교 5학년,2학기,사회,유교 문화가 발달한 조선,조상들의 생활 모습
초등학교 5학년,2학기,사회,김홍도,조상들의 생활 모습
초등학교 5학년,2학기,사회,역사,조상들의 생활 모습
초등학교 5학년,2학기,사회,유교 문화가 발달한 조선,신분에 따라 다른 의복
초등학교 5학년,2학기,사회,신분,신분에 따라 다른 의복
초등학교 5학년,2학기,사회,신분에 따른 복식의 차이,신분에 따라 다른 의복
초등학교 5학년,2학기,사회,조선,신분에 따라 다른 의복
초등학교 5학년,2학기,사회,조선시대의 신분제도,신분에 따라 다른 의복
초등학교 5학년,2학기,사회,복식,신분에 따라 다른 의복
초등학교 5학년,공통,사회,"유교 문화가 발달한 조선,  ,   , 초등 역사, 임진왜란, 사야가, 김충선, 조선, 일본, 귀화, 역적, 충신, 울산성 전투, 녹동서원",김충선(사야가)
초등학교 6학년,2학기,사회,우리나라의 민주 정치,삼권분립
초등학교 6학년,2학기,사회,삼권분립의 유래,삼권분립
초등학교 6학년,2학기,사회,사법,삼권분립
초등학교 6학년,2학기,사회,민주주의,삼권분립
초등학교 6학년,2학기,사회,행정,삼권분립
초등학교 6학년,2학기,사회,입법,삼권분립
초등학교 6학년,2학기,사회,삼권분립,삼권분립
초등학교 6학년,2학기,사회,국가기관,삼권분립
초등학교 5학년,1학기,사회,정보,인터넷 부머
초등학교 5학년,1학기,사회,우리 의 과제와 문화의 발전,인터넷 부머
초등학교 5학년,1학기,사회,예절,인터넷 부머
초등학교 5학년,1학기,사회,에티켓,인터넷 부머
초등학교 6학년,1학기,사회,정보,인터넷 부머
초등학교 6학년,1학기,사회,우리 의 과제와 문화의 발전,인터넷 부머
초등학교 6학년,1학기,사회,예절,인터넷 부머
초등학교 6학년,1학기,사회,에티켓,인터넷 부머
초등학교 5학년,공통,사회,대한민국의 발전과 오늘의 우리,독일 통일 이야기
초등학교 5학년,공통,사회,독일 통일,독일 통일 이야기
초등학교 5학년,공통,사회,통일 후 독일 상황,독일 통일 이야기
초등학교 5학년,공통,사회,독일의 분단,독일 통일 이야기
초등학교 5학년,공통,사회,독일 통일 사례를 통해 본 통일의 필요성,독일 통일 이야기
초등학교 5학년,공통,사회,대한민국의 발전과,독일 통일 이야기
초등학교 5학년,공통,사회,통일의 필요성,독일 통일 이야기
초등학교 6학년,공통,사회,UN,UNICEF
초등학교 6학년,공통,사회,국제 연합,UNICEF
초등학교 6학년,공통,사회,"정보화,세계화",UNICEF
초등학교 6학년,공통,사회,UNICEF,UNICEF
초등학교 6학년,공통,사회,"정보화,세계화 그리고 우리",UNICEF
초등학교 6학년,공통,사회,Tap project,UNICEF
초등학교 6학년,공통,사회,아프리카 난민들의 고통,UNICEF
초등학교 6학년,공통,사회,5세 미만 어린이들의 사망 원인,UNICEF
초등학교 3학년,2학기,사회,문화,세계의 다양한 전통놀이
초등학교 3학년,2학기,사회,전통,세계의 다양한 전통놀이
초등학교 3학년,2학기,사회,세계,세계의 다양한 전통놀이
초등학교 3학년,2학기,사회,놀이,세계의 다양한 전통놀이
초등학교 3학년,2학기,사회,전통놀이,세계의 다양한 전통놀이
초등학교 3학년,2학기,사회,다양한 삶의 모습들,세계의 다양한 전통놀이
중학교 1학년,공통,사회,토착 문화,토착 문화와 융합한 문화 전파
중학교 1학년,공통,사회,고추,토착 문화와 융합한 문화 전파
중학교 1학년,공통,사회,문화 전파,토착 문화와 융합한 문화 전파
중학교 1학년,공통,사회,문화의 이해와 창조,토착 문화와 융합한 문화 전파
중학교 1학년,공통,사회,김치,토착 문화와 융합한 문화 전파
초등학교 3학년,1학기,사회,현재 가장 많이 사용하는 발명품,현재의 의사소통 수단
초등학교 3학년,1학기,사회,이동과 소통하기,현재의 의사소통 수단
초등학교 3학년,1학기,사회,이동,현재의 의사소통 수단
초등학교 3학년,1학기,사회,최초의 휴대폰,현재의 의사소통 수단
초등학교 3학년,1학기,사회,의사소통,현재의 의사소통 수단
초등학교 3학년,1학기,사회,소통,현재의 의사소통 수단
초등학교 3학년,1학기,사회,고가의,현재의 의사소통 수단
초등학교 3학년,1학기,사회,휴대폰,현재의 의사소통 수단
초등학교 3학년,1학기,사회,SNS,SNS의 힘
초등학교 3학년,1학기,사회,이동과 소통하기,SNS의 힘
초등학교 3학년,1학기,사회,의사소통,SNS의 힘
초등학교 3학년,1학기,사회,강아지를 잃어버렸을 때,SNS의 힘
초등학교 3학년,1학기,사회,소통,SNS의 힘
초등학교 3학년,1학기,사회,SNS의 순,SNS의 힘
초등학교 3학년,1학기,사회,역기능,SNS의 힘
초등학교 3학년,1학기,사회,순기능,SNS의 힘
초등학교 3학년,1학기,사회,지하철,현재의 이동수단
초등학교 3학년,1학기,사회,독일,현재의 이동수단
초등학교 3학년,1학기,사회,이동과 소통하기,현재의 이동수단
초등학교 3학년,1학기,사회,이동,현재의 이동수단
초등학교 3학년,1학기,사회,우리나라의 지하철,현재의 이동수단
초등학교 3학년,1학기,사회,스웨덴,현재의 이동수단
초등학교 3학년,1학기,사회,중국,현재의 이동수단
초등학교 3학년,1학기,사회,일본,현재의 이동수단
초등학교 3학년,1학기,사회,대중교통,현재의 이동수단
초등학교 3학년,1학기,사회,호주,세계의 다양한 이동 수단
초등학교 3학년,1학기,사회,이탈리아,세계의 다양한 이동 수단
초등학교 3학년,1학기,사회,세계,세계의 다양한 이동 수단
초등학교 3학년,1학기,사회,필리핀,세계의 다양한 이동 수단
초등학교 3학년,1학기,사회,이동과 소통하기,세계의 다양한 이동 수단
초등학교 3학년,1학기,사회,이동 수단,세계의 다양한 이동 수단
초등학교 3학년,1학기,사회,동남아,세계의 다양한 이동 수단
초등학교 3학년,1학기,사회,네덜란드,세계의 다양한 이동 수단
초등학교 3학년,2학기,사회,상상,이동 수단의 발달
초등학교 3학년,2학기,사회,이동 수단의 종류,이동 수단의 발달
초등학교 3학년,2학기,사회,무인자동차,이동 수단의 발달
초등학교 3학년,2학기,사회,의사소통,이동 수단의 발달
초등학교 3학년,2학기,사회,달라지는 생활 모습,이동 수단의 발달
초등학교 3학년,2학기,사회,철도,이동 수단의 발달
초등학교 3학년,2학기,사회,영화,이동 수단의 발달
초등학교 3학년,2학기,사회,무인운전,이동 수단의 발달
초등학교 3학년,2학기,사회,현실,이동 수단의 발달
초등학교 3학년,2학기,사회,"우리 지역, 다른 지역",나라별로 다른 의미를 지닌 제스처
초등학교 3학년,2학기,사회,제스처의 의미,나라별로 다른 의미를 지닌 제스처
초등학교 3학년,2학기,사회,의사소통,나라별로 다른 의미를 지닌 제스처
초등학교 3학년,2학기,사회,제스처,나라별로 다른 의미를 지닌 제스처
초등학교 3학년,2학기,사회,소통,나라별로 다른 의미를 지닌 제스처
초등학교 3학년,2학기,사회,축제,다양한 지역 축제
초등학교 3학년,2학기,사회,지역,다양한 지역 축제
초등학교 3학년,2학기,사회,달라지는 생활 모습,다양한 지역 축제
초등학교 3학년,2학기,사회,경제,다양한 지역 축제
초등학교 3학년,2학기,사회,생활,다양한 지역 축제
초등학교 3학년,2학기,사회,우리나라의 다양한 지역 축제,다양한 지역 축제
초등학교 3학년,2학기,사회,가마솥,생활 도구의 모양과 쓰임
초등학교 3학년,2학기,사회,달라지는 생활 모습,생활 도구의 모양과 쓰임
초등학교 3학년,2학기,사회,가마솥의 원리,생활 도구의 모양과 쓰임
초등학교 3학년,2학기,사회,가마솥의 제작 과정,생활 도구의 모양과 쓰임
초등학교 3학년,2학기,사회,생활,생활 도구의 모양과 쓰임
초등학교 3학년,2학기,사회,밥솥,생활 도구의 모양과 쓰임
초등학교 3학년,2학기,사회,도구,생활 도구의 모양과 쓰임
초등학교 3학년,2학기,사회,밥솥의 변화,생활 도구의 모양과 쓰임
초등학교 3학년,2학기,사회,겨울,달라진 의식주
초등학교 3학년,2학기,사회,둥그니신,달라진 의식주
초등학교 3학년,2학기,사회,조상,달라진 의식주
초등학교 3학년,2학기,사회,눈이 오는 날,달라진 의식주
초등학교 3학년,2학기,사회,달라지는 생활 모습,달라진 의식주
초등학교 3학년,2학기,사회,대한민국의 사계절,달라진 의식주
초등학교 3학년,2학기,사회,설피,달라진 의식주
초등학교 3학년,2학기,사회,달라진 교실,교과서의 변천
초등학교 3학년,2학기,사회,옛날의 교실,교과서의 변천
초등학교 3학년,2학기,사회,교과서의 변화,교과서의 변천
초등학교 3학년,2학기,사회,달라지는 생활 모습,교과서의 변천
초등학교 3학년,2학기,사회,교과서,교과서의 변천
초등학교 3학년,2학기,사회,교실,교과서의 변천
초등학교 3학년,2학기,사회,학교,교과서의 변천
초등학교 3학년,2학기,사회,다양한 축제,세계의 여러 문화
초등학교 3학년,2학기,사회,축제,세계의 여러 문화
초등학교 3학년,2학기,사회,세계,세계의 여러 문화
초등학교 3학년,2학기,사회,다양한 삶의 모습들,세계의 여러 문화
초등학교 3학년,2학기,사회,유래,송편의 유래
초등학교 3학년,2학기,사회,송편의 유래,송편의 유래
초등학교 3학년,2학기,사회,음식,송편의 유래
초등학교 3학년,2학기,사회,추석의 대표 음식,송편의 유래
초등학교 3학년,2학기,사회,월병,송편의 유래
초등학교 3학년,2학기,사회,송편,송편의 유래
초등학교 3학년,2학기,사회,다양한 삶의 모습들,송편의 유래
초등학교 3학년,2학기,사회,북한의 어린이날,세계의 어린이날
초등학교 3학년,2학기,사회,일본의 어린이날,세계의 어린이날
초등학교 3학년,2학기,사회,어린이날,세계의 어린이날
초등학교 3학년,2학기,사회,어린이날의 역사,세계의 어린이날
초등학교 3학년,2학기,사회,5월 5일,세계의 어린이날
초등학교 3학년,2학기,사회,어린이,세계의 어린이날
초등학교 3학년,2학기,사회,세계의 어린이날,세계의 어린이날
초등학교 3학년,2학기,사회,다양한 삶의 모습들,세계의 어린이날
초등학교 3학년,2학기,사회,문화,나라별 이색 음식
초등학교 3학년,2학기,사회,이색,나라별 이색 음식
초등학교 3학년,2학기,사회,음식,나라별 이색 음식
초등학교 3학년,2학기,사회,이색 음식 체험,나라별 이색 음식
초등학교 3학년,2학기,사회,다양한 삶의 모습들,나라별 이색 음식
초등학교 4학년,1학기,사회,시장이 필요한 이유,팔도강산 특산물
초등학교 4학년,1학기,사회,가락동 농수산물 시장,팔도강산 특산물
초등학교 4학년,1학기,사회,시장,팔도강산 특산물
초등학교 4학년,1학기,사회,특산물,팔도강산 특산물
초등학교 4학년,1학기,사회,농산물,팔도강산 특산물
초등학교 4학년,1학기,사회,촌락의 형성과 주민 생활,팔도강산 특산물
초등학교 4학년,1학기,사회,가락,팔도강산 특산물
초등학교 4학년,1학기,사회,수산물,팔도강산 특산물
초등학교 4학년,공통,과학,물과 얼음의 밀도,빙산이 물에 뜨는 이유
초등학교 4학년,공통,과학,빙산이 물에 뜨는 이유,빙산이 물에 뜨는 이유
초등학교 4학년,공통,과학,빙산,빙산이 물에 뜨는 이유
초등학교 4학년,공통,과학,부력의 크기,빙산이 물에 뜨는 이유
초등학교 4학년,공통,과학,물의 상태 변화,빙산이 물에 뜨는 이유
초등학교 4학년,공통,과학,수권의,빙산이 물에 뜨는 이유
초등학교 4학년,공통,과학,물의 상태 변화,빙산이 물에 뜨는 이유
초등학교 4학년,공통,과학,얼음의 부피,빙산이 물에 뜨는 이유
초등학교 4학년,공통,과학,부력의 원리,빙산이 물에 뜨는 이유
초등학교 4학년,공통,과학,빙산의 일각,빙산이 물에 뜨는 이유
초등학교 4학년,공통,과학,지하수가 만든 석회암 지형,지하수
초등학교 4학년,공통,과학,지하수가 있는 곳,지하수
초등학교 4학년,공통,과학,물의 상태 변화,지하수
초등학교 4학년,공통,과학,지하수,지하수
초등학교 4학년,공통,과학,물의 상태 변화,지하수
초등학교 4학년,공통,과학,여러가지 카르스트 지형,지하수
초등학교 4학년,공통,과학,카르스트,지하수
초등학교 4학년,공통,과학,불투수층,지하수
초등학교 4학년,공통,과학,불포화대,지하수
초등학교 4학년,공통,과학,대수층,지하수
초등학교 3학년,공통,과학,창포,연못이나 강가에 사는 식물
초등학교 3학년,공통,과학,물가에 사는 식물,연못이나 강가에 사는 식물
초등학교 3학년,공통,과학,식물의 한살이,연못이나 강가에 사는 식물
초등학교 3학년,공통,과학,물질경이,연못이나 강가에 사는 식물
초등학교 3학년,공통,과학,잎이 물 위에 있는 물속에 사는 식물,연못이나 강가에 사는 식물
초등학교 3학년,공통,과학,식물의,연못이나 강가에 사는 식물
초등학교 3학년,공통,과학,물 위에 사는 식물,연못이나 강가에 사는 식물
초등학교 3학년,공통,과학,생이가래,연못이나 강가에 사는 식물
초등학교 3학년,공통,과학,물 속에 사는 식물,연못이나 강가에 사는 식물
초등학교 3학년,공통,과학,개연꽃,연못이나 강가에 사는 식물
초등학교 3학년,공통,과학,사막에 사는 식물,"사막, 바닷가, 갯벌에 사는 식물"
초등학교 3학년,공통,과학,식물의 한살,"사막, 바닷가, 갯벌에 사는 식물"
초등학교 3학년,공통,과학,갯벌에 사는 식물,"사막, 바닷가, 갯벌에 사는 식물"
초등학교 3학년,공통,과학,식물의 한살이,"사막, 바닷가, 갯벌에 사는 식물"
초등학교 3학년,공통,과학,통보리사초,"사막, 바닷가, 갯벌에 사는 식물"
초등학교 3학년,공통,과학,바닷가에 사는 식물,"사막, 바닷가, 갯벌에 사는 식물"
초등학교 3학년,공통,과학,다육 식물,"사막, 바닷가, 갯벌에 사는 식물"
초등학교 3학년,공통,과학,식물의 한살이,"사막, 바닷가, 갯벌에 사는 식물"
초등학교 3학년,공통,과학,퉁퉁마디,"사막, 바닷가, 갯벌에 사는 식물"
초등학교 3학년,공통,과학,잣나무,들과 산에 사는 식물
초등학교 3학년,공통,과학,주별의 풀,들과 산에 사는 식물
초등학교 3학년,공통,과학,잣나무 특징,들과 산에 사는 식물
초등학교 3학년,공통,과학,떡갈나무 특징,들과 산에 사는 식물
초등학교 3학년,공통,과학,토끼풀,들과 산에 사는 식물
초등학교 3학년,공통,과학,식물의 한살이,들과 산에 사는 식물
초등학교 3학년,공통,과학,다양한 잎의 형태,들과 산에 사는 식물
초등학교 3학년,공통,과학,강아지풀 특징,들과 산에 사는 식물
초등학교 3학년,공통,과학,봄나물,들과 산에 사는 식물
초등학교 3학년,공통,과학,떡갈나무,들과 산에 사는 식물
초등학교 3학년,공통,과학,강아지풀,들과 산에 사는 식물
초등학교 3학년,공통,과학,주변의 나무들,들과 산에 사는 식물
초등학교 3학년,공통,과학,토끼풀 특징,들과 산에 사는 식물
초등학교 3학년,공통,과학,악기의 소리 내는 방법,악기의 소리 내는 방법
초등학교 3학년,공통,과학,소리의 성질,악기의 소리 내는 방법
초등학교 3학년,공통,과학,빨대피리 만들기,악기의 소리 내는 방법
초등학교 3학년,공통,과학,소리의 성질,악기의 소리 내는 방법
초등학교 3학년,공통,과학,소리의 성질,악기의 소리 내는 방법
초등학교 3학년,공통,과학,소리,악기의 소리 내는 방법
초등학교 3학년,공통,과학,소리 내는 방법에 따른 악기 분류,악기의 소리 내는 방법
초등학교 4학년,공통,과학,악기의 소리 내는 방법,악기의 소리 내는 방법
초등학교 4학년,공통,과학,소리의 성질,악기의 소리 내는 방법
초등학교 4학년,공통,과학,빨대피리 만들기,악기의 소리 내는 방법
초등학교 4학년,공통,과학,소리의 성질,악기의 소리 내는 방법
초등학교 4학년,공통,과학,소리의 성질,악기의 소리 내는 방법
초등학교 4학년,공통,과학,소리,악기의 소리 내는 방법
초등학교 4학년,공통,과학,소리 내는 방법에 따른 악기 분류,악기의 소리 내는 방법
초등학교 3학년,공통,과학,다양한 악기,다양한 악기
초등학교 3학년,공통,과학,색소폰,다양한 악기
초등학교 3학년,공통,과학,마림바,다양한 악기
초등학교 3학년,공통,과학,소리의 성질,다양한 악기
초등학교 3학년,공통,과학,소리의 성질,다양한 악기
초등학교 3학년,공통,과학,소리의 성질,다양한 악기
초등학교 3학년,공통,과학,오카리나,다양한 악기
초등학교 3학년,공통,과학,만돌린,다양한 악기
초등학교 3학년,공통,과학,오보에,다양한 악기
초등학교 4학년,공통,과학,다양한 악기,다양한 악기
초등학교 4학년,공통,과학,색소폰,다양한 악기
초등학교 4학년,공통,과학,마림바,다양한 악기
초등학교 4학년,공통,과학,소리의 성질,다양한 악기
초등학교 4학년,공통,과학,소리의 성질,다양한 악기
초등학교 4학년,공통,과학,소리의 성질,다양한 악기
초등학교 4학년,공통,과학,오카리나,다양한 악기
초등학교 4학년,공통,과학,만돌린,다양한 악기
초등학교 4학년,공통,과학,오보에,다양한 악기
중학교 2학년,공통,과학,거중기의 원리,거중기의 원리
중학교 2학년,공통,과학,일과 에너지 전환,거중기의 원리
중학교 2학년,공통,과학,거중기,거중기의 원리
중학교 2학년,공통,과학,도르래,거중기의 원리
중학교 2학년,공통,과학,일의 원리,거중기의 원리
중학교 2학년,공통,과학,도르래의 원리,거중기의 원리
중학교 2학년,공통,과학,건설,크레인의 종류와 탑형 크레인의 원리
중학교 2학년,공통,과학,일과 에너지 전환,크레인의 종류와 탑형 크레인의 원리
중학교 2학년,공통,과학,크레인,크레인의 종류와 탑형 크레인의 원리
중학교 2학년,공통,과학,도르래,크레인의 종류와 탑형 크레인의 원리
초등학교 5학년,공통,과학,전구의 여러가지 모양,전구의 미래
초등학교 5학년,공통,과학,안정기 내장형 램프,전구의 미래
초등학교 5학년,공통,과학,LED 구조,전구의 미래
초등학교 5학년,공통,과학,LED원리,전구의 미래
초등학교 5학년,공통,과학,백열전구,전구의 미래
초등학교 5학년,공통,과학,전기회로,전구의 미래
초등학교 5학년,공통,과학,전구의 미래,전구의 미래
초등학교 5학년,공통,과학,백열전구의 단점,전구의 미래
초등학교 5학년,공통,과학,LED,전구의 미래
초등학교 5학년,공통,과학,전기회로,전구의 미래
초등학교 5학년,공통,과학,삼파장 램프,전구의 미래
초등학교 5학년,공통,과학,전구의 발명,전구의 역사
초등학교 5학년,공통,과학,우리나라 전기 유입,전구의 역사
초등학교 5학년,공통,과학,전구의 역사,전구의 역사
초등학교 5학년,공통,과학,백열전구가 처음으로 상업적으로 설치된 곳,전구의 역사
초등학교 5학년,공통,과학,전등의 별칭,전구의 역사
초등학교 5학년,공통,과학,전기회로,전구의 역사
초등학교 5학년,공통,과학,야크 등,전구의 역사
초등학교 5학년,공통,과학,전기와 자,전구의 역사
초등학교 5학년,공통,과학,전기회로,전구의 역사
초등학교 4학년,공통,과학,지구와 달에서 측정한 무게와 질량의 차이,중력의 크기
초등학교 4학년,공통,과학,지구와 달의 중력,중력의 크기
초등학교 4학년,공통,과학,무게,중력의 크기
초등학교 4학년,공통,과학,지구와 달의 크기 비교,중력의 크기
초등학교 4학년,공통,과학,무게재기,중력의 크기
초등학교 4학년,공통,과학,위치에 따른 중력의 크기 차이,중력의 크기
초등학교 4학년,공통,과학,무게재기,중력의 크기
초등학교 4학년,공통,과학,중력의 크기,중력의 크기
초등학교 3학년,공통,과학,거울과 그림자,그림자가 만들어지는 까닭
초등학교 3학년,공통,과학,빛의 직진,그림자가 만들어지는 까닭
초등학교 3학년,공통,과학,본그림자,그림자가 만들어지는 까닭
초등학교 3학년,공통,과학,거울과 그림자,그림자가 만들어지는 까닭
초등학교 3학년,공통,과학,4학,그림자가 만들어지는 까닭
초등학교 3학년,공통,과학,그림자가 만들어지는 까닭,그림자가 만들어지는 까닭
초등학교 3학년,공통,과학,반그림자,그림자가 만들어지는 까닭
초등학교 3학년,공통,과학,그림자가 생기는 이유,그림자가 만들어지는 까닭
초등학교 3학년,공통,과학,바늘구멍 사진기의 원리,그림자가 만들어지는 까닭
초등학교 3학년,공통,과학,난반사,그림자가 만들어지는 까닭
초등학교 3학년,공통,과학,일식의 원리,일식과 월식
초등학교 3학년,공통,과학,거울과 그림자,일식과 월식
초등학교 3학년,공통,과학,일식의 모습,일식과 월식
초등학교 3학년,공통,과학,월식의 모습,일식과 월식
초등학교 3학년,공통,과학,거울과 그림자,일식과 월식
초등학교 3학년,공통,과학,월식의 원리,일식과 월식
초등학교 3학년,공통,과학,거울과 그림자,일식과 월식
초등학교 3학년,공통,과학,일식과 월식,일식과 월식
초등학교 3학년,공통,과학,일식,일식과 월식
초등학교 3학년,공통,과학,월식,일식과 월식
초등학교 4학년,공통,과학,일식의 원리,일식과 월식
초등학교 4학년,공통,과학,거울과 그림자,일식과 월식
초등학교 4학년,공통,과학,일식의 모습,일식과 월식
초등학교 4학년,공통,과학,월식의 모습,일식과 월식
초등학교 4학년,공통,과학,거울과 그림자,일식과 월식
초등학교 4학년,공통,과학,월식의 원리,일식과 월식
초등학교 4학년,공통,과학,거울과 그림자,일식과 월식
초등학교 4학년,공통,과학,일식과 월식,일식과 월식
초등학교 4학년,공통,과학,일식,일식과 월식
초등학교 4학년,공통,과학,월식,일식과 월식
초등학교 4학년,1학기,과학,오목,그림자놀이
초등학교 4학년,1학기,과학,렌즈의 이용,그림자놀이
초등학교 4학년,1학기,과학,볼록,그림자놀이
초등학교 4학년,1학기,과학,거울과 그림자,그림자놀이
초등학교 4학년,1학기,과학,백화점,그림자놀이
초등학교 4학년,1학기,과학,그림자놀이,그림자놀이
초등학교 4학년,1학기,과학,거울,그림자놀이
초등학교 4학년,1학기,과학,그림자,그림자놀이
초등학교 4학년,1학기,과학,숟가락,그림자놀이
초등학교 4학년,2학기,과학,오목,그림자놀이
초등학교 4학년,2학기,과학,렌즈의 이용,그림자놀이
초등학교 4학년,2학기,과학,볼록,그림자놀이
초등학교 4학년,2학기,과학,거울과 그림자,그림자놀이
초등학교 4학년,2학기,과학,백화점,그림자놀이
초등학교 4학년,2학기,과학,그림자놀이,그림자놀이
초등학교 4학년,2학기,과학,거울,그림자놀이
초등학교 4학년,2학기,과학,그림자,그림자놀이
초등학교 4학년,2학기,과학,숟가락,그림자놀이
초등학교 6학년,1학기,과학,오목,그림자놀이
초등학교 6학년,1학기,과학,렌즈의 이용,그림자놀이
초등학교 6학년,1학기,과학,볼록,그림자놀이
초등학교 6학년,1학기,과학,거울과 그림자,그림자놀이
초등학교 6학년,1학기,과학,백화점,그림자놀이
초등학교 6학년,1학기,과학,그림자놀이,그림자놀이
초등학교 6학년,1학기,과학,거울,그림자놀이
초등학교 6학년,1학기,과학,그림자,그림자놀이
초등학교 6학년,1학기,과학,숟가락,그림자놀이
초등학교 6학년,2학기,과학,오목,그림자놀이
초등학교 6학년,2학기,과학,렌즈의 이용,그림자놀이
초등학교 6학년,2학기,과학,볼록,그림자놀이
초등학교 6학년,2학기,과학,거울과 그림자,그림자놀이
초등학교 6학년,2학기,과학,백화점,그림자놀이
초등학교 6학년,2학기,과학,그림자놀이,그림자놀이
초등학교 6학년,2학기,과학,거울,그림자놀이
초등학교 6학년,2학기,과학,그림자,그림자놀이
초등학교 6학년,2학기,과학,숟가락,그림자놀이
초등학교 3학년,공통,과학,얼음 입자,물의 세 가지 상태
초등학교 3학년,공통,과학,물 상태가 변화하는 원인,물의 세 가지 상태
초등학교 3학년,공통,과학,수증기 입자,물의 세 가지 상태
초등학교 3학년,공통,과학,물의 상태에 따른 특징,물의 세 가지 상태
초등학교 3학년,공통,과학,물의 세 가지 상태,물의 세 가지 상태
초등학교 3학년,공통,과학,물 입자,물의 세 가지 상태
초등학교 3학년,공통,과학,물의 상태 변화,물의 세 가지 상태
초등학교 3학년,공통,과학,물의 상태 변화,물의 세 가지 상태
초등학교 3학년,공통,과학,물의 세 가지 형태,물의 세 가지 상태
초등학교 4학년,2학기,과학,가습기의 원리,물과 수증기
초등학교 4학년,2학기,과학,가습기,물과 수증기
초등학교 4학년,2학기,과학,온도,물과 수증기
초등학교 4학년,2학기,과학,물의 상태 변화,물과 수증기
초등학교 4학년,2학기,과학,감기,물과 수증기
초등학교 4학년,2학기,과학,수증기,물과 수증기
초등학교 4학년,2학기,과학,습도,물과 수증기
초등학교 6학년,공통,과학,게이뤼삭,기체에 대해 연구한 과학자들
초등학교 6학년,공통,과학,샤를의 법칙,기체에 대해 연구한 과학자들
초등학교 6학년,공통,과학,보일의 법칙,기체에 대해 연구한 과학자들
초등학교 6학년,공통,과학,기체를 연구한 학자,기체에 대해 연구한 과학자들
초등학교 6학년,공통,과학,로버트 보일,기체에 대해 연구한 과학자들
초등학교 6학년,공통,과학,샤를,기체에 대해 연구한 과학자들
초등학교 6학년,공통,과학,에듬 마리오트,기체에 대해 연구한 과학자들
초등학교 6학년,공통,과학,기체 반응의 법칙,기체에 대해 연구한 과학자들
초등학교 6학년,공통,과학,샤를의 열기구,기체에 대해 연구한 과학자들
초등학교 6학년,공통,과학,여러 가지 기체,기체에 대해 연구한 과학자들
초등학교 6학년,공통,과학,여러 가지 기,기체에 대해 연구한 과학자들
초등학교 3학년,공통,과학,부피,부피란
초등학교 3학년,공통,과학,액체와 기체,부피란
초등학교 3학년,공통,과학,옛날 부피 단위,부피란
초등학교 3학년,공통,과학,부피의 단위,부피란
초등학교 3학년,공통,과학,액체와 기체,부피란
초등학교 3학년,공통,과학,물질의 세 가지 상태,부피란
초등학교 3학년,공통,과학,액체와 기체,부피란
초등학교 4학년,공통,과학,부피,부피란
초등학교 4학년,공통,과학,액체와 기체,부피란
초등학교 4학년,공통,과학,옛날 부피 단위,부피란
초등학교 4학년,공통,과학,부피의 단위,부피란
초등학교 4학년,공통,과학,액체와 기체,부피란
초등학교 4학년,공통,과학,물질의 세 가지 상태,부피란
초등학교 4학년,공통,과학,액체와 기체,부피란
중학교 1학년,공통,과학,비열의 차이,물의 비열
중학교 1학년,공통,과학,비열,물의 비열
중학교 1학년,공통,과학,물질,물의 비열
중학교 1학년,공통,과학,열과 우리 생활,물의 비열
중학교 1학년,공통,과학,물의 비열,물의 비열
초등학교 5학년,공통,과학,단세포 생물,단세포 생물
초등학교 5학년,공통,과학,다세포 생물,단세포 생물
초등학교 5학년,공통,과학,광합성 하는 단세포 생물,단세포 생물
초등학교 5학년,공통,과학,아메바 특성,단세포 생물
초등학교 5학년,공통,과학,유글레나 특성,단세포 생물
초등학교 5학년,공통,과학,짚신벌레 특성,단세포 생물
초등학교 5학년,공통,과학,식물의,단세포 생물
초등학교 5학년,공통,과학,단세포 생물 예,단세포 생물
초등학교 5학년,공통,과학,종벌레 특성,단세포 생물
초등학교 5학년,공통,과학,식물의 구조와 기능,단세포 생물
초등학교 5학년,공통,과학,현미경으로 세포를 관찰한 자들,세포의 발견
초등학교 5학년,공통,과학,세포를 발견한 사람,세포의 발견
초등학교 5학년,공통,과학,세포 발견 역사,세포의 발견
초등학교 5학년,공통,과학,광합성,세포의 발견
초등학교 5학년,공통,과학,식물의 구조와 기능,세포의 발견
초등학교 5학년,공통,과학,세포의 발견,세포의 발견
초등학교 5학년,공통,과학,식물의 구조와 기능,세포의 발견
초등학교 5학년,공통,과학,고등학,세포의 발견
초등학교 3학년,공통,과학,액체와 기체,지구의 물
초등학교 3학년,공통,과학,육지의 물,지구의 물
초등학교 3학년,공통,과학,수권,지구의 물
초등학교 3학년,공통,과학,5대양,지구의 물
초등학교 3학년,공통,과학,대기의 물,지구의 물
초등학교 3학년,공통,과학,지구상의 물의 분포,지구의 물
초등학교 3학년,공통,과학,물의 상태 변화,지구의 물
초등학교 3학년,공통,과학,물의 순환,지구의 물
초등학교 3학년,공통,과학,지구의 물,지구의 물
초등학교 3학년,공통,과학,바다 면적,지구의 물
초등학교 3학년,공통,과학,액체와 기체,지구의 물
초등학교 3학년,1학기,과학,식물,동물의 식물의 감각 기관
초등학교 3학년,1학기,과학,기관,동물의 식물의 감각 기관
초등학교 3학년,1학기,과학,감각,동물의 식물의 감각 기관
초등학교 3학년,1학기,과학,사람,동물의 식물의 감각 기관
초등학교 3학년,1학기,과학,동물,동물의 식물의 감각 기관
초등학교 3학년,1학기,과학,식물의 한살이,동물의 식물의 감각 기관
초등학교 3학년,1학기,과학,동물의 한살이,동물의 식물의 감각 기관
초등학교 3학년,1학기,과학,식물의 생활,동물의 식물의 감각 기관
초등학교 3학년,1학기,과학,동물의 생활,동물의 식물의 감각 기관
초등학교 3학년,1학기,과학,오감,동물의 식물의 감각 기관
초등학교 4학년,1학기,과학,식물,동물의 식물의 감각 기관
초등학교 4학년,1학기,과학,기관,동물의 식물의 감각 기관
초등학교 4학년,1학기,과학,감각,동물의 식물의 감각 기관
초등학교 4학년,1학기,과학,사람,동물의 식물의 감각 기관
초등학교 4학년,1학기,과학,동물,동물의 식물의 감각 기관
초등학교 4학년,1학기,과학,식물의 한살이,동물의 식물의 감각 기관
초등학교 4학년,1학기,과학,동물의 한살이,동물의 식물의 감각 기관
초등학교 4학년,1학기,과학,식물의 생활,동물의 식물의 감각 기관
초등학교 4학년,1학기,과학,동물의 생활,동물의 식물의 감각 기관
초등학교 4학년,1학기,과학,오감,동물의 식물의 감각 기관
초등학교 5학년,1학기,과학,식물,동물의 식물의 감각 기관
초등학교 5학년,1학기,과학,기관,동물의 식물의 감각 기관
초등학교 5학년,1학기,과학,감각,동물의 식물의 감각 기관
초등학교 5학년,1학기,과학,사람,동물의 식물의 감각 기관
초등학교 5학년,1학기,과학,동물,동물의 식물의 감각 기관
초등학교 5학년,1학기,과학,식물의 한살이,동물의 식물의 감각 기관
초등학교 5학년,1학기,과학,동물의 한살이,동물의 식물의 감각 기관
초등학교 5학년,1학기,과학,식물의 생활,동물의 식물의 감각 기관
초등학교 5학년,1학기,과학,동물의 생활,동물의 식물의 감각 기관
초등학교 5학년,1학기,과학,오감,동물의 식물의 감각 기관
초등학교 3학년,공통,과학,상족암 군립 공원,우리나라의 지층
초등학교 3학년,공통,과학,화산과 지진,우리나라의 지층
초등학교 3학년,공통,과학,우리나라 지층,우리나라의 지층
초등학교 3학년,공통,과학,화산과 지진,우리나라의 지층
초등학교 3학년,공통,과학,서귀포 용머리 해안,우리나라의 지층
초등학교 3학년,공통,과학,화산과 지진,우리나라의 지층
초등학교 3학년,공통,과학,채석강,우리나라의 지층
초등학교 3학년,공통,과학,두무진,우리나라의 지층
초등학교 4학년,공통,과학,상족암 군립 공원,우리나라의 지층
초등학교 4학년,공통,과학,화산과 지진,우리나라의 지층
초등학교 4학년,공통,과학,우리나라 지층,우리나라의 지층
초등학교 4학년,공통,과학,화산과 지진,우리나라의 지층
초등학교 4학년,공통,과학,서귀포 용머리 해안,우리나라의 지층
초등학교 4학년,공통,과학,화산과 지진,우리나라의 지층
초등학교 4학년,공통,과학,채석강,우리나라의 지층
초등학교 4학년,공통,과학,두무진,우리나라의 지층
초등학교 3학년,공통,과학,소리가 만들어지는 원리,소리가 만들어지려면
초등학교 3학년,공통,과학,사람의 성대,소리가 만들어지려면
초등학교 3학년,공통,과학,소리의 성질  과,소리가 만들어지려면
초등학교 3학년,공통,과학,파동,소리가 만들어지려면
초등학교 3학년,공통,과학,소리의 성질,소리가 만들어지려면
초등학교 3학년,공통,과학,사람이 말할 수 있는 이유,소리가 만들어지려면
초등학교 3학년,공통,과학,목소리가 나는 원리,소리가 만들어지려면
초등학교 3학년,공통,과학,사람의 성대 구조,소리가 만들어지려면
초등학교 3학년,공통,과학,매질,소리의 전달
초등학교 3학년,공통,과학,소리의 성질,소리의 전달
초등학교 3학년,공통,과학,파동의 전파,소리의 전달
초등학교 3학년,공통,과학,공명의 위력,소리의 전달
초등학교 3학년,공통,과학,소리의 성질,소리의 전달
초등학교 3학년,공통,과학,소리의 전달,소리의 전달
초등학교 3학년,공통,과학,소리의 성질   소리의 성질,소리의 전달
초등학교 3학년,공통,과학,소리의 공명,소리의 전달
초등학교 4학년,공통,과학,매질,소리의 전달
초등학교 4학년,공통,과학,소리의 성질,소리의 전달
초등학교 4학년,공통,과학,파동의 전파,소리의 전달
초등학교 4학년,공통,과학,공명의 위력,소리의 전달
초등학교 4학년,공통,과학,소리의 성질,소리의 전달
초등학교 4학년,공통,과학,소리의 전달,소리의 전달
초등학교 4학년,공통,과학,소리의 성질   소리의 성질,소리의 전달
초등학교 4학년,공통,과학,소리의 공명,소리의 전달
초등학교 3학년,1학기,과학,재앙,지진
초등학교 3학년,1학기,과학,강진,지진
초등학교 3학년,1학기,과학,우리나라는 지진 안전지대인가,지진
초등학교 3학년,1학기,과학,지진,지진
초등학교 3학년,1학기,과학,화산과 지진,지진
초등학교 3학년,1학기,과학,불의 고리,지진
초등학교 3학년,1학기,과학,지층과 화석,지진
초등학교 4학년,1학기,과학,재앙,지진
초등학교 4학년,1학기,과학,강진,지진
초등학교 4학년,1학기,과학,우리나라는 지진 안전지대인가,지진
초등학교 4학년,1학기,과학,지진,지진
초등학교 4학년,1학기,과학,화산과 지진,지진
초등학교 4학년,1학기,과학,불의 고리,지진
초등학교 4학년,1학기,과학,지층과 화석,지진
초등학교 3학년,1학기,과학,피해,지진의 피해
초등학교 3학년,1학기,과학,쓰나미,지진의 피해
초등학교 3학년,1학기,과학,지진,지진의 피해
초등학교 3학년,1학기,과학,지진 해일,지진의 피해
초등학교 3학년,1학기,과학,화산과 지진,지진의 피해
초등학교 3학년,1학기,과학,지층과 화석,지진의 피해
초등학교 4학년,1학기,과학,피해,지진의 피해
초등학교 4학년,1학기,과학,쓰나미,지진의 피해
초등학교 4학년,1학기,과학,지진,지진의 피해
초등학교 4학년,1학기,과학,지진 해일,지진의 피해
초등학교 4학년,1학기,과학,화산과 지진,지진의 피해
초등학교 4학년,1학기,과학,지층과 화석,지진의 피해
초등학교 3학년,공통,과학,대나무 한살이,식물의 한살이
초등학교 3학년,공통,과학,식물의 한살이,식물의 한살이
초등학교 3학년,공통,과학,대나무,식물의 한살이
초등학교 3학년,공통,과학,식물의 한살이,식물의 한살이
초등학교 3학년,공통,과학,식물의 한살이,식물의 한살이
초등학교 3학년,공통,과학,해바라기,식물의 한살이
초등학교 3학년,공통,과학,식물의 한살,식물의 한살이
초등학교 3학년,공통,과학,해바라기 한살이,식물의 한살이
초등학교 4학년,공통,과학,대나무 한살이,식물의 한살이
초등학교 4학년,공통,과학,식물의 한살이,식물의 한살이
초등학교 4학년,공통,과학,대나무,식물의 한살이
초등학교 4학년,공통,과학,식물의 한살이,식물의 한살이
초등학교 4학년,공통,과학,식물의 한살이,식물의 한살이
초등학교 4학년,공통,과학,해바라기,식물의 한살이
초등학교 4학년,공통,과학,식물의 한살,식물의 한살이
초등학교 4학년,공통,과학,해바라기 한살이,식물의 한살이
초등학교 3학년,공통,과학,지방 종자,씨앗
초등학교 3학년,공통,과학,종자식물,씨앗
초등학교 3학년,공통,과학,떡잎,씨앗
초등학교 3학년,공통,과학,세상에서 가장 작은 씨앗,씨앗
초등학교 3학년,공통,과학,세상에서 가장 큰 씨앗,씨앗
초등학교 3학년,공통,과학,포자식물,씨앗
초등학교 3학년,공통,과학,식물의 한살이,씨앗
초등학교 3학년,공통,과학,민꽃식물,씨앗
초등학교 3학년,공통,과학,씨앗이 싹을 틔우는 과정,씨앗
초등학교 3학년,공통,과학,꽃식물,씨앗
초등학교 3학년,공통,과학,녹말 종자,씨앗
초등학교 3학년,공통,과학,씨앗,씨앗
초등학교 3학년,공통,과학,고대 거울,거울의 역사
초등학교 3학년,공통,과학,고대 흑요석 거울,거울의 역사
초등학교 3학년,공통,과학,거울과 그림자,거울의 역사
초등학교 3학년,공통,과학,거울과 그림자,거울의 역사
초등학교 3학년,공통,과학,거울의 역사,거울의 역사
초등학교 3학년,공통,과학,거울과,거울의 역사
초등학교 3학년,공통,과학,다뉴세문경,거울의 역사
초등학교 3학년,공통,과학,고대 금속 거울,거울의 역사
초등학교 3학년,공통,과학,우리나라의 거울의 역사,거울의 역사
초등학교 3학년,공통,과학,거울과 그림자,거울의 원리와 이용
초등학교 3학년,공통,과학,거울의 원리,거울의 원리와 이용
초등학교 3학년,공통,과학,오목 거울,거울의 원리와 이용
초등학교 3학년,공통,과학,정반사,거울의 원리와 이용
초등학교 3학년,공통,과학,거울 원리 이용,거울의 원리와 이용
초등학교 3학년,공통,과학,여러 가지 거울,거울의 원리와 이용
초등학교 3학년,공통,과학,반사의 법칙,거울의 원리와 이용
초등학교 3학년,공통,과학,빛의 반사,거울의 원리와 이용
초등학교 3학년,공통,과학,볼록 거울,거울의 원리와 이용
초등학교 3학년,공통,과학,물체를 보는 과정,거울의 원리와 이용
초등학교 3학년,공통,과학,평면 거울의 원리,거울의 원리와 이용
초등학교 3학년,공통,과학,난반사,거울의 원리와 이용
초등학교 4학년,1학기,과학,렌즈의 이용,거울의 원리와 이용
초등학교 4학년,1학기,과학,볼록,거울의 원리와 이용
초등학교 4학년,1학기,과학,거울과 그림자,거울의 원리와 이용
초등학교 4학년,1학기,과학,백화점,거울의 원리와 이용
초등학교 4학년,1학기,과학,거울,거울의 원리와 이용
초등학교 4학년,1학기,과학,오목,거울의 원리와 이용
초등학교 4학년,1학기,과학,숟가락,거울의 원리와 이용
초등학교 4학년,2학기,과학,렌즈의 이용,거울의 원리와 이용
초등학교 4학년,2학기,과학,볼록,거울의 원리와 이용
초등학교 4학년,2학기,과학,거울과 그림자,거울의 원리와 이용
초등학교 4학년,2학기,과학,백화점,거울의 원리와 이용
초등학교 4학년,2학기,과학,거울,거울의 원리와 이용
초등학교 4학년,2학기,과학,오목,거울의 원리와 이용
초등학교 4학년,2학기,과학,숟가락,거울의 원리와 이용
초등학교 6학년,1학기,과학,렌즈의 이용,거울의 원리와 이용
초등학교 6학년,1학기,과학,볼록,거울의 원리와 이용
초등학교 6학년,1학기,과학,거울과 그림자,거울의 원리와 이용
초등학교 6학년,1학기,과학,백화점,거울의 원리와 이용
초등학교 6학년,1학기,과학,거울,거울의 원리와 이용
초등학교 6학년,1학기,과학,오목,거울의 원리와 이용
초등학교 6학년,1학기,과학,숟가락,거울의 원리와 이용
초등학교 6학년,2학기,과학,렌즈의 이용,거울의 원리와 이용
초등학교 6학년,2학기,과학,볼록,거울의 원리와 이용
초등학교 6학년,2학기,과학,거울과 그림자,거울의 원리와 이용
초등학교 6학년,2학기,과학,백화점,거울의 원리와 이용
초등학교 6학년,2학기,과학,거울,거울의 원리와 이용
초등학교 6학년,2학기,과학,오목,거울의 원리와 이용
초등학교 6학년,2학기,과학,숟가락,거울의 원리와 이용
중학교 1학년,공통,과학,희토류의 활용,희토류
중학교 1학년,공통,과학,첨단,희토류
중학교 1학년,공통,과학,지구계와 지권의 변화,희토류
중학교 1학년,공통,과학,스마트폰,희토류
중학교 1학년,공통,과학,희토류,희토류
초등학교 5학년,공통,과학,광합성 산물의 이동,광합성의 산물
초등학교 5학년,공통,과학,뿌리에 양분을 저장하는 식물,광합성의 산물
초등학교 5학년,공통,과학,광합성 산물의 이용,광합성의 산물
초등학교 5학년,공통,과학,줄기에 양분을 저장하는 식물,광합성의 산물
초등학교 5학년,공통,과학,광합성 산물의 저장,광합성의 산물
초등학교 5학년,공통,과학,광합성의 산물,광합성의 산물
초등학교 5학년,공통,과학,식물의 구조와 기능,광합성의 산물
초등학교 5학년,공통,과학,광합성의 발견,광합성의 발견
초등학교 5학년,공통,과학,광합성 역할,광합성의 발견
초등학교 5학년,공통,과학,방사성 동위 원소,광합성의 발견
초등학교 5학년,공통,과학,광합성,광합성의 발견
초등학교 5학년,공통,과학,광합성에 필요한 물질,광합성의 발견
초등학교 5학년,공통,과학,프리스틀리의 실험,광합성의 발견
초등학교 5학년,공통,과학,광합성 과정과 반응식,광합성의 발견
초등학교 5학년,공통,과학,식물의 구조와 기능,광합성의 발견
초등학교 5학년,공통,과학,엽록체의 모습,엽록소와 엽록체
초등학교 5학년,공통,과학,고등학교,엽록소와 엽록체
초등학교 5학년,공통,과학,광합성,엽록소와 엽록체
초등학교 5학년,공통,과학,엽록소를 제거하는 방법,엽록소와 엽록체
초등학교 5학년,공통,과학,식물의 구조와 기능,엽록소와 엽록체
초등학교 5학년,공통,과학,잎의 단면 구조,엽록소와 엽록체
초등학교 5학년,공통,과학,엽록소,엽록소와 엽록체
초등학교 5학년,공통,과학,엽록체,엽록소와 엽록체
초등학교 5학년,공통,과학,식물의 구조와 기능,엽록소와 엽록체
초등학교 5학년,공통,과학,엽록소 종류,엽록소와 엽록체
초등학교 3학년,공통,과학,거울과 그림자,다양한 그림자 만들기
초등학교 3학년,공통,과학,색깔이 있는 그림자,다양한 그림자 만들기
초등학교 3학년,공통,과학,그림자의 크기,다양한 그림자 만들기
초등학교 3학년,공통,과학,거울과 그림자,다양한 그림자 만들기
초등학교 3학년,공통,과학,다양한 그림자 만들기,다양한 그림자 만들기
초등학교 3학년,공통,과학,물체와 그림자,다양한 그림자 만들기
초등학교 3학년,공통,과학,그림자의 모양,다양한 그림자 만들기
초등학교 3학년,공통,과학,그림자 인형극,다양한 그림자 만들기
초등학교 3학년,공통,과학,화산과 지진,화산의 분출
초등학교 3학년,공통,과학,화산 분출 실험,화산의 분출
초등학교 3학년,공통,과학,화산의 분출,화산의 분출
초등학교 3학년,공통,과학,화산의 분출 모습,화산의 분출
초등학교 3학년,공통,과학,화산과 지진,화산의 분출
초등학교 3학년,공통,과학,분출형 화산,화산의 분출
초등학교 3학년,공통,과학,화산 분출의 예방,화산의 분출
초등학교 3학년,공통,과학,화산과 지진,화산의 분출
초등학교 3학년,공통,과학,폭발형 화산,화산의 분출
초등학교 3학년,공통,과학,화산과 지진,화성암
초등학교 3학년,공통,과학,만들어진 방법에 따른 암석의 분류,화성암
초등학교 3학년,공통,과학,암석의 특징,화성암
초등학교 3학년,공통,과학,반려암,화성암
초등학교 3학년,공통,과학,유문암,화성암
초등학교 3학년,공통,과학,심성암의 종류,화성암
초등학교 3학년,공통,과학,화산암의 종류,화성암
초등학교 3학년,공통,과학,안산암,화성암
초등학교 3학년,공통,과학,화성암의 종류,화성암
초등학교 3학년,공통,과학,화강암,화성암
초등학교 3학년,공통,과학,현무암,화성암
초등학교 3학년,공통,과학,섬록암,화성암
초등학교 3학년,공통,과학,화성암,화성암
초등학교 3학년,1학기,과학,지층과 화석,화산 활동의 이로운 점과 해로운 점
초등학교 3학년,1학기,과학,자연재해,화산 활동의 이로운 점과 해로운 점
초등학교 3학년,1학기,과학,폭발,화산 활동의 이로운 점과 해로운 점
초등학교 3학년,1학기,과학,화산,화산 활동의 이로운 점과 해로운 점
초등학교 3학년,1학기,과학,용암,화산 활동의 이로운 점과 해로운 점
초등학교 3학년,1학기,과학,화산과 지진,화산 활동의 이로운 점과 해로운 점
초등학교 3학년,1학기,과학,시실리,화산 활동의 이로운 점과 해로운 점
초등학교 3학년,1학기,과학,화산재,화산 활동의 이로운 점과 해로운 점
초등학교 3학년,1학기,과학,폼페이,화산 활동의 이로운 점과 해로운 점
초등학교 4학년,1학기,과학,지층과 화석,화산 활동의 이로운 점과 해로운 점
초등학교 4학년,1학기,과학,자연재해,화산 활동의 이로운 점과 해로운 점
초등학교 4학년,1학기,과학,폭발,화산 활동의 이로운 점과 해로운 점
초등학교 4학년,1학기,과학,화산,화산 활동의 이로운 점과 해로운 점
초등학교 4학년,1학기,과학,용암,화산 활동의 이로운 점과 해로운 점
초등학교 4학년,1학기,과학,화산과 지진,화산 활동의 이로운 점과 해로운 점
초등학교 4학년,1학기,과학,시실리,화산 활동의 이로운 점과 해로운 점
초등학교 4학년,1학기,과학,화산재,화산 활동의 이로운 점과 해로운 점
초등학교 4학년,1학기,과학,폼페이,화산 활동의 이로운 점과 해로운 점
초등학교 3학년,공통,과학,"지층과 화석, 화산과 지진,   ,   ,  ,  , 화산, 화산의 피해, 화산의 분출, 화산재, 백두산, 우리나라의 화산, 활화산,",백두산은 활화산일까 휴화산일까
초등학교 4학년,공통,과학,"지층과 화석, 화산과 지진,   ,   ,  ,  , 화산, 화산의 피해, 화산의 분출, 화산재, 백두산, 우리나라의 화산, 활화산,",백두산은 활화산일까 휴화산일까
초등학교 3학년,공통,과학,대저울,저울의 역사
초등학교 3학년,공통,과학,무게 재기,저울의 역사
초등학교 3학년,공통,과학,무게 재기,저울의 역사
초등학교 3학년,공통,과학,무게 재기,저울의 역사
초등학교 3학년,공통,과학,저울,저울의 역사
초등학교 3학년,공통,과학,저울의 역사,저울의 역사
초등학교 3학년,공통,과학,우리나라에서 저울을 사용한 시기,저울의 역사
초등학교 3학년,공통,과학,약저울,저울의 역사
초등학교 3학년,공통,과학,저울의 종류,저울의 역사
초등학교 3학년,공통,과학,저울추,저울의 역사
초등학교 4학년,공통,과학,대저울,저울의 역사
초등학교 4학년,공통,과학,무게 재기,저울의 역사
초등학교 4학년,공통,과학,무게 재기,저울의 역사
초등학교 4학년,공통,과학,무게 재기,저울의 역사
초등학교 4학년,공통,과학,저울,저울의 역사
초등학교 4학년,공통,과학,저울의 역사,저울의 역사
초등학교 4학년,공통,과학,우리나라에서 저울을 사용한 시기,저울의 역사
초등학교 4학년,공통,과학,약저울,저울의 역사
초등학교 4학년,공통,과학,저울의 종류,저울의 역사
초등학교 4학년,공통,과학,저울추,저울의 역사
초등학교 3학년,공통,과학,무게 재기,전자 저울
초등학교 3학년,공통,과학,무게 재기,전자 저울
초등학교 3학년,공통,과학,무게 재기,전자 저울
초등학교 3학년,공통,과학,상업용 저울,전자 저울
초등학교 3학년,공통,과학,과적 단속 저울,전자 저울
초등학교 3학년,공통,과학,분석 저울,전자 저울
초등학교 3학년,공통,과학,전자 저울,전자 저울
초등학교 3학년,공통,과학,힘과 운동,전자 저울
초등학교 4학년,공통,과학,무게 재기,전자 저울
초등학교 4학년,공통,과학,무게 재기,전자 저울
초등학교 4학년,공통,과학,무게 재기,전자 저울
초등학교 4학년,공통,과학,상업용 저울,전자 저울
초등학교 4학년,공통,과학,과적 단속 저울,전자 저울
초등학교 4학년,공통,과학,분석 저울,전자 저울
초등학교 4학년,공통,과학,전자 저울,전자 저울
초등학교 4학년,공통,과학,힘과 운동,전자 저울
초등학교 5학년,공통,과학,우리 몸의 구조와 기능,거울 뉴런
초등학교 5학년,공통,과학,고등학교 생명,거울 뉴런
초등학교 5학년,공통,과학,거울 뉴런,거울 뉴런
초등학교 5학년,공통,과학,자극과 반응,거울 뉴런
초등학교 5학년,공통,과학,시냅스,거울 뉴런
초등학교 5학년,공통,과학,우리 몸의 구조와 기능,거울 뉴런
초등학교 5학년,공통,과학,거울 뉴런 연구의 한계,거울 뉴런
초등학교 5학년,공통,과학,거울 뉴런 발견,거울 뉴런
초등학교 3학년,공통,과학,이상한 고체,이상한 고체
초등학교 3학년,공통,과학,여러 성질을 가진 물질,이상한 고체
초등학교 3학년,공통,과학,물질의 분류,이상한 고체
초등학교 3학년,공통,과학,우리 생활과 물질,이상한 고체
초등학교 3학년,공통,과학,우리 생활과,이상한 고체
초등학교 3학년,공통,과학,혼합물,이상한 고체
초등학교 3학년,공통,과학,우블렉 현상,이상한 고체
초등학교 3학년,공통,과학,유리 공예,이상한 고체
초등학교 3학년,공통,과학,우리 생활과 물질,이상한 고체
초등학교 3학년,공통,과학,물체를 이루는 다양한 물질,물체와 물질
초등학교 3학년,공통,과학,물체와 물질,물체와 물질
초등학교 3학년,공통,과학,물질의 특성,물체와 물질
초등학교 3학년,공통,과학,우리 생활과 물질,물체와 물질
초등학교 3학년,공통,과학,물체,물체와 물질
초등학교 3학년,공통,과학,물질,물체와 물질
초등학교 3학년,공통,과학,물체를 이루고 있는 물질,물체와 물질
초등학교 3학년,공통,과학,가공,물체와 물질
초등학교 3학년,공통,과학,종이를 만드는 과정,물체와 물질
초등학교 3학년,공통,과학,우리 생활과 물질,물체와 물질
초등학교 3학년,공통,과학,자기 부상 열차의 장점,자기 부상 열차
초등학교 3학년,공통,과학,자기 부상 열차의 진행 원리,자기 부상 열차
초등학교 3학년,공통,과학,자기 부상 열차,자기 부상 열차
초등학교 3학년,공통,과학,자석을 이용해서 공중에 떠 있는 물체,자기 부상 열차
초등학교 3학년,공통,과학,자기 부상 열차의 보편화의 어려움,자기 부상 열차
초등학교 3학년,공통,과학,자석의 이용,자기 부상 열차
초등학교 3학년,1학기,과학,자철석,자석과 생활
초등학교 3학년,1학기,과학,우리 생활과 물질,자석과 생활
초등학교 3학년,1학기,과학,지구,자석과 생활
초등학교 3학년,1학기,과학,자석,자석과 생활
초등학교 3학년,1학기,과학,냉장고,자석과 생활
초등학교 5학년,공통,과학,우리 몸의 구조와 기능,맛을 느끼려면
초등학교 5학년,공통,과학,우리 몸의 구조와,맛을 느끼려면
초등학교 5학년,공통,과학,미각,맛을 느끼려면
초등학교 5학년,공통,과학,맛과 우리의 심리,맛을 느끼려면
초등학교 5학년,공통,과학,맛을 느끼는 과정,맛을 느끼려면
초등학교 5학년,공통,과학,우리 몸의 구조와 기능,맛을 느끼려면
초등학교 5학년,공통,과학,후각과 미각의 관계,맛을 느끼려면
초등학교 5학년,공통,과학,청각의 나이,청각과 귀의 건강
초등학교 5학년,공통,과학,우리 몸의 구조와 기능,청각과 귀의 건강
초등학교 5학년,공통,과학,청각의 성립,청각과 귀의 건강
초등학교 5학년,공통,과학,청각,청각과 귀의 건강
초등학교 5학년,공통,과학,틴벨과 청각의 나이,청각과 귀의 건강
초등학교 5학년,공통,과학,소리의 크기,청각과 귀의 건강
초등학교 5학년,공통,과학,귀의 건강,청각과 귀의 건강
초등학교 5학년,공통,과학,귀의 구조,청각과 귀의 건강
초등학교 5학년,공통,과학,우리 몸의,청각과 귀의 건강
초등학교 5학년,공통,과학,귀에 소리가 전달되는 과정,청각과 귀의 건강
초등학교 5학년,공통,과학,눈의 구조,"눈과 시각, 렌즈"
초등학교 5학년,공통,과학,렌즈,"눈과 시각, 렌즈"
초등학교 5학년,공통,과학,우리 몸의 구조와 기능,"눈과 시각, 렌즈"
초등학교 5학년,공통,과학,우리,"눈과 시각, 렌즈"
초등학교 5학년,공통,과학,시각의 성립,"눈과 시각, 렌즈"
초등학교 5학년,공통,과학,렌즈로 난시를 교정하는 원리,"눈과 시각, 렌즈"
초등학교 5학년,공통,과학,시각,"눈과 시각, 렌즈"
초등학교 5학년,공통,과학,렌즈로 시력을 교정하는 원리,"눈과 시각, 렌즈"
초등학교 5학년,공통,과학,눈의 기능,"눈과 시각, 렌즈"
초등학교 5학년,공통,과학,시각의 교정,"눈과 시각, 렌즈"
중학교 2학년,2학기,과학,피부,감각 기관의 종류와 구조
중학교 2학년,2학기,과학,소화,감각 기관의 종류와 구조
중학교 2학년,2학기,과학,구조,감각 기관의 종류와 구조
중학교 2학년,2학기,과학,배설,감각 기관의 종류와 구조
중학교 2학년,2학기,과학,순환,감각 기관의 종류와 구조
중학교 2학년,2학기,과학,감각기관,감각 기관의 종류와 구조
중학교 2학년,2학기,과학,호흡,감각 기관의 종류와 구조
중학교 2학년,2학기,과학,종류,감각 기관의 종류와 구조
중학교 2학년,2학기,과학,우리 몸의 구조와 기능,감각 기관의 종류와 구조
초등학교 5학년,2학기,과학,피부,감각 기관의 종류와 구조
초등학교 5학년,2학기,과학,소화,감각 기관의 종류와 구조
초등학교 5학년,2학기,과학,구조,감각 기관의 종류와 구조
초등학교 5학년,2학기,과학,배설,감각 기관의 종류와 구조
초등학교 5학년,2학기,과학,순환,감각 기관의 종류와 구조
초등학교 5학년,2학기,과학,감각기관,감각 기관의 종류와 구조
초등학교 5학년,2학기,과학,호흡,감각 기관의 종류와 구조
초등학교 5학년,2학기,과학,종류,감각 기관의 종류와 구조
초등학교 5학년,2학기,과학,우리 몸의 구조와 기능,감각 기관의 종류와 구조
초등학교 3학년,공통,과학,부력의 크기,밀도와 비중
초등학교 3학년,공통,과학,물체의 비중을 줄이는 방법,밀도와 비중
초등학교 3학년,공통,과학,밀도,밀도와 비중
초등학교 3학년,공통,과학,부력,밀도와 비중
초등학교 3학년,공통,과학,밀도와 비중,밀도와 비중
초등학교 3학년,공통,과학,물체와 물질,밀도와 비중
초등학교 3학년,공통,과학,물에 잘 뜨기 위한 방법,밀도와 비중
초등학교 3학년,공통,과학,비중,밀도와 비중
초등학교 3학년,공통,과학,여러 물질의 비중,밀도와 비중
초등학교 3학년,공통,과학,중력의 크기,밀도와 비중
초등학교 3학년,공통,과학,밀도와 비중 차이,밀도와 비중
초등학교 3학년,공통,과학,전개율,크로마토그래피와 도핑 테스트
초등학교 3학년,공통,과학,혼합물의 분리,크로마토그래피와 도핑 테스트
초등학교 3학년,공통,과학,혼합물의 분리,크로마토그래피와 도핑 테스트
초등학교 3학년,공통,과학,도핑 테스트,크로마토그래피와 도핑 테스트
초등학교 3학년,공통,과학,크로마토그래피의 장점,크로마토그래피와 도핑 테스트
초등학교 3학년,공통,과학,혼합물의 분리,크로마토그래피와 도핑 테스트
초등학교 3학년,공통,과학,크로마토그래피의 원리,크로마토그래피와 도핑 테스트
초등학교 3학년,공통,과학,크로마토그래피,크로마토그래피와 도핑 테스트
초등학교 4학년,공통,과학,전개율,크로마토그래피와 도핑 테스트
초등학교 4학년,공통,과학,혼합물의 분리,크로마토그래피와 도핑 테스트
초등학교 4학년,공통,과학,혼합물의 분리,크로마토그래피와 도핑 테스트
초등학교 4학년,공통,과학,도핑 테스트,크로마토그래피와 도핑 테스트
초등학교 4학년,공통,과학,크로마토그래피의 장점,크로마토그래피와 도핑 테스트
초등학교 4학년,공통,과학,혼합물의 분리,크로마토그래피와 도핑 테스트
초등학교 4학년,공통,과학,크로마토그래피의 원리,크로마토그래피와 도핑 테스트
초등학교 4학년,공통,과학,크로마토그래피,크로마토그래피와 도핑 테스트
중학교 3학년,공통,과학,저항,전기저항 줄이기
중학교 3학년,공통,과학,전기저항을 줄이는 방법,전기저항 줄이기
중학교 3학년,공통,과학,에너지소비효율등급,전기저항 줄이기
중학교 3학년,공통,과학,전기,전기저항 줄이기
중학교 3학년,공통,과학,에너지,전기저항 줄이기
중학교 3학년,공통,과학,전기저항,전기저항 줄이기
중학교 3학년,공통,과학,전기와 자기,전기저항 줄이기
중학교 3학년,공통,과학,효율,전기저항 줄이기
초등학교 5학년,2학기,과학,알칼리성식품,산성과 알칼리성의 의미
초등학교 5학년,2학기,과학,이온,산성과 알칼리성의 의미
초등학교 5학년,2학기,과학,전해질,산성과 알칼리성의 의미
초등학교 5학년,2학기,과학,연소와 소화,산성과 알칼리성의 의미
초등학교 5학년,2학기,과학,염기성,산성과 알칼리성의 의미
초등학교 5학년,2학기,과학,산성,산성과 알칼리성의 의미
초등학교 5학년,2학기,과학,알칼리성,산성과 알칼리성의 의미
초등학교 5학년,2학기,과학,산과 염기,산성과 알칼리성의 의미
초등학교 6학년,2학기,과학,알칼리성식품,산성과 알칼리성의 의미
초등학교 6학년,2학기,과학,이온,산성과 알칼리성의 의미
초등학교 6학년,2학기,과학,전해질,산성과 알칼리성의 의미
초등학교 6학년,2학기,과학,연소와 소화,산성과 알칼리성의 의미
초등학교 6학년,2학기,과학,염기성,산성과 알칼리성의 의미
초등학교 6학년,2학기,과학,산성,산성과 알칼리성의 의미
초등학교 6학년,2학기,과학,알칼리성,산성과 알칼리성의 의미
초등학교 6학년,2학기,과학,산과 염기,산성과 알칼리성의 의미
중학교 3학년,공통,과학,전지,화학 전지의 원리
중학교 3학년,공통,과학,화학,화학 전지의 원리
중학교 3학년,공통,과학,화학 전기의 발견,화학 전지의 원리
중학교 3학년,공통,과학,배터리를 오래 사용하는 방법,화학 전지의 원리
중학교 3학년,공통,과학,배터리,화학 전지의 원리
중학교 3학년,공통,과학,전기,화학 전지의 원리
중학교 3학년,공통,과학,볼타 전지의 작동 원리,화학 전지의 원리
중학교 3학년,공통,과학,전기와 자기,화학 전지의 원리
초등학교 3학년,1학기,과학,생물과 환경,흙의 중요성과 보전 방법
초등학교 3학년,1학기,과학,지표의 변화,흙의 중요성과 보전 방법
초등학교 3학년,1학기,과학,생명,흙의 중요성과 보전 방법
초등학교 3학년,1학기,과학,토양,흙의 중요성과 보전 방법
초등학교 3학년,1학기,과학,환경,흙의 중요성과 보전 방법
초등학교 6학년,1학기,과학,생물과 환경,흙의 중요성과 보전 방법
초등학교 6학년,1학기,과학,지표의 변화,흙의 중요성과 보전 방법
초등학교 6학년,1학기,과학,생명,흙의 중요성과 보전 방법
초등학교 6학년,1학기,과학,토양,흙의 중요성과 보전 방법
초등학교 6학년,1학기,과학,환경,흙의 중요성과 보전 방법
초등학교 3학년,공통,과학,무척추동물의 분류,동물의 분류
초등학교 3학년,공통,과학,동물의 분류,동물의 분류
초등학교 3학년,공통,과학,동물의 생활,동물의 분류
초등학교 3학년,공통,과학,척추동물의 분류,동물의 분류
초등학교 3학년,공통,과학,자연 분류,동물의 분류
초등학교 3학년,공통,과학,생물 분류,동물의 분류
초등학교 3학년,공통,과학,동물계의 분류,동물의 분류
초등학교 3학년,공통,과학,적 분류,동물의 분류
초등학교 3학년,공통,과학,희귀 동물,동물의 분류
초등학교 3학년,공통,과학,동물의 생활,동물의 분류
초등학교 3학년,공통,과학,생물계의 분류,동물의 분류
초등학교 3학년,공통,과학,동물의 생활,동물이란
초등학교 3학년,공통,과학,식물,동물이란
초등학교 3학년,공통,과학,동충하초,동물이란
초등학교 3학년,공통,과학,반려 동물,동물이란
초등학교 3학년,공통,과학,경계색을 띠는 동물들,동물이란
초등학교 3학년,공통,과학,동물과 식물의 차이점,동물이란
초등학교 3학년,공통,과학,동물,동물이란
초등학교 3학년,공통,과학,동물의 생활,동물이란
초등학교 3학년,공통,과학,여러가지 동충하초,동물이란
초등학교 3학년,공통,과학,보호색을 띠는 동물들,동물이란
초등학교 3학년,공통,과학,땅에 사는 동물,땅에 사는 동물
초등학교 3학년,공통,과학,동물의 생활,땅에 사는 동물
초등학교 3학년,공통,과학,땅 속에 사는 동물,땅에 사는 동물
초등학교 3학년,공통,과학,동물들의 다양한 이동 방법,땅에 사는 동물
초등학교 3학년,공통,과학,동물 이동 방법,땅에 사는 동물
초등학교 3학년,공통,과학,땅 위에 사는 동물,땅에 사는 동물
초등학교 3학년,공통,과학,동물의 생활,땅에 사는 동물
초등학교 3학년,공통,과학,물에 사는 동물,물에 사는 동물
초등학교 3학년,공통,과학,동물의 생활,물에 사는 동물
초등학교 3학년,공통,과학,호수에 사는 동물,물에 사는 동물
초등학교 3학년,공통,과학,강에 사는 동물,물에 사는 동물
초등학교 3학년,공통,과학,수서 곤충,물에 사는 동물
초등학교 3학년,공통,과학,다양한 물고기 모양,물에 사는 동물
초등학교 3학년,공통,과학,물속 환경 특징,물에 사는 동물
초등학교 3학년,공통,과학,바다에 사는 동물,물에 사는 동물
초등학교 3학년,공통,과학,동물의 생활,물에 사는 동물
중학교 3학년,1학기,과학,광어,동물의 생김새와 생활 방식
중학교 3학년,1학기,과학,유전과 진화,동물의 생김새와 생활 방식
중학교 3학년,1학기,과학,바다,동물의 생김새와 생활 방식
중학교 3학년,1학기,과학,생물과 환경,동물의 생김새와 생활 방식
중학교 3학년,1학기,과학,초ㅡㅇ,동물의 생김새와 생활 방식
중학교 3학년,1학기,과학,동물의 한살이,동물의 생김새와 생활 방식
중학교 3학년,1학기,과학,환경,동물의 생김새와 생활 방식
초등학교 3학년,1학기,과학,광어,동물의 생김새와 생활 방식
초등학교 3학년,1학기,과학,유전과 진화,동물의 생김새와 생활 방식
초등학교 3학년,1학기,과학,바다,동물의 생김새와 생활 방식
초등학교 3학년,1학기,과학,생물과 환경,동물의 생김새와 생활 방식
초등학교 3학년,1학기,과학,초ㅡㅇ,동물의 생김새와 생활 방식
초등학교 3학년,1학기,과학,동물의 한살이,동물의 생김새와 생활 방식
초등학교 3학년,1학기,과학,환경,동물의 생김새와 생활 방식
초등학교 6학년,1학기,과학,광어,동물의 생김새와 생활 방식
초등학교 6학년,1학기,과학,유전과 진화,동물의 생김새와 생활 방식
초등학교 6학년,1학기,과학,바다,동물의 생김새와 생활 방식
초등학교 6학년,1학기,과학,생물과 환경,동물의 생김새와 생활 방식
초등학교 6학년,1학기,과학,초ㅡㅇ,동물의 생김새와 생활 방식
초등학교 6학년,1학기,과학,동물의 한살이,동물의 생김새와 생활 방식
초등학교 6학년,1학기,과학,환경,동물의 생김새와 생활 방식
초등학교 6학년,공통,과학,레이저 빛의 특성,"강력한 인공의 빛, 레이저"
초등학교 6학년,공통,과학,빛과 파동,"강력한 인공의 빛, 레이저"
초등학교 6학년,공통,과학,레이저 작동 원리,"강력한 인공의 빛, 레이저"
초등학교 6학년,공통,과학,레이저 빛의 이용,"강력한 인공의 빛, 레이저"
초등학교 6학년,공통,과학,레이저를 만든 원리,"강력한 인공의 빛, 레이저"
초등학교 6학년,공통,과학,유도 방출의 원리,"강력한 인공의 빛, 레이저"
초등학교 6학년,공통,과학,레이저,"강력한 인공의 빛, 레이저"
초등학교 6학년,공통,과학,고등학교 물리 파동,"강력한 인공의 빛, 레이저"
초등학교 6학년,공통,과학,신기루,빛과 파동 - 빛의 합성
초등학교 6학년,공통,과학,신기루의 원리,빛과 파동 - 빛의 합성
초등학교 6학년,공통,과학,빛과 파동,빛과 파동 - 빛의 합성
초등학교 6학년,공통,과학,빛의 굴절 현상이 일어나는 이유,빛과 파동 - 빛의 합성
초등학교 6학년,공통,과학,신기루가 일어나는 이유,빛과 파동 - 빛의 합성
초등학교 6학년,공통,과학,고등학교 물리 소리와 빛,빛과 파동 - 빛의 합성
초등학교 6학년,공통,과학,신기루 현상,빛과 파동 - 빛의 합성
초등학교 6학년,공통,과학,간섭 현상,"완전한 영상의 구현, 홀로그램"
초등학교 6학년,공통,과학,빛과 파동,"완전한 영상의 구현, 홀로그램"
초등학교 6학년,공통,과학,홀로그램,"완전한 영상의 구현, 홀로그램"
초등학교 6학년,공통,과학,고등학교 물리 소리와 빛,"완전한 영상의 구현, 홀로그램"
초등학교 6학년,공통,과학,홀로그램 재생 원리,"완전한 영상의 구현, 홀로그램"
초등학교 6학년,공통,과학,3차원 영상을 기록할 수 있는 이유,"완전한 영상의 구현, 홀로그램"
초등학교 6학년,공통,과학,홀로그램 기록,"완전한 영상의 구현, 홀로그램"
초등학교 3학년,공통,과학,목소리가 차이나는 이유,사람의 목소리
초등학교 3학년,공통,과학,사람들의 음높이가 다른 이유,사람의 목소리
초등학교 3학년,공통,과학,내 목소리를 듣는 과정,사람의 목소리
초등학교 3학년,공통,과학,소리의 성질,사람의 목소리
초등학교 3학년,공통,과학,목소리가 나는 방법,사람의 목소리
초등학교 3학년,공통,과학,듣기 좋은 목소리,사람의 목소리
초등학교 3학년,공통,과학,목소리,사람의 목소리
초등학교 3학년,공통,과학,목소리 생성 과정,사람의 목소리
초등학교 3학년,공통,과학,초음속 비행기,초음파와 초음속의 세계
초등학교 3학년,공통,과학,초음파를 이용하는 동물,초음파와 초음속의 세계
초등학교 3학년,공통,과학,소닉 붐 현상,초음파와 초음속의 세계
초등학교 3학년,공통,과학,초음속,초음파와 초음속의 세계
초등학교 3학년,공통,과학,소닉 붐의 원리,초음파와 초음속의 세계
초등학교 3학년,공통,과학,소리의 성질,초음파와 초음속의 세계
초등학교 3학년,공통,과학,소리의 성질,초음파와 초음속의 세계
초등학교 3학년,공통,과학,초음파,초음파와 초음속의 세계
초등학교 3학년,공통,과학,소닉 붐,초음파와 초음속의 세계
초등학교 3학년,공통,과학,수증기 응축 현상,초음파와 초음속의 세계
초등학교 5학년,공통,과학,끓는접,성층권에서 뛰어내리기
초등학교 5학년,공통,과학,높이에 따른 대기권의 분류,성층권에서 뛰어내리기
초등학교 5학년,공통,과학,체액 비등증,성층권에서 뛰어내리기
초등학교 5학년,공통,과학,대기권,성층권에서 뛰어내리기
초등학교 5학년,공통,과학,날씨와 우리 생활,성층권에서 뛰어내리기
초등학교 5학년,공통,과학,날씨와 우리 생활,성층권에서 뛰어내리기
초등학교 5학년,공통,과학,성층권,성층권에서 뛰어내리기
초등학교 5학년,공통,과학,자유낙하,성층권에서 뛰어내리기
초등학교 5학년,공통,과학,펠릭스 바움가르트너의 우주복,성층권에서 뛰어내리기
초등학교 5학년,공통,과학,기압,성층권에서 뛰어내리기
초등학교 5학년,공통,과학,수압,기압과 토리첼리의 실험
초등학교 5학년,공통,과학,높이에 따른 기압의 차이,기압과 토리첼리의 실험
초등학교 5학년,공통,과학,파스칼,기압과 토리첼리의 실험
초등학교 5학년,공통,과학,토리첼리의 진공,기압과 토리첼리의 실험
초등학교 5학년,공통,과학,손 펌프의 원리,기압과 토리첼리의 실험
초등학교 5학년,공통,과학,날씨와 우리 생활,기압과 토리첼리의 실험
초등학교 5학년,공통,과학,토리첼리의 실험,기압과 토리첼리의 실험
초등학교 5학년,공통,과학,날씨와 우리 생활,기압과 토리첼리의 실험
초등학교 5학년,공통,과학,기권,기압과 토리첼리의 실험
초등학교 5학년,공통,과학,기압계,기압과 토리첼리의 실험
초등학교 5학년,공통,과학,기압,기압과 토리첼리의 실험
초등학교 5학년,공통,과학,무회전 킥,회전 킥과 무회전 킥
초등학교 5학년,공통,과학,기권과 우리 생활,회전 킥과 무회전 킥
초등학교 5학년,공통,과학,회전 킥,회전 킥과 무회전 킥
초등학교 5학년,공통,과학,날씨와 우리 생활,회전 킥과 무회전 킥
초등학교 5학년,공통,과학,날씨와 우리 생활,회전 킥과 무회전 킥
초등학교 5학년,공통,과학,베르누이의 정리,회전 킥과 무회전 킥
초등학교 5학년,공통,과학,카르만 소용돌이,회전 킥과 무회전 킥
초등학교 5학년,공통,과학,마그누스 효과,회전 킥과 무회전 킥
초등학교 5학년,공통,과학,다이어트의 방법,비만과 다이어트
초등학교 5학년,공통,과학,초등,비만과 다이어트
초등학교 5학년,공통,과학,우리 몸의 구조와 기능,비만과 다이어트
초등학교 5학년,공통,과학,다이어트 효과적인 방법,비만과 다이어트
초등학교 5학년,공통,과학,비만,비만과 다이어트
초등학교 5학년,공통,과학,다이어트,비만과 다이어트
초등학교 5학년,공통,과학,다이어트 종류,비만과 다이어트
초등학교 5학년,공통,과학,우리 몸의 구조와 기능,비만과 다이어트
초등학교 5학년,공통,과학,비만이 몸에 좋지 않은 이유,비만과 다이어트
초등학교 5학년,공통,과학,이동식 과속 단속 카메라 원리,속력 측정 장치
초등학교 5학년,공통,과학,물체의 속력,속력 측정 장치
초등학교 5학년,공통,과학,물체의 속력,속력 측정 장치
초등학교 5학년,공통,과학,속력 측정 장치,속력 측정 장치
초등학교 5학년,공통,과학,과속 단속 카메라 종류,속력 측정 장치
초등학교 5학년,공통,과학,고정식 과속 단속 카메라 원리,속력 측정 장치
초등학교 5학년,공통,과학,고등학교  물체의,속력 측정 장치
초등학교 5학년,공통,과학,자동차 속력계,속력이란
초등학교 5학년,공통,과학,속력,속력이란
초등학교 5학년,공통,과학,음식물 속 물 분자들의 정렬 모습,속력이란
초등학교 5학년,공통,과학,전자기파의 파장,속력이란
초등학교 5학년,공통,과학,물체의 속력,속력이란
초등학교 5학년,공통,과학,고등학교,속력이란
초등학교 5학년,공통,과학,빛의 속력,속력이란
초등학교 5학년,공통,과학,물체의 속력,속력이란
초등학교 5학년,공통,과학,갈릴레이의 빛의 속력 측정 실험,속력이란
초등학교 5학년,공통,과학,왜소행성,명왕성의 퇴출
초등학교 5학년,공통,과학,플루토이드,명왕성의 퇴출
초등학교 5학년,공통,과학,태양계와 별,명왕성의 퇴출
초등학교 5학년,공통,과학,태양계,명왕성의 퇴출
초등학교 5학년,공통,과학,명왕성 공전 궤도,명왕성의 퇴출
초등학교 5학년,공통,과학,명왕성의 퇴출,명왕성의 퇴출
초등학교 5학년,공통,과학,명왕성의 위성,명왕성의 퇴출
초등학교 5학년,공통,과학,해왕성 공전 궤도,명왕성의 퇴출
초등학교 5학년,공통,과학,태양계와 별,명왕성의 퇴출
초등학교 5학년,공통,과학,핵융합 에너지 발생 원리,태양
초등학교 5학년,공통,과학,태양계와 별,태양
초등학교 5학년,공통,과학,태양계,태양
초등학교 5학년,공통,과학,태양이 만들어진 과정,태양
초등학교 5학년,공통,과학,태양,태양
초등학교 5학년,공통,과학,태양의 흑점,태양
초등학교 5학년,공통,과학,흑점 수의 주기,태양
초등학교 5학년,공통,과학,태양의 구조,태양
초등학교 5학년,공통,과학,태양계와 별,태양
초등학교 5학년,공통,과학,항성,태양
초등학교 5학년,공통,과학,화성의 생김새,수성·금성·지구·화성
초등학교 5학년,공통,과학,화성의 특징,수성·금성·지구·화성
초등학교 5학년,공통,과학,화성,수성·금성·지구·화성
초등학교 5학년,공통,과학,금성의 특징,수성·금성·지구·화성
초등학교 5학년,공통,과학,태양계와 별,수성·금성·지구·화성
초등학교 5학년,공통,과학,지구의 특징,수성·금성·지구·화성
초등학교 5학년,공통,과학,수성의 생김새,수성·금성·지구·화성
초등학교 5학년,공통,과학,수성의 특징,수성·금성·지구·화성
초등학교 5학년,공통,과학,금성의 생김새,수성·금성·지구·화성
초등학교 5학년,공통,과학,지구의 생김새,수성·금성·지구·화성
초등학교 5학년,공통,과학,수성,수성·금성·지구·화성
초등학교 5학년,공통,과학,금성,수성·금성·지구·화성
초등학교 5학년,공통,과학,지구형 행성,수성·금성·지구·화성
초등학교 5학년,공통,과학,지구,수성·금성·지구·화성
초등학교 3학년,공통,과학,식물의 세계,생태계 파괴와 멸종 위기 동물
초등학교 3학년,공통,과학,멸종 위기 야생 동물,생태계 파괴와 멸종 위기 동물
초등학교 3학년,공통,과학,동물의 세계,생태계 파괴와 멸종 위기 동물
초등학교 3학년,공통,과학,생태계 파괴,생태계 파괴와 멸종 위기 동물
초등학교 3학년,공통,과학,식물의,생태계 파괴와 멸종 위기 동물
초등학교 3학년,공통,과학,멸종 위기 야생 식물,생태계 파괴와 멸종 위기 동물
초등학교 3학년,공통,과학,멸종 위기 동물,생태계 파괴와 멸종 위기 동물
초등학교 3학년,공통,과학,동물의 세계,생태계 파괴와 멸종 위기 동물
초등학교 4학년,공통,과학,식물의 세계,생태계 파괴와 멸종 위기 동물
초등학교 4학년,공통,과학,멸종 위기 야생 동물,생태계 파괴와 멸종 위기 동물
초등학교 4학년,공통,과학,동물의 세계,생태계 파괴와 멸종 위기 동물
초등학교 4학년,공통,과학,생태계 파괴,생태계 파괴와 멸종 위기 동물
초등학교 4학년,공통,과학,식물의,생태계 파괴와 멸종 위기 동물
초등학교 4학년,공통,과학,멸종 위기 야생 식물,생태계 파괴와 멸종 위기 동물
초등학교 4학년,공통,과학,멸종 위기 동물,생태계 파괴와 멸종 위기 동물
초등학교 4학년,공통,과학,동물의 세계,생태계 파괴와 멸종 위기 동물
초등학교 3학년,공통,과학,식물의 세계,생태계 교란
초등학교 3학년,공통,과학,생태계 교란,생태계 교란
초등학교 3학년,공통,과학,식물의 세계,생태계 교란
초등학교 3학년,공통,과학,생태계와,생태계 교란
초등학교 3학년,공통,과학,동물의 세계,생태계 교란
초등학교 3학년,공통,과학,생태계 교란 야생 생물,생태계 교란
초등학교 3학년,공통,과학,동물의 세계,생태계 교란
초등학교 4학년,공통,과학,식물의 세계,생태계 교란
초등학교 4학년,공통,과학,생태계 교란,생태계 교란
초등학교 4학년,공통,과학,식물의 세계,생태계 교란
초등학교 4학년,공통,과학,생태계와,생태계 교란
초등학교 4학년,공통,과학,동물의 세계,생태계 교란
초등학교 4학년,공통,과학,생태계 교란 야생 생물,생태계 교란
초등학교 4학년,공통,과학,동물의 세계,생태계 교란
초등학교 3학년,공통,과학,공생 관계에 있는 동물,공생 관계에 있는 동식물
초등학교 3학년,공통,과학,기생,공생 관계에 있는 동식물
초등학교 3학년,공통,과학,동물의 세계,공생 관계에 있는 동식물
초등학교 3학년,공통,과학,공생 관계에 있는 식물,공생 관계에 있는 동식물
초등학교 3학년,공통,과학,상리 공생,공생 관계에 있는 동식물
초등학교 3학년,공통,과학,편리 공생,공생 관계에 있는 동식물
초등학교 3학년,공통,과학,식물의,공생 관계에 있는 동식물
초등학교 3학년,공통,과학,동물의 세계,공생 관계에 있는 동식물
초등학교 3학년,공통,과학,공생 관계,공생 관계에 있는 동식물
초등학교 3학년,공통,과학,편해 공생,공생 관계에 있는 동식물
초등학교 3학년,2학기,과학,바다,생태계 평형의 중요성
초등학교 3학년,2학기,과학,해양,생태계 평형의 중요성
초등학교 3학년,2학기,과학,갯벌의 다양한 기능,생태계 평형의 중요성
초등학교 3학년,2학기,과학,갯벌,생태계 평형의 중요성
초등학교 3학년,2학기,과학,식물의 생활,생태계 평형의 중요성
초등학교 3학년,2학기,과학,동물의 생활,생태계 평형의 중요성
초등학교 3학년,2학기,과학,환경,생태계 평형의 중요성
초등학교 3학년,2학기,과학,오염,생태계 평형의 중요성
초등학교 4학년,2학기,과학,바다,생태계 평형의 중요성
초등학교 4학년,2학기,과학,해양,생태계 평형의 중요성
초등학교 4학년,2학기,과학,갯벌의 다양한 기능,생태계 평형의 중요성
초등학교 4학년,2학기,과학,갯벌,생태계 평형의 중요성
초등학교 4학년,2학기,과학,식물의 생활,생태계 평형의 중요성
초등학교 4학년,2학기,과학,동물의 생활,생태계 평형의 중요성
초등학교 4학년,2학기,과학,환경,생태계 평형의 중요성
초등학교 4학년,2학기,과학,오염,생태계 평형의 중요성
중학교 3학년,공통,과학,벌집군집붕괴현상,벌집군집붕괴현상
중학교 3학년,공통,과학,유전과 진화,벌집군집붕괴현상
중학교 3학년,공통,과학,벌집,벌집군집붕괴현상
중학교 3학년,공통,과학,꿀벌이 사라지는 이유,벌집군집붕괴현상
중학교 3학년,공통,과학,꿀벌,벌집군집붕괴현상
초등학교 5학년,공통,과학,일기 예보의 과정,일기 예보의 요소
초등학교 5학년,공통,과학,날씨와 우리 생활,일기 예보의 요소
초등학교 5학년,공통,과학,일기 예보의 요소,일기 예보의 요소
초등학교 5학년,공통,과학,일기도 예,일기 예보의 요소
초등학교 5학년,공통,과학,일기도에 쓰이는 기호,일기 예보의 요소
초등학교 5학년,공통,과학,일기도 기입의 예,일기 예보의 요소
초등학교 5학년,공통,과학,일기 예보의 각 요소,일기 예보의 요소
초등학교 5학년,공통,과학,일기 예보가 이루어지는 과정,일기 예보의 요소
중학교 2학년,2학기,과학,기상,일기 예보와 기상 위성
중학교 2학년,2학기,과학,기권과 우리 생활,일기 예보와 기상 위성
중학교 2학년,2학기,과학,위성,일기 예보와 기상 위성
중학교 2학년,2학기,과학,일기 예보로 전,일기 예보와 기상 위성
중학교 2학년,2학기,과학,기상청,일기 예보와 기상 위성
중학교 2학년,2학기,과학,날씨,일기 예보와 기상 위성
중학교 2학년,2학기,과학,천리안 위성,일기 예보와 기상 위성
중학교 2학년,2학기,과학,계절의 변화,일기 예보와 기상 위성
초등학교 6학년,2학기,과학,기상,일기 예보와 기상 위성
초등학교 6학년,2학기,과학,기권과 우리 생활,일기 예보와 기상 위성
초등학교 6학년,2학기,과학,위성,일기 예보와 기상 위성
초등학교 6학년,2학기,과학,일기 예보로 전,일기 예보와 기상 위성
초등학교 6학년,2학기,과학,기상청,일기 예보와 기상 위성
초등학교 6학년,2학기,과학,날씨,일기 예보와 기상 위성
초등학교 6학년,2학기,과학,천리안 위성,일기 예보와 기상 위성
초등학교 6학년,2학기,과학,계절의 변화,일기 예보와 기상 위성
초등학교 3학년,공통,과학,펭귄 성장과정,펭귄·큰코뿔새·거북의 한살이
초등학교 3학년,공통,과학,펭귄 한살이,펭귄·큰코뿔새·거북의 한살이
초등학교 3학년,공통,과학,바다거북 생존 기간,펭귄·큰코뿔새·거북의 한살이
초등학교 3학년,공통,과학,큰코뿔새 생김새,펭귄·큰코뿔새·거북의 한살이
초등학교 3학년,공통,과학,펭귄 특징,펭귄·큰코뿔새·거북의 한살이
초등학교 3학년,공통,과학,동물의 한살이,펭귄·큰코뿔새·거북의 한살이
초등학교 3학년,공통,과학,거북 한살이,펭귄·큰코뿔새·거북의 한살이
초등학교 3학년,공통,과학,큰코뿔새 한살이,펭귄·큰코뿔새·거북의 한살이
초등학교 3학년,공통,과학,모래 온도에 따른 바다거북 성별,펭귄·큰코뿔새·거북의 한살이
초등학교 3학년,공통,과학,잠자리 비행,잠자리의 한살이
초등학교 3학년,공통,과학,동물의  한살이,잠자리의 한살이
초등학교 3학년,공통,과학,잠자리 성장과정,잠자리의 한살이
초등학교 3학년,공통,과학,동물의 한살이,잠자리의 한살이
초등학교 3학년,공통,과학,동물의,잠자리의 한살이
초등학교 3학년,공통,과학,잠자리가 나는 방법,잠자리의 한살이
초등학교 3학년,공통,과학,잠자리 짝짓기,잠자리의 한살이
초등학교 3학년,공통,과학,잠자리 한살이,잠자리의 한살이
초등학교 3학년,공통,과학,잠자리 부화,잠자리의 한살이
초등학교 3학년,공통,과학,박쥐 한살이,캥거루·박쥐의 한살이
초등학교 3학년,공통,과학,동물의,캥거루·박쥐의 한살이
초등학교 3학년,공통,과학,동물의  한살이,캥거루·박쥐의 한살이
초등학교 3학년,공통,과학,비막,캥거루·박쥐의 한살이
초등학교 3학년,공통,과학,박쥐 임신,캥거루·박쥐의 한살이
초등학교 3학년,공통,과학,동물의 한살이,캥거루·박쥐의 한살이
초등학교 3학년,공통,과학,동물의  한살이,캥거루·박쥐의 한살이
초등학교 3학년,공통,과학,캥거루 한살이,캥거루·박쥐의 한살이
초등학교 3학년,공통,과학,캥거루 성장 과정,캥거루·박쥐의 한살이
초등학교 4학년,공통,과학,박쥐 한살이,캥거루·박쥐의 한살이
초등학교 4학년,공통,과학,동물의,캥거루·박쥐의 한살이
초등학교 4학년,공통,과학,동물의  한살이,캥거루·박쥐의 한살이
초등학교 4학년,공통,과학,비막,캥거루·박쥐의 한살이
초등학교 4학년,공통,과학,박쥐 임신,캥거루·박쥐의 한살이
초등학교 4학년,공통,과학,동물의 한살이,캥거루·박쥐의 한살이
초등학교 4학년,공통,과학,동물의  한살이,캥거루·박쥐의 한살이
초등학교 4학년,공통,과학,캥거루 한살이,캥거루·박쥐의 한살이
초등학교 4학년,공통,과학,캥거루 성장 과정,캥거루·박쥐의 한살이
초등학교 3학년,공통,과학,난생,동물의 한살이
초등학교 3학년,공통,과학,구애 행동,동물의 한살이
초등학교 3학년,공통,과학,동물 짝짓기,동물의 한살이
초등학교 3학년,공통,과학,태생,동물의 한살이
초등학교 3학년,공통,과학,구애 활동,동물의 한살이
초등학교 3학년,공통,과학,동물의  한살이,동물의 한살이
초등학교 3학년,공통,과학,동물의 한살,동물의 한살이
초등학교 3학년,공통,과학,동물,동물의 한살이
초등학교 3학년,공통,과학,동물의 한살이,동물의 한살이
초등학교 3학년,공통,과학,짝짓기,동물의 한살이
초등학교 3학년,공통,과학,동물의  한살이,동물의 한살이
초등학교 4학년,공통,과학,난생,동물의 한살이
초등학교 4학년,공통,과학,구애 행동,동물의 한살이
초등학교 4학년,공통,과학,동물 짝짓기,동물의 한살이
초등학교 4학년,공통,과학,태생,동물의 한살이
초등학교 4학년,공통,과학,구애 활동,동물의 한살이
초등학교 4학년,공통,과학,동물의  한살이,동물의 한살이
초등학교 4학년,공통,과학,동물의 한살,동물의 한살이
초등학교 4학년,공통,과학,동물,동물의 한살이
초등학교 4학년,공통,과학,동물의 한살이,동물의 한살이
초등학교 4학년,공통,과학,짝짓기,동물의 한살이
초등학교 4학년,공통,과학,동물의  한살이,동물의 한살이
초등학교 3학년,공통,과학,천리안위성의 주요 임무,일기 예보의 정확성
초등학교 3학년,공통,과학,날씨와 우리 생활,일기 예보의 정확성
초등학교 3학년,공통,과학,6학,일기 예보의 정확성
초등학교 3학년,공통,과학,일기 예보 정확성,일기 예보의 정확성
초등학교 3학년,공통,과학,날씨와 우리 생활,일기 예보의 정확성
초등학교 3학년,공통,과학,일기예보에 투입되는 기상 자료,일기 예보의 정확성
초등학교 3학년,공통,과학,일기 예보,일기 예보의 정확성
초등학교 3학년,공통,과학,일기예보의 발전,일기 예보의 정확성
중학교 2학년,공통,과학,기권과 우리 생활,날씨와 우리 생활
중학교 2학년,공통,과학,측우기의 구성,날씨와 우리 생활
중학교 2학년,공통,과학,보물 561호,날씨와 우리 생활
중학교 2학년,공통,과학,측우기,날씨와 우리 생활
중학교 2학년,공통,과학,날씨,날씨와 우리 생활
중학교 2학년,공통,과학,측우기의 원리,날씨와 우리 생활
중학교 2학년,공통,과학,적으로 설계된 측우기,날씨와 우리 생활
중학교 2학년,공통,과학,금영 측우기,날씨와 우리 생활
초등학교 3학년,공통,과학,액체와 기체,잠수함 만들기
초등학교 3학년,공통,과학,여러,잠수함 만들기
초등학교 3학년,공통,과학,솟아오르는 잠수함 만들기,잠수함 만들기
초등학교 3학년,공통,과학,다공성,잠수함 만들기
초등학교 3학년,공통,과학,저절로 부푸는 풍성,잠수함 만들기
초등학교 3학년,공통,과학,밸러스터,잠수함 만들기
초등학교 3학년,공통,과학,잠수함 만들기,잠수함 만들기
초등학교 3학년,공통,과학,잠수함의 부력 탱크,잠수함 만들기
초등학교 3학년,공통,과학,액체와 기체,잠수함 만들기
중학교 1학년,2학기,과학,부피,기체의 부피 변화를 이용한 물건
중학교 1학년,2학기,과학,액체와 기체,기체의 부피 변화를 이용한 물건
중학교 1학년,2학기,과학,열에 따른 기체 부피,기체의 부피 변화를 이용한 물건
중학교 1학년,2학기,과학,분자 운동과 상태 변화,기체의 부피 변화를 이용한 물건
중학교 1학년,2학기,과학,여름철 타이어 폭발,기체의 부피 변화를 이용한 물건
중학교 1학년,2학기,과학,기체,기체의 부피 변화를 이용한 물건
초등학교 3학년,2학기,과학,부피,기체의 부피 변화를 이용한 물건
초등학교 3학년,2학기,과학,액체와 기체,기체의 부피 변화를 이용한 물건
초등학교 3학년,2학기,과학,열에 따른 기체 부피,기체의 부피 변화를 이용한 물건
초등학교 3학년,2학기,과학,분자 운동과 상태 변화,기체의 부피 변화를 이용한 물건
초등학교 3학년,2학기,과학,여름철 타이어 폭발,기체의 부피 변화를 이용한 물건
초등학교 3학년,2학기,과학,기체,기체의 부피 변화를 이용한 물건
초등학교 6학년,공통,과학,에너지,전기 에너지 절약 방법
초등학교 6학년,공통,과학,에너지,전기 에너지 절약 방법
초등학교 6학년,공통,과학,힘과 운동,전기 에너지 절약 방법
초등학교 6학년,공통,과학,전기 에너지 절약 방법,전기 에너지 절약 방법
중학교 2학년,공통,과학,에너지 하베스팅,에너지 하베스팅
중학교 2학년,공통,과학,일과 에너지 전환,에너지 하베스팅
중학교 2학년,공통,과학,에너지,에너지 하베스팅
중학교 2학년,공통,과학,기술,에너지 하베스팅
중학교 2학년,공통,과학,에너지 하베스팅의 종류,에너지 하베스팅
중학교 2학년,공통,과학,재활용,에너지 하베스팅
중학교 2학년,공통,과학,발명,에너지 절약을 위한 발명품
중학교 2학년,공통,과학,절약,에너지 절약을 위한 발명품
중학교 2학년,공통,과학,일과 에너지 전환,에너지 절약을 위한 발명품
중학교 2학년,공통,과학,태양광을 이용한 압축 쓰레기통,에너지 절약을 위한 발명품
중학교 2학년,공통,과학,에너지를 절약해야 하는 이유,에너지 절약을 위한 발명품
중학교 2학년,공통,과학,압전패드,에너지 절약을 위한 발명품
중학교 2학년,공통,과학,에너지,에너지 절약을 위한 발명품
중학교 2학년,공통,과학,레볼루션 도어,에너지 절약을 위한 발명품
초등학교 6학년,공통,과학,움직 도르래,도르래의 이용
초등학교 6학년,공통,과학,도르래 이용,도르래의 이용
초등학교 6학년,공통,과학,고정 도르래,도르래의 이용
초등학교 6학년,공통,과학,복합 도르래,도르래의 이용
초등학교 6학년,공통,과학,움직 도르래가 사용되는 곳,도르래의 이용
초등학교 6학년,공통,과학,에너지,도르래의 이용
초등학교 6학년,공통,과학,도르래,도르래의 이용
초등학교 6학년,공통,과학,에너지,도르래의 이용
초등학교 6학년,공통,과학,움직 도르래 이용,도르래의 이용
초등학교 6학년,공통,과학,도르래 종류,도르래의 이용
초등학교 6학년,공통,과학,고정 도르래 이용,도르래의 이용
초등학교 6학년,공통,과학,3종 지레의 원리를 응용한 물건,지레의 이용
초등학교 6학년,공통,과학,지레를 이용하면 좋은 점,지레의 이용
초등학교 6학년,공통,과학,2종 지레의 원리,지레의 이용
초등학교 6학년,공통,과학,1종 지레의 원리,지레의 이용
초등학교 6학년,공통,과학,3종 지레의 원리,지레의 이용
초등학교 6학년,공통,과학,에너지,지레의 이용
초등학교 6학년,공통,과학,에너,지레의 이용
초등학교 6학년,공통,과학,지레의 이용,지레의 이용
초등학교 6학년,공통,과학,지레의 원리,지레의 이용
초등학교 6학년,공통,과학,생활 속 경사면의 원리,경사면의 이용
초등학교 6학년,공통,과학,나사못의 원리,경사면의 이용
초등학교 6학년,공통,과학,에너지,경사면의 이용
초등학교 6학년,공통,과학,나사못에 사용된 경사면의 원리,경사면의 이용
초등학교 6학년,공통,과학,에너지,경사면의 이용
초등학교 6학년,공통,과학,경사면,경사면의 이용
초등학교 6학년,공통,과학,피라미드,경사면의 이용
초등학교 6학년,공통,과학,경사면 이용,경사면의 이용
초등학교 6학년,공통,과학,힘과 운동,경사면의 이용
초등학교 6학년,공통,과학,축바퀴 이용,축바퀴의 이용
초등학교 6학년,공통,과학,축바퀴의 이용,축바퀴의 이용
초등학교 6학년,공통,과학,야구방망이를 통한 축바퀴의 원리,축바퀴의 이용
초등학교 6학년,공통,과학,에너지,축바퀴의 이용
초등학교 6학년,공통,과학,에너지,축바퀴의 이용
초등학교 6학년,공통,과학,축바퀴의 원리,축바퀴의 이용
초등학교 6학년,공통,과학,축바퀴,축바퀴의 이용
초등학교 6학년,공통,과학,힘과 운동,축바퀴의 이용
초등학교 6학년,공통,과학,연소와 소화,화재로 인한 문화재 손실
초등학교 6학년,공통,과학,고등학교  화학 반응에서의 규,화재로 인한 문화재 손실
초등학교 6학년,공통,과학,연소와 소화,화재로 인한 문화재 손실
초등학교 6학년,공통,과학,문화재 손실을 막기 위한 노력,화재로 인한 문화재 손실
초등학교 6학년,공통,과학,화재로 인한 우리나라 문화재 손실,화재로 인한 문화재 손실
초등학교 6학년,공통,과학,화재로 인한 문화재 손실,화재로 인한 문화재 손실
초등학교 6학년,공통,과학,불을 효과적으로 끄는 방법,소화(消火)의 조건
초등학교 6학년,공통,과학,소화의 조건,소화(消火)의 조건
초등학교 6학년,공통,과학,생활 속 화재 진압 도구,소화(消火)의 조건
초등학교 6학년,공통,과학,연소의 조건,소화(消火)의 조건
초등학교 6학년,공통,과학,연소와 소화,소화(消火)의 조건
초등학교 6학년,공통,과학,마요네즈로 불끄기,소화(消火)의 조건
초등학교 6학년,공통,과학,냉각 소화법,소화(消火)의 조건
초등학교 6학년,공통,과학,질식 소화법,소화(消火)의 조건
초등학교 6학년,공통,과학,제거 소화법,소화(消火)의 조건
초등학교 6학년,공통,과학,고등학교  화학 반응에서의,소화기의 구조와 사용법
초등학교 6학년,공통,과학,소화기 종류,소화기의 구조와 사용법
초등학교 6학년,공통,과학,소화기 사용방법,소화기의 구조와 사용법
초등학교 6학년,공통,과학,연소와 소화,소화기의 구조와 사용법
초등학교 6학년,공통,과학,연소와 소화,소화기의 구조와 사용법
초등학교 6학년,공통,과학,분말 소화기 구조,소화기의 구조와 사용법
초등학교 6학년,공통,과학,할론 소화기,소화기의 구조와 사용법
초등학교 6학년,공통,과학,소화기의 구조,소화기의 구조와 사용법
초등학교 6학년,공통,과학,이산화탄소 소화기,소화기의 구조와 사용법
중학교 3학년,1학기,과학,유전과 진화,변형된 뿌리와 줄기
중학교 3학년,1학기,과학,식물,변형된 뿌리와 줄기
중학교 3학년,1학기,과학,줄기,변형된 뿌리와 줄기
중학교 3학년,1학기,과학,뿌리,변형된 뿌리와 줄기
중학교 3학년,1학기,과학,식물의 구조와 기능,변형된 뿌리와 줄기
중학교 3학년,1학기,과학,나무,변형된 뿌리와 줄기
중학교 3학년,1학기,과학,식물의 한살이,변형된 뿌리와 줄기
초등학교 4학년,1학기,과학,유전과 진화,변형된 뿌리와 줄기
초등학교 4학년,1학기,과학,식물,변형된 뿌리와 줄기
초등학교 4학년,1학기,과학,줄기,변형된 뿌리와 줄기
초등학교 4학년,1학기,과학,뿌리,변형된 뿌리와 줄기
초등학교 4학년,1학기,과학,식물의 구조와 기능,변형된 뿌리와 줄기
초등학교 4학년,1학기,과학,나무,변형된 뿌리와 줄기
초등학교 4학년,1학기,과학,식물의 한살이,변형된 뿌리와 줄기
초등학교 5학년,1학기,과학,유전과 진화,변형된 뿌리와 줄기
초등학교 5학년,1학기,과학,식물,변형된 뿌리와 줄기
초등학교 5학년,1학기,과학,줄기,변형된 뿌리와 줄기
초등학교 5학년,1학기,과학,뿌리,변형된 뿌리와 줄기
초등학교 5학년,1학기,과학,식물의 구조와 기능,변형된 뿌리와 줄기
초등학교 5학년,1학기,과학,나무,변형된 뿌리와 줄기
초등학교 5학년,1학기,과학,식물의 한살이,변형된 뿌리와 줄기
초등학교 5학년,공통,과학,거짓말 탐지기,심장의 구조와 기능
초등학교 5학년,공통,과학,심장의 구조,심장의 구조와 기능
초등학교 5학년,공통,과학,심장,심장의 구조와 기능
초등학교 5학년,공통,과학,심장의 기능,심장의 구조와 기능
초등학교 5학년,공통,과학,심장박동의 원리,심장의 구조와 기능
초등학교 5학년,공통,과학,우리 몸,심장의 구조와 기능
초등학교 5학년,공통,과학,가로무늬근,심장의 구조와 기능
초등학교 5학년,공통,과학,우리 몸,심장의 구조와 기능
초등학교 5학년,공통,과학,신경의 종류,심장의 구조와 기능
초등학교 5학년,공통,과학,거짓말 탐지기의 원리,심장의 구조와 기능
초등학교 5학년,공통,과학,민무늬근,심장의 구조와 기능
초등학교 5학년,공통,과학,판막,심장의 구조와 기능
초등학교 5학년,공통,과학,소화와 순환,혈관과 혈액
초등학교 5학년,공통,과학,모세혈관,혈관과 혈액
초등학교 5학년,공통,과학,호흡과 배설,혈관과 혈액
초등학교 5학년,공통,과학,혈액의 기능,혈관과 혈액
초등학교 5학년,공통,과학,혈액,혈관과 혈액
초등학교 5학년,공통,과학,우리 몸,혈관과 혈액
초등학교 5학년,공통,과학,우리 몸,혈관과 혈액
초등학교 5학년,공통,과학,정맥,혈관과 혈액
초등학교 5학년,공통,과학,혈액의 역할,혈관과 혈액
초등학교 5학년,공통,과학,혈관,혈관과 혈액
초등학교 5학년,공통,과학,동맥,혈관과 혈액
초등학교 5학년,공통,과학,소화와 순환,동물의 소화 기관
초등학교 5학년,공통,과학,닭의 소화 기관,동물의 소화 기관
초등학교 5학년,공통,과학,초식 동물의 소화 기관,동물의 소화 기관
초등학교 5학년,공통,과학,우리 몸,동물의 소화 기관
초등학교 5학년,공통,과학,사마귀의 소화 기관,동물의 소화 기관
초등학교 5학년,공통,과학,우리 몸,동물의 소화 기관
초등학교 5학년,공통,과학,동물의 소화 기관,동물의 소화 기관
초등학교 5학년,공통,과학,어류의 소화 기관,동물의 소화 기관
초등학교 5학년,공통,과학,소화와 순환,우리 몸과 소화
초등학교 5학년,공통,과학,호흡과 배설,우리 몸과 소화
초등학교 5학년,공통,과학,소화,우리 몸과 소화
초등학교 5학년,공통,과학,소화 과정,우리 몸과 소화
초등학교 5학년,공통,과학,우리 몸,우리 몸과 소화
초등학교 5학년,공통,과학,소화 기관,우리 몸과 소화
초등학교 5학년,공통,과학,영양분 흡수,우리 몸과 소화
초등학교 5학년,공통,과학,우리 몸,우리 몸과 소화
초등학교 5학년,공통,과학,소화와 관련된 잘못된 상식,우리 몸과 소화
초등학교 5학년,공통,과학,호흡 과정,호흡이란
초등학교 5학년,공통,과학,코딱지가 생기는 이유,호흡이란
초등학교 5학년,공통,과학,딸꾹질 멈추는 방법,호흡이란
초등학교 5학년,공통,과학,콧물이 생기는 이유,호흡이란
초등학교 5학년,공통,과학,호흡,호흡이란
초등학교 5학년,공통,과학,딸꾹질,호흡이란
초등학교 5학년,공통,과학,호흡이 이루어지는 과정,호흡이란
초등학교 5학년,공통,과학,폐에서 가스 교환이 일어나는 과정,호흡이란
초등학교 5학년,공통,과학,우리의 몸,호흡이란
초등학교 5학년,2학기,과학,체중을 조절하는 방법,건강한 생활 습관
초등학교 5학년,2학기,과학,체중과 호흡량의 관계,건강한 생활 습관
초등학교 5학년,2학기,과학,신체,건강한 생활 습관
초등학교 5학년,2학기,과학,체중,건강한 생활 습관
초등학교 5학년,2학기,과학,비만,건강한 생활 습관
초등학교 5학년,2학기,과학,호흡,건강한 생활 습관
초등학교 5학년,2학기,과학,지방,건강한 생활 습관
초등학교 5학년,2학기,과학,우리 몸의 구조와 기능,건강한 생활 습관
초등학교 3학년,공통,과학,혼합물의,과냉각 액체
초등학교 3학년,공통,과학,콜로이드 상태,과냉각 액체
초등학교 3학년,공통,과학,콜로이드 졸 상태,과냉각 액체
초등학교 3학년,공통,과학,콜로이드 겔 상태,과냉각 액체
초등학교 3학년,공통,과학,탱탱볼 만들기,과냉각 액체
초등학교 3학년,공통,과학,혼합물의 분리,과냉각 액체
초등학교 3학년,공통,과학,유리의 특수성,과냉각 액체
초등학교 3학년,공통,과학,과냉각 액체,과냉각 액체
초등학교 3학년,공통,과학,비정질 고체,과냉각 액체
초등학교 3학년,공통,과학,유리잔 만드는 과정,과냉각 액체
초등학교 3학년,공통,과학,빛의 직진,빛의 굴절을 이용한 착시 현상
초등학교 3학년,공통,과학,빛의 굴절 예,빛의 굴절을 이용한 착시 현상
초등학교 3학년,공통,과학,빛의 굴절로 인한 현상,빛의 굴절을 이용한 착시 현상
초등학교 3학년,공통,과학,빛의 굴절을 통한 착시 현상,빛의 굴절을 이용한 착시 현상
초등학교 3학년,공통,과학,착시 현상,빛의 굴절을 이용한 착시 현상
초등학교 3학년,공통,과학,빛의 굴절,빛의 굴절을 이용한 착시 현상
초등학교 3학년,공통,과학,빛의 직진,빛의 굴절을 이용한 착시 현상
초등학교 5학년,공통,과학,빛의 직진,빛의 굴절을 이용한 착시 현상
초등학교 5학년,공통,과학,빛의 굴절 예,빛의 굴절을 이용한 착시 현상
초등학교 5학년,공통,과학,빛의 굴절로 인한 현상,빛의 굴절을 이용한 착시 현상
초등학교 5학년,공통,과학,빛의 굴절을 통한 착시 현상,빛의 굴절을 이용한 착시 현상
초등학교 5학년,공통,과학,착시 현상,빛의 굴절을 이용한 착시 현상
초등학교 5학년,공통,과학,빛의 굴절,빛의 굴절을 이용한 착시 현상
초등학교 5학년,공통,과학,빛의 직진,빛의 굴절을 이용한 착시 현상
중학교 2학년,공통,과학,렌즈,렌즈가 사용되는 예
중학교 2학년,공통,과학,굴절,렌즈가 사용되는 예
중학교 2학년,공통,과학,렌즈를 사용하는 대표적인 물건인 망원경,렌즈가 사용되는 예
중학교 2학년,공통,과학,반사,렌즈가 사용되는 예
중학교 2학년,공통,과학,망원경,렌즈가 사용되는 예
중학교 2학년,공통,과학,빛과 파동,렌즈가 사용되는 예
초등학교 3학년,공통,과학,액체와 기체의 부피,지시약을 이용한 마술
초등학교 3학년,공통,과학,지시약,지시약을 이용한 마술
초등학교 3학년,공통,과학,페놀프탈레인,지시약을 이용한 마술
초등학교 3학년,공통,과학,액체와 기체의 부피,지시약을 이용한 마술
초등학교 3학년,공통,과학,사라지는 잉크의 비밀,지시약을 이용한 마술
초등학교 3학년,공통,과학,지시약을 이용한 마술,지시약을 이용한 마술
초등학교 3학년,공통,과학,산과 염시,지시약을 이용한 마술
초등학교 5학년,공통,과학,액체와 기체의 부피,지시약을 이용한 마술
초등학교 5학년,공통,과학,지시약,지시약을 이용한 마술
초등학교 5학년,공통,과학,페놀프탈레인,지시약을 이용한 마술
초등학교 5학년,공통,과학,액체와 기체의 부피,지시약을 이용한 마술
초등학교 5학년,공통,과학,사라지는 잉크의 비밀,지시약을 이용한 마술
초등학교 5학년,공통,과학,지시약을 이용한 마술,지시약을 이용한 마술
초등학교 5학년,공통,과학,산과 염시,지시약을 이용한 마술
초등학교 3학년,공통,과학,인버터 스탠드의 원리,자석 인간은 가능할까
초등학교 3학년,공통,과학,정지 마찰력,자석 인간은 가능할까
초등학교 3학년,공통,과학,자석의 성질,자석 인간은 가능할까
초등학교 3학년,공통,과학,터치 센서,자석 인간은 가능할까
초등학교 3학년,공통,과학,자석 인간,자석 인간은 가능할까
초등학교 3학년,공통,과학,자석 인간은 가능한가,자석 인간은 가능할까
초등학교 3학년,공통,과학,인체 통신 기술,자석 인간은 가능할까
초등학교 3학년,공통,과학,터치 센서의 원리,자석 인간은 가능할까
초등학교 3학년,공통,과학,자석의 성질,자석 인간은 가능할까
초등학교 3학년,공통,과학,공중 부양 마술,전자석의 마술
초등학교 3학년,공통,과학,자기부상열차의 원리,전자석의 마술
초등학교 3학년,공통,과학,렌츠의 법칙,전자석의 마술
초등학교 3학년,공통,과학,자석의 성질,전자석의 마술
초등학교 3학년,공통,과학,자석의 성질,전자석의 마술
초등학교 3학년,공통,과학,전기 회로,전자석의 마술
초등학교 3학년,공통,과학,전자석의 마술,전자석의 마술
초등학교 3학년,공통,과학,개구리 공중 부양 실험,전자석의 마술
초등학교 5학년,공통,과학,공중 부양 마술,전자석의 마술
초등학교 5학년,공통,과학,자기부상열차의 원리,전자석의 마술
초등학교 5학년,공통,과학,렌츠의 법칙,전자석의 마술
초등학교 5학년,공통,과학,자석의 성질,전자석의 마술
초등학교 5학년,공통,과학,자석의 성질,전자석의 마술
초등학교 5학년,공통,과학,전기 회로,전자석의 마술
초등학교 5학년,공통,과학,전자석의 마술,전자석의 마술
초등학교 5학년,공통,과학,개구리 공중 부양 실험,전자석의 마술
초등학교 5학년,공통,과학,계절에 따른 태양의 고도 변화,계절이 변하는 까닭
초등학교 5학년,공통,과학,공전,계절이 변하는 까닭
초등학교 5학년,공통,과학,지구와 달,계절이 변하는 까닭
초등학교 5학년,공통,과학,지구와 달,계절이 변하는 까닭
초등학교 5학년,공통,과학,지구의 공전에 따른 계절 변화,계절이 변하는 까닭
초등학교 5학년,공통,과학,계절이 변하는 이유,계절이 변하는 까닭
초등학교 5학년,공통,과학,빛의 각도와 단위 면적당 빛의 양 비교,계절이 변하는 까닭
초등학교 5학년,공통,과학,세계의 크리스마스,계절에 따른 생활 모습
초등학교 5학년,공통,과학,위도,계절에 따른 생활 모습
초등학교 5학년,공통,과학,4계절,계절에 따른 생활 모습
초등학교 5학년,공통,과학,가장 추운 지역,계절에 따른 생활 모습
초등학교 5학년,공통,과학,4계절이 뚜렷한 나라,계절에 따른 생활 모습
초등학교 5학년,공통,과학,지구와 달,계절에 따른 생활 모습
초등학교 5학년,공통,과학,지구와 달,계절에 따른 생활 모습
초등학교 5학년,공통,과학,세계의 여름,계절에 따른 생활 모습
초등학교 5학년,공통,과학,가장 더운 지역,계절에 따른 생활 모습
초등학교 5학년,공통,과학,계절의 변화,계절에 따른 생활 모습
초등학교 5학년,1학기,과학,남중고도,태양의 고도와 그림자
초등학교 5학년,1학기,과학,처마,태양의 고도와 그림자
초등학교 5학년,1학기,과학,햇빛,태양의 고도와 그림자
초등학교 5학년,1학기,과학,계절,태양의 고도와 그림자
초등학교 5학년,1학기,과학,한옥,태양의 고도와 그림자
초등학교 5학년,1학기,과학,날씨와 우리 생활,태양의 고도와 그림자
초등학교 5학년,1학기,과학,태양,태양의 고도와 그림자
초등학교 5학년,1학기,과학,지구와 달의 운동,태양의 고도와 그림자
초등학교 5학년,2학기,과학,남중고도,태양의 고도와 그림자
초등학교 5학년,2학기,과학,처마,태양의 고도와 그림자
초등학교 5학년,2학기,과학,햇빛,태양의 고도와 그림자
초등학교 5학년,2학기,과학,계절,태양의 고도와 그림자
초등학교 5학년,2학기,과학,한옥,태양의 고도와 그림자
초등학교 5학년,2학기,과학,날씨와 우리 생활,태양의 고도와 그림자
초등학교 5학년,2학기,과학,태양,태양의 고도와 그림자
초등학교 5학년,2학기,과학,지구와 달의 운동,태양의 고도와 그림자
초등학교 6학년,1학기,과학,남중고도,태양의 고도와 그림자
초등학교 6학년,1학기,과학,처마,태양의 고도와 그림자
초등학교 6학년,1학기,과학,햇빛,태양의 고도와 그림자
초등학교 6학년,1학기,과학,계절,태양의 고도와 그림자
초등학교 6학년,1학기,과학,한옥,태양의 고도와 그림자
초등학교 6학년,1학기,과학,날씨와 우리 생활,태양의 고도와 그림자
초등학교 6학년,1학기,과학,태양,태양의 고도와 그림자
초등학교 6학년,1학기,과학,지구와 달의 운동,태양의 고도와 그림자
초등학교 6학년,2학기,과학,남중고도,태양의 고도와 그림자
초등학교 6학년,2학기,과학,처마,태양의 고도와 그림자
초등학교 6학년,2학기,과학,햇빛,태양의 고도와 그림자
초등학교 6학년,2학기,과학,계절,태양의 고도와 그림자
초등학교 6학년,2학기,과학,한옥,태양의 고도와 그림자
초등학교 6학년,2학기,과학,날씨와 우리 생활,태양의 고도와 그림자
초등학교 6학년,2학기,과학,태양,태양의 고도와 그림자
초등학교 6학년,2학기,과학,지구와 달의 운동,태양의 고도와 그림자
중학교 3학년,공통,과학,형제,동일 유전자의 형질 결정
중학교 3학년,공통,과학,유전과 진화,동일 유전자의 형질 결정
중학교 3학년,공통,과학,반고흐의 자화상,동일 유전자의 형질 결정
중학교 3학년,공통,과학,유전,동일 유전자의 형질 결정
중학교 3학년,공통,과학,유전자,동일 유전자의 형질 결정
중학교 3학년,공통,과학,형질,동일 유전자의 형질 결정
중학교 3학년,공통,과학,형제는 왜 닮을까,동일 유전자의 형질 결정
중학교 3학년,공통,과학,품종 개량,동일 유전자의 형질 결정
중학교 3학년,공통,과학,유전과 진화,상염색체에 의한 유전
중학교 3학년,공통,과학,상염색체에 있는 유전자,상염색체에 의한 유전
중학교 3학년,공통,과학,유전,상염색체에 의한 유전
중학교 3학년,공통,과학,보조개,상염색체에 의한 유전
중학교 3학년,공통,과학,부모의 형질이 자식에게 유전되는 원리,상염색체에 의한 유전
중학교 3학년,공통,과학,우성,상염색체에 의한 유전
중학교 3학년,공통,과학,상염색체,상염색체에 의한 유전
중학교 3학년,공통,과학,열성,상염색체에 의한 유전
중학교 3학년,공통,과학,염색체,상염색체에 의한 유전
중학교 3학년,공통,과학,유전과 진화,성염색체에 의한 유전
중학교 3학년,공통,과학,반성 유전,성염색체에 의한 유전
중학교 3학년,공통,과학,유전,성염색체에 의한 유전
중학교 3학년,공통,과학,색각 이상 검사표,성염색체에 의한 유전
중학교 3학년,공통,과학,성염색체,성염색체에 의한 유전
중학교 3학년,공통,과학,적록 색맹,성염색체에 의한 유전
중학교 3학년,공통,과학,색맹,성염색체에 의한 유전
중학교 3학년,공통,과학,염색체,성염색체에 의한 유전
중학교 3학년,공통,과학,말의 진화,화석을 통한 진화의 증거
중학교 3학년,공통,과학,증거,화석을 통한 진화의 증거
중학교 3학년,공통,과학,말의 기원,화석을 통한 진화의 증거
중학교 3학년,공통,과학,화석,화석을 통한 진화의 증거
중학교 3학년,공통,과학,진화,화석을 통한 진화의 증거
중학교 3학년,공통,과학,육상 식물의 출현,화석을 통한 진화의 증거
중학교 3학년,공통,과학,유전과 진화,화석을 통한 진화의 증거
중학교 3학년,공통,과학,화석을 통한 식물 진화의 증거,화석을 통한 진화의 증거
중학교 3학년,공통,과학,자연 선택,자연 선택설
중학교 3학년,공통,과학,들개의 집단 사냥,자연 선택설
중학교 3학년,공통,과학,갈라파고스 섬,자연 선택설
중학교 3학년,공통,과학,유전과 진화,자연 선택설
중학교 3학년,공통,과학,다윈,자연 선택설
중학교 3학년,공통,과학,핀치 새의 부리가 차이가 나는 이유,자연 선택설
중학교 3학년,공통,과학,오스트레일리아에 사는 캥거루,격리설
중학교 3학년,공통,과학,다람쥐,격리설
중학교 3학년,공통,과학,진화,격리설
중학교 3학년,공통,과학,서로 다른 종의 두 다람쥐가 비슷하게 생긴 이유,격리설
중학교 3학년,공통,과학,협곡,격리설
중학교 3학년,공통,과학,유전과 진화,격리설
중학교 3학년,공통,과학,그랜드 캐니언,격리설
중학교 3학년,공통,과학,격리설,격리설
중학교 3학년,공통,과학,유전과 진화,네안데르탈인과 호모 사피엔스
중학교 3학년,공통,과학,호모 사피엔스,네안데르탈인과 호모 사피엔스
중학교 3학년,공통,과학,경쟁,네안데르탈인과 호모 사피엔스
중학교 3학년,공통,과학,현생인류의 조상,네안데르탈인과 호모 사피엔스
중학교 3학년,공통,과학,네안데르탈인,네안데르탈인과 호모 사피엔스
중학교 3학년,공통,과학,진화,네안데르탈인과 호모 사피엔스
중학교 3학년,공통,과학,인류,네안데르탈인과 호모 사피엔스
중학교 3학년,공통,과학,네안데르탈인은 왜 사라졌을까,네안데르탈인과 호모 사피엔스
중학교 3학년,공통,과학,유전과 진화,종의 출현
중학교 3학년,공통,과학,조상,종의 출현
중학교 3학년,공통,과학,새로운 종의 출현,종의 출현
중학교 3학년,공통,과학,돌연변이,종의 출현
중학교 3학년,공통,과학,지구에는 몇 종의 생명체가 있을까요,종의 출현
중학교 3학년,공통,과학,멸종,종의 출현
중학교 3학년,공통,과학,출현,종의 출현
중학교 3학년,공통,과학,현대의 진화설,종의 출현
중학교 3학년,공통,과학,혼천의 구조,혼천의
중학교 3학년,공통,과학,혼천의,혼천의
중학교 3학년,공통,과학,우리 선조의  유산,혼천의
중학교 3학년,공통,과학,외권과 우주개발,혼천의
중학교 3학년,공통,과학,외부 은하,우리 은하와 외부 은하
중학교 3학년,공통,과학,우주,우리 은하와 외부 은하
중학교 3학년,공통,과학,빅뱅 이론,우리 은하와 외부 은하
중학교 3학년,공통,과학,팽창,우리 은하와 외부 은하
중학교 3학년,공통,과학,구조,우리 은하와 외부 은하
중학교 3학년,공통,과학,은하,우리 은하와 외부 은하
중학교 3학년,공통,과학,우리은하,우리 은하와 외부 은하
중학교 3학년,공통,과학,외권과 우주개발,우리 은하와 외부 은하
중학교 3학년,공통,과학,우주의 탄생,우리 은하와 외부 은하
중학교 3학년,공통,과학,우주,우주 탐사의 과정과 탐사선
중학교 3학년,공통,과학,탐사,우주 탐사의 과정과 탐사선
중학교 3학년,공통,과학,우주 탐사 경쟁,우주 탐사의 과정과 탐사선
중학교 3학년,공통,과학,행성 탐사,우주 탐사의 과정과 탐사선
중학교 3학년,공통,과학,한국의 우,우주 탐사의 과정과 탐사선
중학교 3학년,공통,과학,인공위성,우주 탐사의 과정과 탐사선
중학교 3학년,공통,과학,우주 로봇,우주 탐사의 과정과 탐사선
중학교 3학년,공통,과학,우주 정거장,우주 탐사의 과정과 탐사선
중학교 3학년,공통,과학,탐사선,우주 탐사의 과정과 탐사선
중학교 3학년,공통,과학,우주 탐사 방법,우주 탐사의 과정과 탐사선
중학교 3학년,공통,과학,개발,우주 탐사의 과정과 탐사선
중학교 3학년,공통,과학,과 인류 문명,우주 탐사의 과정과 탐사선
중학교 3학년,공통,과학,반도체,지능형 로봇
중학교 3학년,공통,과학,첨단,지능형 로봇
중학교 3학년,공통,과학,로봇,지능형 로봇
중학교 3학년,공통,과학,과 인류 문명,지능형 로봇
중학교 3학년,공통,과학,유전자 재조합으로 탄생한 파란장미,미래 생활에 영향을 줄 과학 기술
중학교 3학년,공통,과학,유전과 진화,미래 생활에 영향을 줄 과학 기술
중학교 3학년,공통,과학,기술이 우리에게 미치는 영향,미래 생활에 영향을 줄 과학 기술
중학교 3학년,공통,과학,GMO,미래 생활에 영향을 줄 과학 기술
중학교 3학년,공통,과학,미래,미래 생활에 영향을 줄 과학 기술
중학교 3학년,공통,과학,유전자,미래 생활에 영향을 줄 과학 기술
중학교 3학년,공통,과학,기술,미래 생활에 영향을 줄 과학 기술
중학교 3학년,공통,과학,생물,미래 생활에 영향을 줄 과학 기술
중학교 3학년,공통,과학,곰팡이,식물과 미생물의 공생
중학교 3학년,공통,과학,유전과 진화,식물과 미생물의 공생
중학교 3학년,공통,과학,식물,식물과 미생물의 공생
중학교 3학년,공통,과학,식물 공생 세균,식물과 미생물의 공생
중학교 3학년,공통,과학,미생물,식물과 미생물의 공생
중학교 3학년,공통,과학,공생,식물과 미생물의 공생
중학교 3학년,공통,과학,뿌리혹박테리아,식물과 미생물의 공생
중학교 3학년,공통,과학,균근균,식물과 미생물의 공생
중학교 3학년,공통,과학,세균,식물과 미생물의 공생
중학교 3학년,공통,과학,식물 공생 곰팡이,식물과 미생물의 공생
중학교 3학년,공통,과학,극한,극한 생물
중학교 3학년,공통,과학,유전과 진화,극한 생물
중학교 3학년,공통,과학,깊은 바다에 사는 생물,극한 생물
중학교 3학년,공통,과학,극한 생물,극한 생물
중학교 3학년,공통,과학,대염호에 사는 세균,극한 생물
중학교 3학년,공통,과학,생물,극한 생물
중학교 3학년,공통,과학,다양성,극한 생물
중학교 3학년,공통,과학,환경,극한 생물
중학교 3학년,공통,과학,미생물,항생제
중학교 3학년,공통,과학,항생제의 탄생,항생제
중학교 3학년,공통,과학,항생제 오남용,항생제
중학교 3학년,공통,과학,항생제의 원리,항생제
중학교 3학년,공통,과학,질병,항생제
중학교 3학년,공통,과학,항생제,항생제
중학교 3학년,공통,과학,과 인류 문명,항생제
초등학교 4학년,1학기,과학,하늘,지구 주위를 둘러싼 공기
초등학교 4학년,1학기,과학,하늘은 왜 파랄까,지구 주위를 둘러싼 공기
초등학교 4학년,1학기,과학,지구와 달,지구 주위를 둘러싼 공기
초등학교 4학년,1학기,과학,붉은색의 하늘,지구 주위를 둘러싼 공기
초등학교 4학년,1학기,과학,태양계와 별,지구 주위를 둘러싼 공기
초등학교 4학년,1학기,과학,지구,지구 주위를 둘러싼 공기
초등학교 4학년,2학기,과학,하늘,지구 주위를 둘러싼 공기
초등학교 4학년,2학기,과학,하늘은 왜 파랄까,지구 주위를 둘러싼 공기
초등학교 4학년,2학기,과학,지구와 달,지구 주위를 둘러싼 공기
초등학교 4학년,2학기,과학,붉은색의 하늘,지구 주위를 둘러싼 공기
초등학교 4학년,2학기,과학,태양계와 별,지구 주위를 둘러싼 공기
초등학교 4학년,2학기,과학,지구,지구 주위를 둘러싼 공기
초등학교 5학년,1학기,과학,하늘,지구 주위를 둘러싼 공기
초등학교 5학년,1학기,과학,하늘은 왜 파랄까,지구 주위를 둘러싼 공기
초등학교 5학년,1학기,과학,지구와 달,지구 주위를 둘러싼 공기
초등학교 5학년,1학기,과학,붉은색의 하늘,지구 주위를 둘러싼 공기
초등학교 5학년,1학기,과학,태양계와 별,지구 주위를 둘러싼 공기
초등학교 5학년,1학기,과학,지구,지구 주위를 둘러싼 공기
초등학교 5학년,2학기,과학,하늘,지구 주위를 둘러싼 공기
초등학교 5학년,2학기,과학,하늘은 왜 파랄까,지구 주위를 둘러싼 공기
초등학교 5학년,2학기,과학,지구와 달,지구 주위를 둘러싼 공기
초등학교 5학년,2학기,과학,붉은색의 하늘,지구 주위를 둘러싼 공기
초등학교 5학년,2학기,과학,태양계와 별,지구 주위를 둘러싼 공기
초등학교 5학년,2학기,과학,지구,지구 주위를 둘러싼 공기
초등학교 3학년,2학기,과학,물에 사는 생물,생물이 환경에 적응하는 사례
초등학교 3학년,2학기,과학,생물,생물이 환경에 적응하는 사례
초등학교 3학년,2학기,과학,적응,생물이 환경에 적응하는 사례
초등학교 3학년,2학기,과학,식물의 생활,생물이 환경에 적응하는 사례
초등학교 3학년,2학기,과학,동물의 생활,생물이 환경에 적응하는 사례
초등학교 3학년,2학기,과학,환경,생물이 환경에 적응하는 사례
초등학교 4학년,2학기,과학,물에 사는 생물,생물이 환경에 적응하는 사례
초등학교 4학년,2학기,과학,생물,생물이 환경에 적응하는 사례
초등학교 4학년,2학기,과학,적응,생물이 환경에 적응하는 사례
초등학교 4학년,2학기,과학,식물의 생활,생물이 환경에 적응하는 사례
초등학교 4학년,2학기,과학,동물의 생활,생물이 환경에 적응하는 사례
초등학교 4학년,2학기,과학,환경,생물이 환경에 적응하는 사례
초등학교 3학년,2학기,과학,먹이사슬,생태계 내 생물들 간의 관계
초등학교 3학년,2학기,과학,기생,생태계 내 생물들 간의 관계
초등학교 3학년,2학기,과학,생태 피라미드,생태계 내 생물들 간의 관계
초등학교 3학년,2학기,과학,공생,생태계 내 생물들 간의 관계
초등학교 3학년,2학기,과학,먹이,생태계 내 생물들 간의 관계
초등학교 3학년,2학기,과학,연쇄,생태계 내 생물들 간의 관계
초등학교 3학년,2학기,과학,경쟁,생태계 내 생물들 간의 관계
초등학교 3학년,2학기,과학,동물의 생활,생태계 내 생물들 간의 관계
초등학교 3학년,2학기,과학,먹이그물,생태계 내 생물들 간의 관계
초등학교 3학년,2학기,과학,식물의 생활,생태계 내 생물들 간의 관계
초등학교 3학년,2학기,과학,생태계,생태계 내 생물들 간의 관계
초등학교 3학년,2학기,과학,생물,생태계 내 생물들 간의 관계
초등학교 4학년,2학기,과학,먹이사슬,생태계 내 생물들 간의 관계
초등학교 4학년,2학기,과학,기생,생태계 내 생물들 간의 관계
초등학교 4학년,2학기,과학,생태 피라미드,생태계 내 생물들 간의 관계
초등학교 4학년,2학기,과학,공생,생태계 내 생물들 간의 관계
초등학교 4학년,2학기,과학,먹이,생태계 내 생물들 간의 관계
초등학교 4학년,2학기,과학,연쇄,생태계 내 생물들 간의 관계
초등학교 4학년,2학기,과학,경쟁,생태계 내 생물들 간의 관계
초등학교 4학년,2학기,과학,동물의 생활,생태계 내 생물들 간의 관계
초등학교 4학년,2학기,과학,먹이그물,생태계 내 생물들 간의 관계
초등학교 4학년,2학기,과학,식물의 생활,생태계 내 생물들 간의 관계
초등학교 4학년,2학기,과학,생태계,생태계 내 생물들 간의 관계
초등학교 4학년,2학기,과학,생물,생태계 내 생물들 간의 관계
초등학교 3학년,2학기,과학,수질,환경오염과 생태계 파괴
초등학교 3학년,2학기,과학,산성비,환경오염과 생태계 파괴
초등학교 3학년,2학기,과학,대기,환경오염과 생태계 파괴
초등학교 3학년,2학기,과학,파괴,환경오염과 생태계 파괴
초등학교 3학년,2학기,과학,동물의 생활,환경오염과 생태계 파괴
초등학교 3학년,2학기,과학,식물의 생활,환경오염과 생태계 파괴
초등학교 3학년,2학기,과학,생태계,환경오염과 생태계 파괴
초등학교 3학년,2학기,과학,토양,환경오염과 생태계 파괴
초등학교 3학년,2학기,과학,환경,환경오염과 생태계 파괴
초등학교 3학년,2학기,과학,오염,환경오염과 생태계 파괴
초등학교 4학년,2학기,과학,수질,환경오염과 생태계 파괴
초등학교 4학년,2학기,과학,산성비,환경오염과 생태계 파괴
초등학교 4학년,2학기,과학,대기,환경오염과 생태계 파괴
초등학교 4학년,2학기,과학,파괴,환경오염과 생태계 파괴
초등학교 4학년,2학기,과학,동물의 생활,환경오염과 생태계 파괴
초등학교 4학년,2학기,과학,식물의 생활,환경오염과 생태계 파괴
초등학교 4학년,2학기,과학,생태계,환경오염과 생태계 파괴
초등학교 4학년,2학기,과학,토양,환경오염과 생태계 파괴
초등학교 4학년,2학기,과학,환경,환경오염과 생태계 파괴
초등학교 4학년,2학기,과학,오염,환경오염과 생태계 파괴
중학교 1학년,공통,과학,복사기,전기력
중학교 1학년,공통,과학,정전기,전기력
중학교 1학년,공통,과학,전기력,전기력
중학교 1학년,공통,과학,힘과 운동,전기력
중학교 1학년,공통,과학,전기,전기력
중학교 1학년,공통,과학,공기청정기,전기력
중학교 1학년,공통,과학,전기와 자기,전기력
중학교 3학년,공통,과학,복사기,전기력
중학교 3학년,공통,과학,정전기,전기력
중학교 3학년,공통,과학,전기력,전기력
중학교 3학년,공통,과학,힘과 운동,전기력
중학교 3학년,공통,과학,전기,전기력
중학교 3학년,공통,과학,공기청정기,전기력
중학교 3학년,공통,과학,전기와 자기,전기력
중학교 1학년,공통,과학,마찰력이 작아서 편리한 경우,실생활에서의 마찰력
중학교 1학년,공통,과학,접촉면,실생활에서의 마찰력
중학교 1학년,공통,과학,마찰,실생활에서의 마찰력
중학교 1학년,공통,과학,힘과 운동,실생활에서의 마찰력
중학교 1학년,공통,과학,마찰력,실생활에서의 마찰력
중학교 1학년,공통,과학,마찰력이 커서 좋은 경우,실생활에서의 마찰력
중학교 1학년,공통,과학,바퀴,타이어 무늬와 마찰력
중학교 1학년,공통,과학,무늬,타이어 무늬와 마찰력
중학교 1학년,공통,과학,힘과 운동,타이어 무늬와 마찰력
중학교 1학년,공통,과학,마찰력,타이어 무늬와 마찰력
중학교 1학년,공통,과학,타이어,타이어 무늬와 마찰력
중학교 1학년,공통,과학,자동차,타이어 무늬와 마찰력
중학교 1학년,공통,과학,속력,속력과 방향이 일정한 운동
중학교 1학년,공통,과학,힘과 운동,속력과 방향이 일정한 운동
중학교 1학년,공통,과학,운동,속력과 방향이 일정한 운동
중학교 1학년,공통,과학,등속직선운동,속력과 방향이 일정한 운동
중학교 1학년,공통,과학,에스컬레이터,속력과 방향이 일정한 운동
중학교 1학년,공통,과학,컨베이어,속력과 방향이 일정한 운동
중학교 1학년,공통,과학,방향,속력과 방향이 일정한 운동
중학교 1학년,공통,과학,바이킹,속력 또는 방향이 변하는 운동
중학교 1학년,공통,과학,속력,속력 또는 방향이 변하는 운동
중학교 1학년,공통,과학,힘과 운동,속력 또는 방향이 변하는 운동
중학교 1학년,공통,과학,운동,속력 또는 방향이 변하는 운동
중학교 1학년,공통,과학,가속도,속력 또는 방향이 변하는 운동
중학교 1학년,공통,과학,방향,속력 또는 방향이 변하는 운동
중학교 1학년,공통,과학,관람차,속력 또는 방향이 변하는 운동
중학교 1학년,공통,과학,속력,스포츠와 속력
중학교 1학년,공통,과학,구기,스포츠와 속력
중학교 1학년,공통,과학,스포츠,스포츠와 속력
중학교 1학년,공통,과학,속력 경쟁,스포츠와 속력
중학교 1학년,공통,과학,힘과 운동,스포츠와 속력
중학교 1학년,공통,과학,육상,스포츠와 속력
중학교 1학년,공통,과학,구기 종목 공의 속력,스포츠와 속력
중학교 1학년,공통,과학,육상 선수들의 속력,스포츠와 속력
중학교 1학년,공통,과학,속력,동물의 빠르기
중학교 1학년,공통,과학,빠르기,동물의 빠르기
중학교 1학년,공통,과학,힘과 운동,동물의 빠르기
중학교 1학년,공통,과학,동물,동물의 빠르기
중학교 2학년,공통,과학,소화,헬리코박터 파일로리
중학교 2학년,공통,과학,위에도 생명체가 살 수 있을까,헬리코박터 파일로리
중학교 2학년,공통,과학,배설,헬리코박터 파일로리
중학교 2학년,공통,과학,호흡,헬리코박터 파일로리
중학교 2학년,공통,과학,헬리코박터 파일로리,헬리코박터 파일로리
중학교 2학년,공통,과학,질병,헬리코박터 파일로리
중학교 2학년,공통,과학,순환,헬리코박터 파일로리
중학교 2학년,공통,과학,포만감,비만이란
중학교 2학년,공통,과학,식욕,비만이란
중학교 2학년,공통,과학,소화,비만이란
중학교 2학년,공통,과학,배설,비만이란
중학교 2학년,공통,과학,비만 질환,비만이란
중학교 2학년,공통,과학,비만,비만이란
중학교 2학년,공통,과학,호흡,비만이란
중학교 2학년,공통,과학,순환,비만이란
중학교 2학년,공통,과학,교환,기체 교환과 운반
중학교 2학년,공통,과학,고산 지대의 기압 변화,기체 교환과 운반
중학교 2학년,공통,과학,소화,기체 교환과 운반
중학교 2학년,공통,과학,운반,기체 교환과 운반
중학교 2학년,공통,과학,배설,기체 교환과 운반
중학교 2학년,공통,과학,셰르파,기체 교환과 운반
중학교 2학년,공통,과학,호흡,기체 교환과 운반
중학교 2학년,공통,과학,네팔,기체 교환과 운반
중학교 2학년,공통,과학,순환,기체 교환과 운반
중학교 2학년,공통,과학,기체,기체 교환과 운반
중학교 2학년,공통,과학,배설 기능의 중요성,통풍이란
중학교 2학년,공통,과학,통풍의 원인,통풍이란
중학교 2학년,공통,과학,소화,통풍이란
중학교 2학년,공통,과학,배설,통풍이란
중학교 2학년,공통,과학,호흡,통풍이란
중학교 2학년,공통,과학,통풍,통풍이란
중학교 2학년,공통,과학,질병,통풍이란
중학교 2학년,공통,과학,순환,통풍이란
중학교 2학년,공통,과학,왕의 병,통풍이란
중학교 2학년,공통,과학,혈액의 구성 성분,혈액의 구성 성분
중학교 2학년,공통,과학,혈액의 기능,혈액의 구성 성분
중학교 2학년,공통,과학,증거,혈액의 구성 성분
중학교 2학년,공통,과학,소화,혈액의 구성 성분
중학교 2학년,공통,과학,혈액,혈액의 구성 성분
중학교 2학년,공통,과학,배설,혈액의 구성 성분
중학교 2학년,공통,과학,순환,혈액의 구성 성분
중학교 2학년,공통,과학,호흡,혈액의 구성 성분
중학교 2학년,공통,과학,수사대,혈액의 구성 성분
중학교 2학년,공통,과학,루미놀,혈액의 구성 성분
중학교 2학년,공통,과학,구성,혈액의 구성 성분
중학교 2학년,공통,과학,기능,혈액의 구성 성분
중학교 3학년,공통,과학,물질의 변화,물리 변화와 화학 변화
중학교 3학년,공통,과학,변화,물리 변화와 화학 변화
중학교 3학년,공통,과학,화학,물리 변화와 화학 변화
중학교 3학년,공통,과학,석회,물리 변화와 화학 변화
중학교 3학년,공통,과학,석회 동굴이 생성되는 원리,물리 변화와 화학 변화
중학교 3학년,공통,과학,물리,물리 변화와 화학 변화
중학교 3학년,공통,과학,동굴,물리 변화와 화학 변화
중학교 3학년,공통,과학,화학 반응에서의 규칙성,물리 변화와 화학 변화
중학교 3학년,공통,과학,자연,물리 변화와 화학 변화
중학교 3학년,공통,과학,예술,물리 변화와 화학 변화
중학교 3학년,공통,과학,물질의 변화,브라우니와 초콜릿 케이크
중학교 3학년,공통,과학,반응,브라우니와 초콜릿 케이크
중학교 3학년,공통,과학,화학,브라우니와 초콜릿 케이크
중학교 3학년,공통,과학,가열,브라우니와 초콜릿 케이크
중학교 3학년,공통,과학,화학 반응에서의 규칙성,브라우니와 초콜릿 케이크
초등학교 3학년,1학기,과학,염화칼슘,물질의 성질과 쓰임새
초등학교 3학년,1학기,과학,액체와 기체,물질의 성질과 쓰임새
초등학교 3학년,1학기,과학,우리 생활과 물질,물질의 성질과 쓰임새
초등학교 3학년,1학기,과학,물질,물질의 성질과 쓰임새
초등학교 3학년,2학기,과학,염화칼슘,물질의 성질과 쓰임새
초등학교 3학년,2학기,과학,액체와 기체,물질의 성질과 쓰임새
초등학교 3학년,2학기,과학,우리 생활과 물질,물질의 성질과 쓰임새
초등학교 3학년,2학기,과학,물질,물질의 성질과 쓰임새
초등학교 5학년,1학기,과학,염화칼슘,물질의 성질과 쓰임새
초등학교 5학년,1학기,과학,액체와 기체,물질의 성질과 쓰임새
초등학교 5학년,1학기,과학,우리 생활과 물질,물질의 성질과 쓰임새
초등학교 5학년,1학기,과학,물질,물질의 성질과 쓰임새
초등학교 5학년,2학기,과학,염화칼슘,물질의 성질과 쓰임새
초등학교 5학년,2학기,과학,액체와 기체,물질의 성질과 쓰임새
초등학교 5학년,2학기,과학,우리 생활과 물질,물질의 성질과 쓰임새
초등학교 5학년,2학기,과학,물질,물질의 성질과 쓰임새
중학교 3학년,공통,과학,태양계,위성을 많이 거느린 행성
중학교 3학년,공통,과학,위성,위성을 많이 거느린 행성
중학교 3학년,공통,과학,행성,위성을 많이 거느린 행성
중학교 3학년,공통,과학,위성을 가장 많이 거느린 행성,위성을 많이 거느린 행성
중학교 3학년,공통,과학,태양계의 중심,태양의 특성
중학교 3학년,공통,과학,태양의 내부,태양의 특성
중학교 3학년,공통,과학,태양계,태양의 특성
중학교 3학년,공통,과학,태양,태양의 특성
중학교 3학년,공통,과학,표면,태양의 특성
중학교 3학년,공통,과학,특성,태양의 특성
중학교 3학년,공통,과학,고체,태양의 특성
중학교 3학년,공통,과학,델린저,델린저 현상
중학교 3학년,공통,과학,태양계,델린저 현상
중학교 3학년,공통,과학,활동,델린저 현상
중학교 3학년,공통,과학,통신기술의 발전,델린저 현상
중학교 3학년,공통,과학,태양,델린저 현상
중학교 3학년,공통,과학,무선,델린저 현상
중학교 3학년,공통,과학,통신,델린저 현상
중학교 3학년,공통,과학,여러 가지 화학 반응,금속의 반응성을 이용한 레몬 전지 만들기
중학교 3학년,공통,과학,이용,금속의 반응성을 이용한 레몬 전지 만들기
중학교 3학년,공통,과학,성질,금속의 반응성을 이용한 레몬 전지 만들기
중학교 3학년,공통,과학,전지,금속의 반응성을 이용한 레몬 전지 만들기
중학교 3학년,공통,과학,레몬 전지가 작동하는 원리,금속의 반응성을 이용한 레몬 전지 만들기
중학교 3학년,공통,과학,과일을 이용해서 전구를 켤 수 있다,금속의 반응성을 이용한 레몬 전지 만들기
중학교 3학년,공통,과학,레몬,금속의 반응성을 이용한 레몬 전지 만들기
중학교 3학년,공통,과학,여러 가지 화학 반응,우리나라에 산성비가 내리는 까닭은
중학교 3학년,공통,과학,반응,우리나라에 산성비가 내리는 까닭은
중학교 3학년,공통,과학,화학,우리나라에 산성비가 내리는 까닭은
중학교 3학년,공통,과학,산성비,우리나라에 산성비가 내리는 까닭은
중학교 3학년,공통,과학,산성비의 생성 과정,우리나라에 산성비가 내리는 까닭은
중학교 3학년,공통,과학,pH,우리나라에 산성비가 내리는 까닭은
중학교 3학년,공통,과학,산성도,우리나라에 산성비가 내리는 까닭은
중학교 3학년,공통,과학,여러 가지 화학 반응,일상생활 속 중화 반응
중학교 3학년,공통,과학,식초,일상생활 속 중화 반응
중학교 3학년,공통,과학,반응,일상생활 속 중화 반응
중학교 3학년,공통,과학,도마,일상생활 속 중화 반응
중학교 3학년,공통,과학,중화,일상생활 속 중화 반응
중학교 3학년,공통,과학,산과 염기의 중화 반응,일상생활 속 중화 반응
중학교 3학년,공통,과학,어패류,일상생활 속 중화 반응
중학교 3학년,공통,과학,식초로 도마를 닦는 이유,일상생활 속 중화 반응
중학교 3학년,공통,과학,염기,일상생활 속 중화 반응
중학교 3학년,공통,과학,여러 가지 화학 반응,중화 반응과 염
중학교 3학년,공통,과학,반응,중화 반응과 염
중학교 3학년,공통,과학,진주,중화 반응과 염
중학교 3학년,공통,과학,중화,중화 반응과 염
중학교 3학년,공통,과학,산과 염기의 중화 반응,중화 반응과 염
중학교 3학년,1학기,과학,한 살이,곤충의 서로 다른 한살이
중학교 3학년,1학기,과학,완전,곤충의 서로 다른 한살이
중학교 3학년,1학기,과학,자연발생설,곤충의 서로 다른 한살이
중학교 3학년,1학기,과학,탈바꿈,곤충의 서로 다른 한살이
중학교 3학년,1학기,과학,불완전,곤충의 서로 다른 한살이
중학교 3학년,1학기,과학,동물의 한살이,곤충의 서로 다른 한살이
중학교 3학년,1학기,과학,생식과 발생,곤충의 서로 다른 한살이
초등학교 3학년,1학기,과학,한 살이,곤충의 서로 다른 한살이
초등학교 3학년,1학기,과학,완전,곤충의 서로 다른 한살이
초등학교 3학년,1학기,과학,자연발생설,곤충의 서로 다른 한살이
초등학교 3학년,1학기,과학,탈바꿈,곤충의 서로 다른 한살이
초등학교 3학년,1학기,과학,불완전,곤충의 서로 다른 한살이
초등학교 3학년,1학기,과학,동물의 한살이,곤충의 서로 다른 한살이
초등학교 3학년,1학기,과학,생식과 발생,곤충의 서로 다른 한살이
초등학교 3학년,1학기,과학,퇴적암,지층이 쌓이는 순서와 시간
초등학교 3학년,1학기,과학,모래,지층이 쌓이는 순서와 시간
초등학교 3학년,1학기,과학,생물과 환경,지층이 쌓이는 순서와 시간
초등학교 3학년,1학기,과학,자갈,지층이 쌓이는 순서와 시간
초등학교 3학년,1학기,과학,암석,지층이 쌓이는 순서와 시간
초등학교 3학년,1학기,과학,지층,지층이 쌓이는 순서와 시간
초등학교 3학년,1학기,과학,퇴적,지층이 쌓이는 순서와 시간
초등학교 3학년,1학기,과학,지층과 화석,지층이 쌓이는 순서와 시간
초등학교 3학년,2학기,과학,퇴적암,지층이 쌓이는 순서와 시간
초등학교 3학년,2학기,과학,모래,지층이 쌓이는 순서와 시간
초등학교 3학년,2학기,과학,생물과 환경,지층이 쌓이는 순서와 시간
초등학교 3학년,2학기,과학,자갈,지층이 쌓이는 순서와 시간
초등학교 3학년,2학기,과학,암석,지층이 쌓이는 순서와 시간
초등학교 3학년,2학기,과학,지층,지층이 쌓이는 순서와 시간
초등학교 3학년,2학기,과학,퇴적,지층이 쌓이는 순서와 시간
초등학교 3학년,2학기,과학,지층과 화석,지층이 쌓이는 순서와 시간
초등학교 6학년,1학기,과학,퇴적암,지층이 쌓이는 순서와 시간
초등학교 6학년,1학기,과학,모래,지층이 쌓이는 순서와 시간
초등학교 6학년,1학기,과학,생물과 환경,지층이 쌓이는 순서와 시간
초등학교 6학년,1학기,과학,자갈,지층이 쌓이는 순서와 시간
초등학교 6학년,1학기,과학,암석,지층이 쌓이는 순서와 시간
초등학교 6학년,1학기,과학,지층,지층이 쌓이는 순서와 시간
초등학교 6학년,1학기,과학,퇴적,지층이 쌓이는 순서와 시간
초등학교 6학년,1학기,과학,지층과 화석,지층이 쌓이는 순서와 시간
초등학교 6학년,2학기,과학,퇴적암,지층이 쌓이는 순서와 시간
초등학교 6학년,2학기,과학,모래,지층이 쌓이는 순서와 시간
초등학교 6학년,2학기,과학,생물과 환경,지층이 쌓이는 순서와 시간
초등학교 6학년,2학기,과학,자갈,지층이 쌓이는 순서와 시간
초등학교 6학년,2학기,과학,암석,지층이 쌓이는 순서와 시간
초등학교 6학년,2학기,과학,지층,지층이 쌓이는 순서와 시간
초등학교 6학년,2학기,과학,퇴적,지층이 쌓이는 순서와 시간
초등학교 6학년,2학기,과학,지층과 화석,지층이 쌓이는 순서와 시간
초등학교 3학년,1학기,과학,퇴적암,부서진 돌이 퇴적암이 되는 과정
초등학교 3학년,1학기,과학,석회암,부서진 돌이 퇴적암이 되는 과정
초등학교 3학년,1학기,과학,이암,부서진 돌이 퇴적암이 되는 과정
초등학교 3학년,1학기,과학,사암,부서진 돌이 퇴적암이 되는 과정
초등학교 3학년,1학기,과학,풍화,부서진 돌이 퇴적암이 되는 과정
초등학교 3학년,1학기,과학,지표의,부서진 돌이 퇴적암이 되는 과정
초등학교 3학년,1학기,과학,암석,부서진 돌이 퇴적암이 되는 과정
초등학교 3학년,1학기,과학,셰일,부서진 돌이 퇴적암이 되는 과정
초등학교 3학년,1학기,과학,지층과 화석,부서진 돌이 퇴적암이 되는 과정
초등학교 3학년,1학기,과학,역암,부서진 돌이 퇴적암이 되는 과정
초등학교 3학년,2학기,과학,퇴적암,부서진 돌이 퇴적암이 되는 과정
초등학교 3학년,2학기,과학,석회암,부서진 돌이 퇴적암이 되는 과정
초등학교 3학년,2학기,과학,이암,부서진 돌이 퇴적암이 되는 과정
초등학교 3학년,2학기,과학,사암,부서진 돌이 퇴적암이 되는 과정
초등학교 3학년,2학기,과학,풍화,부서진 돌이 퇴적암이 되는 과정
초등학교 3학년,2학기,과학,지표의,부서진 돌이 퇴적암이 되는 과정
초등학교 3학년,2학기,과학,암석,부서진 돌이 퇴적암이 되는 과정
초등학교 3학년,2학기,과학,셰일,부서진 돌이 퇴적암이 되는 과정
초등학교 3학년,2학기,과학,지층과 화석,부서진 돌이 퇴적암이 되는 과정
초등학교 3학년,2학기,과학,역암,부서진 돌이 퇴적암이 되는 과정
초등학교 3학년,1학기,과학,퇴적암,퇴적암의 특징과 관찰
초등학교 3학년,1학기,과학,지층과 화석,퇴적암의 특징과 관찰
초등학교 3학년,1학기,과학,화석,퇴적암의 특징과 관찰
초등학교 3학년,1학기,과학,퇴적물,퇴적암의 특징과 관찰
초등학교 3학년,1학기,과학,풍화,퇴적암의 특징과 관찰
초등학교 3학년,1학기,과학,지표의 변화,퇴적암의 특징과 관찰
초등학교 3학년,1학기,과학,암석,퇴적암의 특징과 관찰
초등학교 3학년,1학기,과학,지층,퇴적암의 특징과 관찰
초등학교 3학년,1학기,과학,격포리,퇴적암의 특징과 관찰
초등학교 3학년,2학기,과학,퇴적암,퇴적암의 특징과 관찰
초등학교 3학년,2학기,과학,지층과 화석,퇴적암의 특징과 관찰
초등학교 3학년,2학기,과학,화석,퇴적암의 특징과 관찰
초등학교 3학년,2학기,과학,퇴적물,퇴적암의 특징과 관찰
초등학교 3학년,2학기,과학,풍화,퇴적암의 특징과 관찰
초등학교 3학년,2학기,과학,지표의 변화,퇴적암의 특징과 관찰
초등학교 3학년,2학기,과학,암석,퇴적암의 특징과 관찰
초등학교 3학년,2학기,과학,지층,퇴적암의 특징과 관찰
초등학교 3학년,2학기,과학,격포리,퇴적암의 특징과 관찰
초등학교 3학년,2학기,과학,흔적,지층 속 생물의 흔적
초등학교 3학년,2학기,과학,화석,지층 속 생물의 흔적
초등학교 3학년,2학기,과학,과정,지층 속 생물의 흔적
초등학교 3학년,2학기,과학,지층,지층 속 생물의 흔적
초등학교 3학년,2학기,과학,지층과 화석,지층 속 생물의 흔적
초등학교 3학년,2학기,과학,생물,지층 속 생물의 흔적
중학교 1학년,1학기,과학,"미크로랍토르,",지층과 화석
중학교 1학년,1학기,과학,공룡,지층과 화석
중학교 1학년,1학기,과학,벨로키랍토르,지층과 화석
중학교 1학년,1학기,과학,시조새,지층과 화석
중학교 1학년,1학기,과학,화석,지층과 화석
중학교 1학년,1학기,과학,멸종,지층과 화석
중학교 1학년,1학기,과학,지구계와 지권의 변화,지층과 화석
중학교 1학년,1학기,과학,화산과 지진,지층과 화석
중학교 1학년,1학기,과학,지층,지층과 화석
초등학교 4학년,1학기,과학,"미크로랍토르,",지층과 화석
초등학교 4학년,1학기,과학,공룡,지층과 화석
초등학교 4학년,1학기,과학,벨로키랍토르,지층과 화석
초등학교 4학년,1학기,과학,시조새,지층과 화석
초등학교 4학년,1학기,과학,화석,지층과 화석
초등학교 4학년,1학기,과학,멸종,지층과 화석
초등학교 4학년,1학기,과학,지구계와 지권의 변화,지층과 화석
초등학교 4학년,1학기,과학,화산과 지진,지층과 화석
초등학교 4학년,1학기,과학,지층,지층과 화석
초등학교 4학년,2학기,과학,증발,물의 증발과 일상생활의 예
초등학교 4학년,2학기,과학,소금,물의 증발과 일상생활의 예
초등학교 4학년,2학기,과학,물의 상태 변화,물의 증발과 일상생활의 예
초등학교 4학년,2학기,과학,운동장의 빗물,물의 증발과 일상생활의 예
초등학교 4학년,2학기,과학,세탁물 빨리 말리는 방법,물의 증발과 일상생활의 예
초등학교 4학년,2학기,과학,수증기,물의 증발과 일상생활의 예
초등학교 4학년,2학기,과학,물과 우리 생활,물의 증발과 일상생활의 예
중학교 2학년,1학기,과학,우리 생활과 물질,차가운 것과 따뜻한 것
중학교 2학년,1학기,과학,따뜻한,차가운 것과 따뜻한 것
중학교 2학년,1학기,과학,온도계,차가운 것과 따뜻한 것
중학교 2학년,1학기,과학,차가운,차가운 것과 따뜻한 것
중학교 2학년,1학기,과학,온도와 열,차가운 것과 따뜻한 것
초등학교 3학년,1학기,과학,우리 생활과 물질,차가운 것과 따뜻한 것
초등학교 3학년,1학기,과학,따뜻한,차가운 것과 따뜻한 것
초등학교 3학년,1학기,과학,온도계,차가운 것과 따뜻한 것
초등학교 3학년,1학기,과학,차가운,차가운 것과 따뜻한 것
초등학교 3학년,1학기,과학,온도와 열,차가운 것과 따뜻한 것
초등학교 5학년,1학기,과학,우리 생활과 물질,차가운 것과 따뜻한 것
초등학교 5학년,1학기,과학,따뜻한,차가운 것과 따뜻한 것
초등학교 5학년,1학기,과학,온도계,차가운 것과 따뜻한 것
초등학교 5학년,1학기,과학,차가운,차가운 것과 따뜻한 것
초등학교 5학년,1학기,과학,온도와 열,차가운 것과 따뜻한 것
중학교 2학년,1학기,과학,온도,두 물질이 접촉할 때의 온도 변화
중학교 2학년,1학기,과학,우리 생활과 물질,두 물질이 접촉할 때의 온도 변화
중학교 2학년,1학기,과학,물질,두 물질이 접촉할 때의 온도 변화
중학교 2학년,1학기,과학,사람,두 물질이 접촉할 때의 온도 변화
중학교 2학년,1학기,과학,열평형,두 물질이 접촉할 때의 온도 변화
중학교 2학년,1학기,과학,접촉,두 물질이 접촉할 때의 온도 변화
중학교 2학년,1학기,과학,온도와 열,두 물질이 접촉할 때의 온도 변화
초등학교 3학년,1학기,과학,온도,두 물질이 접촉할 때의 온도 변화
초등학교 3학년,1학기,과학,우리 생활과 물질,두 물질이 접촉할 때의 온도 변화
초등학교 3학년,1학기,과학,물질,두 물질이 접촉할 때의 온도 변화
초등학교 3학년,1학기,과학,사람,두 물질이 접촉할 때의 온도 변화
초등학교 3학년,1학기,과학,열평형,두 물질이 접촉할 때의 온도 변화
초등학교 3학년,1학기,과학,접촉,두 물질이 접촉할 때의 온도 변화
초등학교 3학년,1학기,과학,온도와 열,두 물질이 접촉할 때의 온도 변화
초등학교 5학년,1학기,과학,온도,두 물질이 접촉할 때의 온도 변화
초등학교 5학년,1학기,과학,우리 생활과 물질,두 물질이 접촉할 때의 온도 변화
초등학교 5학년,1학기,과학,물질,두 물질이 접촉할 때의 온도 변화
초등학교 5학년,1학기,과학,사람,두 물질이 접촉할 때의 온도 변화
초등학교 5학년,1학기,과학,열평형,두 물질이 접촉할 때의 온도 변화
초등학교 5학년,1학기,과학,접촉,두 물질이 접촉할 때의 온도 변화
초등학교 5학년,1학기,과학,온도와 열,두 물질이 접촉할 때의 온도 변화
중학교 2학년,1학기,과학,온도,대류 현상에서의 열 이동
중학교 2학년,1학기,과학,관찰,대류 현상에서의 열 이동
중학교 2학년,1학기,과학,지각,대류 현상에서의 열 이동
중학교 2학년,1학기,과학,대류,대류 현상에서의 열 이동
중학교 2학년,1학기,과학,우리 생활과 물질,대류 현상에서의 열 이동
중학교 2학년,1학기,과학,물체,대류 현상에서의 열 이동
중학교 2학년,1학기,과학,냉장고,대류 현상에서의 열 이동
중학교 2학년,1학기,과학,온도와 열,대류 현상에서의 열 이동
초등학교 3학년,1학기,과학,온도,대류 현상에서의 열 이동
초등학교 3학년,1학기,과학,관찰,대류 현상에서의 열 이동
초등학교 3학년,1학기,과학,지각,대류 현상에서의 열 이동
초등학교 3학년,1학기,과학,대류,대류 현상에서의 열 이동
초등학교 3학년,1학기,과학,우리 생활과 물질,대류 현상에서의 열 이동
초등학교 3학년,1학기,과학,물체,대류 현상에서의 열 이동
초등학교 3학년,1학기,과학,냉장고,대류 현상에서의 열 이동
초등학교 3학년,1학기,과학,온도와 열,대류 현상에서의 열 이동
초등학교 5학년,1학기,과학,온도,대류 현상에서의 열 이동
초등학교 5학년,1학기,과학,관찰,대류 현상에서의 열 이동
초등학교 5학년,1학기,과학,지각,대류 현상에서의 열 이동
초등학교 5학년,1학기,과학,대류,대류 현상에서의 열 이동
초등학교 5학년,1학기,과학,우리 생활과 물질,대류 현상에서의 열 이동
초등학교 5학년,1학기,과학,물체,대류 현상에서의 열 이동
초등학교 5학년,1학기,과학,냉장고,대류 현상에서의 열 이동
초등학교 5학년,1학기,과학,온도와 열,대류 현상에서의 열 이동
중학교 2학년,2학기,과학,증발,구름의 생성 과정
중학교 2학년,2학기,과학,구름,구름의 생성 과정
중학교 2학년,2학기,과학,날씨와 우리 생활’,구름의 생성 과정
중학교 2학년,2학기,과학,물의 상태 변화,구름의 생성 과정
중학교 2학년,2학기,과학,생성,구름의 생성 과정
중학교 2학년,2학기,과학,응결,구름의 생성 과정
중학교 2학년,2학기,과학,열대,구름의 생성 과정
초등학교 4학년,2학기,과학,증발,구름의 생성 과정
초등학교 4학년,2학기,과학,구름,구름의 생성 과정
초등학교 4학년,2학기,과학,날씨와 우리 생활’,구름의 생성 과정
초등학교 4학년,2학기,과학,물의 상태 변화,구름의 생성 과정
초등학교 4학년,2학기,과학,생성,구름의 생성 과정
초등학교 4학년,2학기,과학,응결,구름의 생성 과정
초등학교 4학년,2학기,과학,열대,구름의 생성 과정
초등학교 5학년,2학기,과학,증발,구름의 생성 과정
초등학교 5학년,2학기,과학,구름,구름의 생성 과정
초등학교 5학년,2학기,과학,날씨와 우리 생활’,구름의 생성 과정
초등학교 5학년,2학기,과학,물의 상태 변화,구름의 생성 과정
초등학교 5학년,2학기,과학,생성,구름의 생성 과정
초등학교 5학년,2학기,과학,응결,구름의 생성 과정
초등학교 5학년,2학기,과학,열대,구름의 생성 과정
중학교 2학년,2학기,과학,원인,바람이 부는 원인
중학교 2학년,2학기,과학,계절,바람이 부는 원인
중학교 2학년,2학기,과학,날씨와 우리 생활’,바람이 부는 원인
중학교 2학년,2학기,과학,원동력,바람이 부는 원인
중학교 2학년,2학기,과학,물의 상태 변화,바람이 부는 원인
중학교 2학년,2학기,과학,바람,바람이 부는 원인
중학교 2학년,2학기,과학,열용량,바람이 부는 원인
초등학교 4학년,2학기,과학,원인,바람이 부는 원인
초등학교 4학년,2학기,과학,계절,바람이 부는 원인
초등학교 4학년,2학기,과학,날씨와 우리 생활’,바람이 부는 원인
초등학교 4학년,2학기,과학,원동력,바람이 부는 원인
초등학교 4학년,2학기,과학,물의 상태 변화,바람이 부는 원인
초등학교 4학년,2학기,과학,바람,바람이 부는 원인
초등학교 4학년,2학기,과학,열용량,바람이 부는 원인
초등학교 5학년,2학기,과학,원인,바람이 부는 원인
초등학교 5학년,2학기,과학,계절,바람이 부는 원인
초등학교 5학년,2학기,과학,날씨와 우리 생활’,바람이 부는 원인
초등학교 5학년,2학기,과학,원동력,바람이 부는 원인
초등학교 5학년,2학기,과학,물의 상태 변화,바람이 부는 원인
초등학교 5학년,2학기,과학,바람,바람이 부는 원인
초등학교 5학년,2학기,과학,열용량,바람이 부는 원인
중학교 2학년,2학기,과학,기권과 우리 생활,날씨가 우리 생활에 미치는 영향
중학교 2학년,2학기,과학,영향,날씨가 우리 생활에 미치는 영향
중학교 2학년,2학기,과학,날씨와 우리 생활’,날씨가 우리 생활에 미치는 영향
중학교 2학년,2학기,과학,농사,날씨가 우리 생활에 미치는 영향
중학교 2학년,2학기,과학,날씨,날씨가 우리 생활에 미치는 영향
중학교 2학년,2학기,과학,생활,날씨가 우리 생활에 미치는 영향
중학교 2학년,2학기,과학,경영,날씨가 우리 생활에 미치는 영향
초등학교 5학년,2학기,과학,기권과 우리 생활,날씨가 우리 생활에 미치는 영향
초등학교 5학년,2학기,과학,영향,날씨가 우리 생활에 미치는 영향
초등학교 5학년,2학기,과학,날씨와 우리 생활’,날씨가 우리 생활에 미치는 영향
초등학교 5학년,2학기,과학,농사,날씨가 우리 생활에 미치는 영향
초등학교 5학년,2학기,과학,날씨,날씨가 우리 생활에 미치는 영향
초등학교 5학년,2학기,과학,생활,날씨가 우리 생활에 미치는 영향
초등학교 5학년,2학기,과학,경영,날씨가 우리 생활에 미치는 영향
중학교 2학년,1학기,과학,액체와 기체,용해 현상
중학교 2학년,1학기,과학,약수,용해 현상
중학교 2학년,1학기,과학,용해와 용액,용해 현상
중학교 2학년,1학기,과학,용해,용해 현상
중학교 2학년,1학기,과학,정수,용해 현상
초등학교 3학년,1학기,과학,액체와 기체,용해 현상
초등학교 3학년,1학기,과학,약수,용해 현상
초등학교 3학년,1학기,과학,용해와 용액,용해 현상
초등학교 3학년,1학기,과학,용해,용해 현상
초등학교 3학년,1학기,과학,정수,용해 현상
초등학교 5학년,1학기,과학,액체와 기체,용해 현상
초등학교 5학년,1학기,과학,약수,용해 현상
초등학교 5학년,1학기,과학,용해와 용액,용해 현상
초등학교 5학년,1학기,과학,용해,용해 현상
초등학교 5학년,1학기,과학,정수,용해 현상
초등학교 3학년,1학기,과학,농도,용액의 진하기 비교
초등학교 3학년,1학기,과학,진하기,용액의 진하기 비교
초등학교 3학년,1학기,과학,액체와 기체,용액의 진하기 비교
초등학교 3학년,1학기,과학,사해,용액의 진하기 비교
초등학교 3학년,1학기,과학,용해와 용액,용액의 진하기 비교
초등학교 3학년,1학기,과학,바다,용액의 진하기 비교
초등학교 3학년,1학기,과학,소금,용액의 진하기 비교
초등학교 3학년,1학기,과학,비교,용액의 진하기 비교
초등학교 3학년,1학기,과학,용액,용액의 진하기 비교
초등학교 3학년,1학기,과학,신문,용액의 진하기 비교
초등학교 5학년,1학기,과학,농도,용액의 진하기 비교
초등학교 5학년,1학기,과학,진하기,용액의 진하기 비교
초등학교 5학년,1학기,과학,액체와 기체,용액의 진하기 비교
초등학교 5학년,1학기,과학,사해,용액의 진하기 비교
초등학교 5학년,1학기,과학,용해와 용액,용액의 진하기 비교
초등학교 5학년,1학기,과학,바다,용액의 진하기 비교
초등학교 5학년,1학기,과학,소금,용액의 진하기 비교
초등학교 5학년,1학기,과학,비교,용액의 진하기 비교
초등학교 5학년,1학기,과학,용액,용액의 진하기 비교
초등학교 5학년,1학기,과학,신문,용액의 진하기 비교
중학교 2학년,1학기,과학,액체와 기체,온도와 녹는 양 사이의 관계
중학교 2학년,1학기,과학,온도,온도와 녹는 양 사이의 관계
중학교 2학년,1학기,과학,용해와 용액,온도와 녹는 양 사이의 관계
중학교 2학년,1학기,과학,운동에너지,온도와 녹는 양 사이의 관계
중학교 2학년,1학기,과학,설탕,온도와 녹는 양 사이의 관계
초등학교 3학년,1학기,과학,액체와 기체,온도와 녹는 양 사이의 관계
초등학교 3학년,1학기,과학,온도,온도와 녹는 양 사이의 관계
초등학교 3학년,1학기,과학,용해와 용액,온도와 녹는 양 사이의 관계
초등학교 3학년,1학기,과학,운동에너지,온도와 녹는 양 사이의 관계
초등학교 3학년,1학기,과학,설탕,온도와 녹는 양 사이의 관계
초등학교 5학년,1학기,과학,액체와 기체,온도와 녹는 양 사이의 관계
초등학교 5학년,1학기,과학,온도,온도와 녹는 양 사이의 관계
초등학교 5학년,1학기,과학,용해와 용액,온도와 녹는 양 사이의 관계
초등학교 5학년,1학기,과학,운동에너지,온도와 녹는 양 사이의 관계
초등학교 5학년,1학기,과학,설탕,온도와 녹는 양 사이의 관계
중학교 3학년,1학기,과학,밤하늘,계절별 별자리
중학교 3학년,1학기,과학,겨울,계절별 별자리
중학교 3학년,1학기,과학,태양계,계절별 별자리
중학교 3학년,1학기,과학,계절,계절별 별자리
중학교 3학년,1학기,과학,여름,계절별 별자리
중학교 3학년,1학기,과학,별자리,계절별 별자리
중학교 3학년,1학기,과학,지구와 달의 운동,계절별 별자리
중학교 3학년,1학기,과학,가을,계절별 별자리
중학교 3학년,1학기,과학,태양계와 별,계절별 별자리
초등학교 5학년,1학기,과학,밤하늘,계절별 별자리
초등학교 5학년,1학기,과학,겨울,계절별 별자리
초등학교 5학년,1학기,과학,태양계,계절별 별자리
초등학교 5학년,1학기,과학,계절,계절별 별자리
초등학교 5학년,1학기,과학,여름,계절별 별자리
초등학교 5학년,1학기,과학,별자리,계절별 별자리
초등학교 5학년,1학기,과학,지구와 달의 운동,계절별 별자리
초등학교 5학년,1학기,과학,가을,계절별 별자리
초등학교 5학년,1학기,과학,태양계와 별,계절별 별자리
초등학교 6학년,1학기,과학,밤하늘,계절별 별자리
초등학교 6학년,1학기,과학,겨울,계절별 별자리
초등학교 6학년,1학기,과학,태양계,계절별 별자리
초등학교 6학년,1학기,과학,계절,계절별 별자리
초등학교 6학년,1학기,과학,여름,계절별 별자리
초등학교 6학년,1학기,과학,별자리,계절별 별자리
초등학교 6학년,1학기,과학,지구와 달의 운동,계절별 별자리
초등학교 6학년,1학기,과학,가을,계절별 별자리
초등학교 6학년,1학기,과학,태양계와 별,계절별 별자리
중학교 3학년,1학기,과학,신화,별자리의 기원과 신화
중학교 3학년,1학기,과학,태양계,별자리의 기원과 신화
중학교 3학년,1학기,과학,외권과 우주 개발,별자리의 기원과 신화
중학교 3학년,1학기,과학,별자리,별자리의 기원과 신화
중학교 3학년,1학기,과학,관측,별자리의 기원과 신화
중학교 3학년,1학기,과학,지구와 달의 운동,별자리의 기원과 신화
중학교 3학년,1학기,과학,기원,별자리의 기원과 신화
중학교 3학년,1학기,과학,태양계와 별,별자리의 기원과 신화
초등학교 5학년,1학기,과학,신화,별자리의 기원과 신화
초등학교 5학년,1학기,과학,태양계,별자리의 기원과 신화
초등학교 5학년,1학기,과학,외권과 우주 개발,별자리의 기원과 신화
초등학교 5학년,1학기,과학,별자리,별자리의 기원과 신화
초등학교 5학년,1학기,과학,관측,별자리의 기원과 신화
초등학교 5학년,1학기,과학,지구와 달의 운동,별자리의 기원과 신화
초등학교 5학년,1학기,과학,기원,별자리의 기원과 신화
초등학교 5학년,1학기,과학,태양계와 별,별자리의 기원과 신화
초등학교 6학년,1학기,과학,신화,별자리의 기원과 신화
초등학교 6학년,1학기,과학,태양계,별자리의 기원과 신화
초등학교 6학년,1학기,과학,외권과 우주 개발,별자리의 기원과 신화
초등학교 6학년,1학기,과학,별자리,별자리의 기원과 신화
초등학교 6학년,1학기,과학,관측,별자리의 기원과 신화
초등학교 6학년,1학기,과학,지구와 달의 운동,별자리의 기원과 신화
초등학교 6학년,1학기,과학,기원,별자리의 기원과 신화
초등학교 6학년,1학기,과학,태양계와 별,별자리의 기원과 신화
중학교 3학년,1학기,과학,인터스텔라,우주 탐사
중학교 3학년,1학기,과학,우주,우주 탐사
중학교 3학년,1학기,과학,탐사,우주 탐사
중학교 3학년,1학기,과학,태양계,우주 탐사
중학교 3학년,1학기,과학,상대성,우주 탐사
중학교 3학년,1학기,과학,지구와 달의 운동,우주 탐사
중학교 3학년,1학기,과학,웜홀,우주 탐사
중학교 3학년,1학기,과학,태양계와 별,우주 탐사
중학교 3학년,1학기,과학,비밀,우주 탐사
초등학교 5학년,1학기,과학,인터스텔라,우주 탐사
초등학교 5학년,1학기,과학,우주,우주 탐사
초등학교 5학년,1학기,과학,탐사,우주 탐사
초등학교 5학년,1학기,과학,태양계,우주 탐사
초등학교 5학년,1학기,과학,상대성,우주 탐사
초등학교 5학년,1학기,과학,지구와 달의 운동,우주 탐사
초등학교 5학년,1학기,과학,웜홀,우주 탐사
초등학교 5학년,1학기,과학,태양계와 별,우주 탐사
초등학교 5학년,1학기,과학,비밀,우주 탐사
초등학교 6학년,1학기,과학,인터스텔라,우주 탐사
초등학교 6학년,1학기,과학,우주,우주 탐사
초등학교 6학년,1학기,과학,탐사,우주 탐사
초등학교 6학년,1학기,과학,태양계,우주 탐사
초등학교 6학년,1학기,과학,상대성,우주 탐사
초등학교 6학년,1학기,과학,지구와 달의 운동,우주 탐사
초등학교 6학년,1학기,과학,웜홀,우주 탐사
초등학교 6학년,1학기,과학,태양계와 별,우주 탐사
초등학교 6학년,1학기,과학,비밀,우주 탐사
중학교 3학년,1학기,과학,지동설,낮과 밤이 생기는 까닭
중학교 3학년,1학기,과학,자전,낮과 밤이 생기는 까닭
중학교 3학년,1학기,과학,태양,낮과 밤이 생기는 까닭
중학교 3학년,1학기,과학,공전,낮과 밤이 생기는 까닭
중학교 3학년,1학기,과학,행성,낮과 밤이 생기는 까닭
중학교 3학년,1학기,과학,지구와 달의 운동,낮과 밤이 생기는 까닭
중학교 3학년,1학기,과학,태양계와 별,낮과 밤이 생기는 까닭
중학교 3학년,1학기,과학,천동설,낮과 밤이 생기는 까닭
중학교 3학년,1학기,과학,지구,낮과 밤이 생기는 까닭
초등학교 5학년,1학기,과학,지동설,낮과 밤이 생기는 까닭
초등학교 5학년,1학기,과학,자전,낮과 밤이 생기는 까닭
초등학교 5학년,1학기,과학,태양,낮과 밤이 생기는 까닭
초등학교 5학년,1학기,과학,공전,낮과 밤이 생기는 까닭
초등학교 5학년,1학기,과학,행성,낮과 밤이 생기는 까닭
초등학교 5학년,1학기,과학,지구와 달의 운동,낮과 밤이 생기는 까닭
초등학교 5학년,1학기,과학,태양계와 별,낮과 밤이 생기는 까닭
초등학교 5학년,1학기,과학,천동설,낮과 밤이 생기는 까닭
초등학교 5학년,1학기,과학,지구,낮과 밤이 생기는 까닭
초등학교 6학년,1학기,과학,지동설,낮과 밤이 생기는 까닭
초등학교 6학년,1학기,과학,자전,낮과 밤이 생기는 까닭
초등학교 6학년,1학기,과학,태양,낮과 밤이 생기는 까닭
초등학교 6학년,1학기,과학,공전,낮과 밤이 생기는 까닭
초등학교 6학년,1학기,과학,행성,낮과 밤이 생기는 까닭
초등학교 6학년,1학기,과학,지구와 달의 운동,낮과 밤이 생기는 까닭
초등학교 6학년,1학기,과학,태양계와 별,낮과 밤이 생기는 까닭
초등학교 6학년,1학기,과학,천동설,낮과 밤이 생기는 까닭
초등학교 6학년,1학기,과학,지구,낮과 밤이 생기는 까닭
중학교 3학년,1학기,과학,태양계,계절에 따라 별자리가 다른 까닭
중학교 3학년,1학기,과학,계절,계절에 따라 별자리가 다른 까닭
중학교 3학년,1학기,과학,외권과 우주 개발,계절에 따라 별자리가 다른 까닭
중학교 3학년,1학기,과학,별자리,계절에 따라 별자리가 다른 까닭
중학교 3학년,1학기,과학,지구와 달의 운동,계절에 따라 별자리가 다른 까닭
중학교 3학년,1학기,과학,태양계와 별,계절에 따라 별자리가 다른 까닭
중학교 3학년,1학기,과학,별자,계절에 따라 별자리가 다른 까닭
초등학교 5학년,1학기,과학,태양계,계절에 따라 별자리가 다른 까닭
초등학교 5학년,1학기,과학,계절,계절에 따라 별자리가 다른 까닭
초등학교 5학년,1학기,과학,외권과 우주 개발,계절에 따라 별자리가 다른 까닭
초등학교 5학년,1학기,과학,별자리,계절에 따라 별자리가 다른 까닭
초등학교 5학년,1학기,과학,지구와 달의 운동,계절에 따라 별자리가 다른 까닭
초등학교 5학년,1학기,과학,태양계와 별,계절에 따라 별자리가 다른 까닭
초등학교 5학년,1학기,과학,별자,계절에 따라 별자리가 다른 까닭
초등학교 6학년,1학기,과학,태양계,계절에 따라 별자리가 다른 까닭
초등학교 6학년,1학기,과학,계절,계절에 따라 별자리가 다른 까닭
초등학교 6학년,1학기,과학,외권과 우주 개발,계절에 따라 별자리가 다른 까닭
초등학교 6학년,1학기,과학,별자리,계절에 따라 별자리가 다른 까닭
초등학교 6학년,1학기,과학,지구와 달의 운동,계절에 따라 별자리가 다른 까닭
초등학교 6학년,1학기,과학,태양계와 별,계절에 따라 별자리가 다른 까닭
초등학교 6학년,1학기,과학,별자,계절에 따라 별자리가 다른 까닭
중학교 1학년,공통,과학,"지구와 달의 운동, 태양계, 태양계의 이해, 수권의 구성과 순환,  ,   ,  ,   ,  ,   , 지구, 달",신비한 바다 갈라짐
중학교 3학년,공통,과학,"지구와 달의 운동, 태양계, 태양계의 이해, 수권의 구성과 순환,  ,   ,  ,   ,  ,   , 지구, 달",신비한 바다 갈라짐
초등학교 6학년,공통,과학,"지구와 달의 운동, 태양계, 태양계의 이해, 수권의 구성과 순환,  ,   ,  ,   ,  ,   , 지구, 달",신비한 바다 갈라짐
초등학교 4학년,2학기,과학,지구와 달,달 탐사선 우주인의 생활
초등학교 4학년,2학기,과학,우주 비행사,달 탐사선 우주인의 생활
초등학교 4학년,2학기,과학,탐사선,달 탐사선 우주인의 생활
초등학교 4학년,2학기,과학,우주인,달 탐사선 우주인의 생활
초등학교 4학년,2학기,과학,지구,달 탐사선 우주인의 생활
초등학교 4학년,공통,과학,소성,Hooke의 법칙
초등학교 4학년,공통,과학,무게 재기,Hooke의 법칙
초등학교 4학년,공통,과학,탄성력의 크기에 영향을 주는 것,Hooke의 법칙
초등학교 4학년,공통,과학,탄성력,Hooke의 법칙
초등학교 4학년,공통,과학,Hooke의 법칙,Hooke의 법칙
초등학교 4학년,공통,과학,무게,Hooke의 법칙
초등학교 4학년,공통,과학,탄성력의 크기,Hooke의 법칙
초등학교 4학년,공통,과학,탄성 계수,Hooke의 법칙
초등학교 4학년,공통,과학,훅의 법칙,Hooke의 법칙
초등학교 4학년,공통,과학,용수철 상수,Hooke의 법칙
초등학교 4학년,공통,과학,로버트 훅,Hooke의 법칙
초등학교 4학년,공통,과학,탄성 한계,Hooke의 법칙
초등학교 4학년,공통,과학,무게 재기,탄성의 이용
초등학교 4학년,공통,과학,무게 재기,탄성의 이용
초등학교 4학년,공통,과학,탄성을 이용하는 물체,탄성의 이용
초등학교 4학년,공통,과학,용수철 저울,탄성의 이용
초등학교 4학년,공통,과학,탄성의 이용,탄성의 이용
초등학교 4학년,공통,과학,용수철 저울 사용 방법,탄성의 이용
초등학교 4학년,공통,과학,힘과 운동,탄성의 이용
초등학교 3학년,공통,과학,현미경의 역사,현미경의 역사
초등학교 3학년,공통,과학,작은 생물의 세계,현미경의 역사
초등학교 3학년,공통,과학,작은 생,현미경의 역사
초등학교 3학년,공통,과학,최초의 현미경,현미경의 역사
초등학교 3학년,공통,과학,동물의 세계,현미경의 역사
초등학교 3학년,공통,과학,동물의 시계,현미경의 역사
초등학교 3학년,공통,과학,현미경의 발전,현미경의 역사
초등학교 3학년,공통,과학,현미경의 발명,현미경의 역사
초등학교 3학년,공통,과학,현미경,현미경의 역사
초등학교 5학년,공통,과학,현미경의 역사,현미경의 역사
초등학교 5학년,공통,과학,작은 생물의 세계,현미경의 역사
초등학교 5학년,공통,과학,작은 생,현미경의 역사
초등학교 5학년,공통,과학,최초의 현미경,현미경의 역사
초등학교 5학년,공통,과학,동물의 세계,현미경의 역사
초등학교 5학년,공통,과학,동물의 시계,현미경의 역사
초등학교 5학년,공통,과학,현미경의 발전,현미경의 역사
초등학교 5학년,공통,과학,현미경의 발명,현미경의 역사
초등학교 5학년,공통,과학,현미경,현미경의 역사
초등학교 3학년,공통,과학,균일 혼합물,혼합물이란
초등학교 3학년,공통,과학,혈액,혼합물이란
초등학교 3학년,공통,과학,혼합물의 분리,혼합물이란
초등학교 3학년,공통,과학,혼합물의 분리,혼합물이란
초등학교 3학년,공통,과학,혼합물,혼합물이란
초등학교 3학년,공통,과학,불균일 혼합물,혼합물이란
초등학교 3학년,공통,과학,순물질,혼합물이란
초등학교 3학년,공통,과학,콘크리트,혼합물이란
초등학교 3학년,공통,과학,혈액을 구성하는 물질들,혼합물이란
초등학교 3학년,공통,과학,암석,혼합물이란
초등학교 3학년,공통,과학,우리 주변의 혼합물,혼합물이란
초등학교 3학년,공통,과학,공기,혼합물이란
초등학교 3학년,공통,과학,대추 선별기,고체 혼합물의 분리
초등학교 3학년,공통,과학,자석을 이용한 혼합물 분리,고체 혼합물의 분리
초등학교 3학년,공통,과학,고체 혼합물의 분리,고체 혼합물의 분리
초등학교 3학년,공통,과학,철 캔과 알루미늄캔 분리,고체 혼합물의 분리
초등학교 3학년,공통,과학,혼합물의 분리,고체 혼합물의 분리
초등학교 3학년,공통,과학,혼합물,고체 혼합물의 분리
초등학교 3학년,공통,과학,체를 이용한 혼합물 분리,고체 혼합물의 분리
초등학교 3학년,공통,과학,소금과 깨의 분리,고체 혼합물의 분리
중학교 1학년,공통,과학,바다,해양 자원 개발
중학교 1학년,공통,과학,해양,해양 자원 개발
중학교 1학년,공통,과학,다양한 해양 자원,해양 자원 개발
중학교 1학년,공통,과학,지구계와 지권의 변화,해양 자원 개발
중학교 1학년,공통,과학,광물,해양 자원 개발
중학교 1학년,공통,과학,자원,해양 자원 개발
초등학교 5학년,공통,과학,열기구의 모습,대류의 이용
초등학교 5학년,공통,과학,에어컨과 난로의 위치,대류의 이용
초등학교 5학년,공통,과학,공기의 이동,대류의 이용
초등학교 5학년,공통,과학,온도와 열,대류의 이용
초등학교 5학년,공통,과학,열기구 조종 방법,대류의 이용
초등학교 5학년,공통,과학,대류의 이용,대류의 이용
초등학교 5학년,공통,과학,열과 우리 생활,대류의 이용
초등학교 5학년,공통,과학,미지근한 물 만들기,대류의 이용
초등학교 5학년,공통,과학,온도와 열,대류의 이용
초등학교 5학년,공통,과학,열과 우리 생,대류란 무엇인가
초등학교 5학년,공통,과학,열 이동하는 방법,대류란 무엇인가
초등학교 5학년,공통,과학,대류 현상 확인할 수 있는 실험,대류란 무엇인가
초등학교 5학년,공통,과학,대류,대류란 무엇인가
초등학교 5학년,공통,과학,복사,대류란 무엇인가
초등학교 5학년,공통,과학,온도와 열,대류란 무엇인가
초등학교 5학년,공통,과학,유체에서 열이 이동하는 방법,대류란 무엇인가
초등학교 5학년,공통,과학,전도,대류란 무엇인가
초등학교 5학년,공통,과학,온도와 열,대류란 무엇인가
초등학교 3학년,1학기,과학,한 살이,곤충의 한살이 관찰 계획
초등학교 3학년,1학기,과학,연구,곤충의 한살이 관찰 계획
초등학교 3학년,1학기,과학,관찰,곤충의 한살이 관찰 계획
초등학교 3학년,1학기,과학,파브르,곤충의 한살이 관찰 계획
초등학교 3학년,1학기,과학,경험주의,곤충의 한살이 관찰 계획
초등학교 3학년,1학기,과학,동물의 한살이,곤충의 한살이 관찰 계획
초등학교 3학년,1학기,과학,자연,곤충의 한살이 관찰 계획
초등학교 3학년,1학기,과학,곤충,곤충의 한살이 관찰 계획
중학교 3학년,1학기,과학,암컷,곤충의 번식 과정
중학교 3학년,1학기,과학,번식,곤충의 번식 과정
중학교 3학년,1학기,과학,수컷,곤충의 번식 과정
중학교 3학년,1학기,과학,산란,곤충의 번식 과정
중학교 3학년,1학기,과학,동물의 한살이,곤충의 번식 과정
중학교 3학년,1학기,과학,짝짓기,곤충의 번식 과정
중학교 3학년,1학기,과학,부성애,곤충의 번식 과정
중학교 3학년,1학기,과학,모성애,곤충의 번식 과정
중학교 3학년,1학기,과학,생식과 발생,곤충의 번식 과정
중학교 3학년,1학기,과학,곤충,곤충의 번식 과정
초등학교 3학년,1학기,과학,암컷,곤충의 번식 과정
초등학교 3학년,1학기,과학,번식,곤충의 번식 과정
초등학교 3학년,1학기,과학,수컷,곤충의 번식 과정
초등학교 3학년,1학기,과학,산란,곤충의 번식 과정
초등학교 3학년,1학기,과학,동물의 한살이,곤충의 번식 과정
초등학교 3학년,1학기,과학,짝짓기,곤충의 번식 과정
초등학교 3학년,1학기,과학,부성애,곤충의 번식 과정
초등학교 3학년,1학기,과학,모성애,곤충의 번식 과정
초등학교 3학년,1학기,과학,생식과 발생,곤충의 번식 과정
초등학교 3학년,1학기,과학,곤충,곤충의 번식 과정
중학교 1학년,공통,과학,디지털 기기의 중력 센서,중력의 영향
중학교 1학년,공통,과학,감지 장치,중력의 영향
중학교 1학년,공통,과학,감지,중력의 영향
중학교 1학년,공통,과학,힘과 운동,중력의 영향
중학교 1학년,공통,과학,중력,중력의 영향
중학교 1학년,공통,과학,다양한 센서의 발달,중력의 영향
중학교 1학년,공통,과학,스마트폰,중력의 영향
초등학교 3학년,공통,과학,달의 생김새,달의 생김새
초등학교 3학년,공통,과학,크레이터,달의 생김새
초등학교 3학년,공통,과학,지구와 달,달의 생김새
초등학교 3학년,공통,과학,달의 모습,달의 생김새
초등학교 3학년,공통,과학,달의 바다,달의 생김새
초등학교 3학년,공통,과학,달의 모양 변화,달의 생김새
초등학교 3학년,공통,과학,달의 육지,달의 생김새
초등학교 3학년,공통,과학,지구에서 보았을 때 달의 모양이 바뀌는 이유,달의 생김새
초등학교 3학년,공통,과학,달의 낮과 밤,달의 생김새
초등학교 3학년,공통,과학,달의 탄생,달의 생김새
초등학교 3학년,공통,과학,지구와 달의 공통점,지구와 달의 공통점과 차이점
초등학교 3학년,공통,과학,지구와 달,지구와 달의 공통점과 차이점
초등학교 3학년,공통,과학,지구와 달에서 보는 하늘,지구와 달의 공통점과 차이점
초등학교 3학년,공통,과학,지구와 달,지구와 달의 공통점과 차이점
초등학교 3학년,공통,과학,지구와 달의 차이점,지구와 달의 공통점과 차이점
초등학교 3학년,공통,과학,지구와 달,지구와 달의 공통점과 차이점
초등학교 3학년,공통,과학,달의 표면,지구와 달의 공통점과 차이점
초등학교 3학년,공통,과학,지구의 표면,지구와 달의 공통점과 차이점
초등학교 4학년,공통,과학,지구와 달의 공통점,지구와 달의 공통점과 차이점
초등학교 4학년,공통,과학,지구와 달,지구와 달의 공통점과 차이점
초등학교 4학년,공통,과학,지구와 달에서 보는 하늘,지구와 달의 공통점과 차이점
초등학교 4학년,공통,과학,지구와 달,지구와 달의 공통점과 차이점
초등학교 4학년,공통,과학,지구와 달의 차이점,지구와 달의 공통점과 차이점
초등학교 4학년,공통,과학,지구와 달,지구와 달의 공통점과 차이점
초등학교 4학년,공통,과학,달의 표면,지구와 달의 공통점과 차이점
초등학교 4학년,공통,과학,지구의 표면,지구와 달의 공통점과 차이점
초등학교 4학년,2학기,과학,행성,달의 생김새
초등학교 4학년,2학기,과학,지구와 달,달의 생김새
초등학교 4학년,2학기,과학,발자국,달의 생김새
초등학교 4학년,2학기,과학,공기,달의 생김새
